timestamp,tokens,balances,lastChangeBlock,rate,lp_token_total_supply,invariant_data,protocol_swap_fee_percent,block,lastInvariant,amplificationParameter,unscaled_invariant,delta,scaled_invariant,lp_token_virtual_price,pool_balance_0,pool_balance_1,pool_balance_market_0,pool_balance_market_1,market_eth_tvl,pool_balance_market_portion_0,pool_balance_market_portion_1,lp_token_market_eth_value,pool_balance_equilibrium_0,pool_balance_equilibrium_1,equilibrium_eth_tvl,pool_balance_equilibrium_portion_0,pool_balance_equilibrium_portion_1,lp_token_equilibrium_eth_value,lp_token_discount_percent,raw_base_apr,raw_fee_apr,incentive_apr,raw_price_apr,pool_address
2022-01-02,"['0xae78736Cd615f374D3085123A210448E74Fc6393', '0xC02aaA39b223FE8D0A0e5C4F27eAD9083C756Cc2']",,,,,,,,,,,,,,,,,,,,,,,,,,,,,,,,,0x1E19CF2D73a72Ef1332C882F20534B6519Be0276
2022-01-03,"['0xae78736Cd615f374D3085123A210448E74Fc6393', '0xC02aaA39b223FE8D0A0e5C4F27eAD9083C756Cc2']",,,,,,,,,,,,,,,,,,,,,,,,,,,,,,,,,0x1E19CF2D73a72Ef1332C882F20534B6519Be0276
2022-01-04,"['0xae78736Cd615f374D3085123A210448E74Fc6393', '0xC02aaA39b223FE8D0A0e5C4F27eAD9083C756Cc2']",,,,,,,,,,,,,,,,,,,,,,,,,,,,,,,,,0x1E19CF2D73a72Ef1332C882F20534B6519Be0276
2022-01-05,"['0xae78736Cd615f374D3085123A210448E74Fc6393', '0xC02aaA39b223FE8D0A0e5C4F27eAD9083C756Cc2']",,,,,,,,,,,,,,,,,,,,,,,,,,,,,,,,,0x1E19CF2D73a72Ef1332C882F20534B6519Be0276
2022-01-06,"['0xae78736Cd615f374D3085123A210448E74Fc6393', '0xC02aaA39b223FE8D0A0e5C4F27eAD9083C756Cc2']",,,,,,,,,,,,,,,,,,,,,,,,,,,,,,,,,0x1E19CF2D73a72Ef1332C882F20534B6519Be0276
2022-01-07,"['0xae78736Cd615f374D3085123A210448E74Fc6393', '0xC02aaA39b223FE8D0A0e5C4F27eAD9083C756Cc2']",,,,,,,,,,,,,,,,,,,,,,,,,,,,,,,,,0x1E19CF2D73a72Ef1332C882F20534B6519Be0276
2022-01-08,"['0xae78736Cd615f374D3085123A210448E74Fc6393', '0xC02aaA39b223FE8D0A0e5C4F27eAD9083C756Cc2']",,,,,,,,,,,,,,,,,,,,,,,,,,,,,,,,,0x1E19CF2D73a72Ef1332C882F20534B6519Be0276
2022-01-09,"['0xae78736Cd615f374D3085123A210448E74Fc6393', '0xC02aaA39b223FE8D0A0e5C4F27eAD9083C756Cc2']",,,,,,,,,,,,,,,,,,,,,,,,,,,,,,,,,0x1E19CF2D73a72Ef1332C882F20534B6519Be0276
2022-01-10,"['0xae78736Cd615f374D3085123A210448E74Fc6393', '0xC02aaA39b223FE8D0A0e5C4F27eAD9083C756Cc2']",,,,,,,,,,,,,,,,,,,,,,,,,,,,,,,,,0x1E19CF2D73a72Ef1332C882F20534B6519Be0276
2022-01-11,"['0xae78736Cd615f374D3085123A210448E74Fc6393', '0xC02aaA39b223FE8D0A0e5C4F27eAD9083C756Cc2']",,,,,,,,,,,,,,,,,,,,,,,,,,,,,,,,,0x1E19CF2D73a72Ef1332C882F20534B6519Be0276
2022-01-12,"['0xae78736Cd615f374D3085123A210448E74Fc6393', '0xC02aaA39b223FE8D0A0e5C4F27eAD9083C756Cc2']",,,,,,,,,,,,,,,,,,,,,,,,,,,,,,,,,0x1E19CF2D73a72Ef1332C882F20534B6519Be0276
2022-01-13,"['0xae78736Cd615f374D3085123A210448E74Fc6393', '0xC02aaA39b223FE8D0A0e5C4F27eAD9083C756Cc2']",,,,,,,,,,,,,,,,,,,,,,,,,,,,,,,,,0x1E19CF2D73a72Ef1332C882F20534B6519Be0276
2022-01-14,"['0xae78736Cd615f374D3085123A210448E74Fc6393', '0xC02aaA39b223FE8D0A0e5C4F27eAD9083C756Cc2']",,,,,,,,,,,,,,,,,,,,,,,,,,,,,,,,,0x1E19CF2D73a72Ef1332C882F20534B6519Be0276
2022-01-15,"['0xae78736Cd615f374D3085123A210448E74Fc6393', '0xC02aaA39b223FE8D0A0e5C4F27eAD9083C756Cc2']",,,,,,,,,,,,,,,,,,,,,,,,,,,,,,,,,0x1E19CF2D73a72Ef1332C882F20534B6519Be0276
2022-01-16,"['0xae78736Cd615f374D3085123A210448E74Fc6393', '0xC02aaA39b223FE8D0A0e5C4F27eAD9083C756Cc2']",,,,,,,,,,,,,,,,,,,,,,,,,,,,,,,,,0x1E19CF2D73a72Ef1332C882F20534B6519Be0276
2022-01-17,"['0xae78736Cd615f374D3085123A210448E74Fc6393', '0xC02aaA39b223FE8D0A0e5C4F27eAD9083C756Cc2']",,,,,,,,,,,,,,,,,,,,,,,,,,,,,,,,,0x1E19CF2D73a72Ef1332C882F20534B6519Be0276
2022-01-18,"['0xae78736Cd615f374D3085123A210448E74Fc6393', '0xC02aaA39b223FE8D0A0e5C4F27eAD9083C756Cc2']",,,,,,,,,,,,,,,,,,,,,,,,,,,,,,,,,0x1E19CF2D73a72Ef1332C882F20534B6519Be0276
2022-01-19,"['0xae78736Cd615f374D3085123A210448E74Fc6393', '0xC02aaA39b223FE8D0A0e5C4F27eAD9083C756Cc2']",,,,,,,,,,,,,,,,,,,,,,,,,,,,,,,,,0x1E19CF2D73a72Ef1332C882F20534B6519Be0276
2022-01-20,"['0xae78736Cd615f374D3085123A210448E74Fc6393', '0xC02aaA39b223FE8D0A0e5C4F27eAD9083C756Cc2']",,,,,,,,,,,,,,,,,,,,,,,,,,,,,,,,,0x1E19CF2D73a72Ef1332C882F20534B6519Be0276
2022-01-21,"['0xae78736Cd615f374D3085123A210448E74Fc6393', '0xC02aaA39b223FE8D0A0e5C4F27eAD9083C756Cc2']",,,,,,,,,,,,,,,,,,,,,,,,,,,,,,,,,0x1E19CF2D73a72Ef1332C882F20534B6519Be0276
2022-01-22,"['0xae78736Cd615f374D3085123A210448E74Fc6393', '0xC02aaA39b223FE8D0A0e5C4F27eAD9083C756Cc2']",,,,,,,,,,,,,,,,,,,,,,,,,,,,,,,,,0x1E19CF2D73a72Ef1332C882F20534B6519Be0276
2022-01-23,"['0xae78736Cd615f374D3085123A210448E74Fc6393', '0xC02aaA39b223FE8D0A0e5C4F27eAD9083C756Cc2']",,,,,,,,,,,,,,,,,,,,,,,,,,,,,,,,,0x1E19CF2D73a72Ef1332C882F20534B6519Be0276
2022-01-24,"['0xae78736Cd615f374D3085123A210448E74Fc6393', '0xC02aaA39b223FE8D0A0e5C4F27eAD9083C756Cc2']",,,,,,,,,,,,,,,,,,,,,,,,,,,,,,,,,0x1E19CF2D73a72Ef1332C882F20534B6519Be0276
2022-01-25,"['0xae78736Cd615f374D3085123A210448E74Fc6393', '0xC02aaA39b223FE8D0A0e5C4F27eAD9083C756Cc2']",,,,,,,,,,,,,,,,,,,,,,,,,,,,,,,,,0x1E19CF2D73a72Ef1332C882F20534B6519Be0276
2022-01-26,"['0xae78736Cd615f374D3085123A210448E74Fc6393', '0xC02aaA39b223FE8D0A0e5C4F27eAD9083C756Cc2']",,,,,,,,,,,,,,,,,,,,,,,,,,,,,,,,,0x1E19CF2D73a72Ef1332C882F20534B6519Be0276
2022-01-27,"['0xae78736Cd615f374D3085123A210448E74Fc6393', '0xC02aaA39b223FE8D0A0e5C4F27eAD9083C756Cc2']",,,,,,,,,,,,,,,,,,,,,,,,,,,,,,,,,0x1E19CF2D73a72Ef1332C882F20534B6519Be0276
2022-01-28,"['0xae78736Cd615f374D3085123A210448E74Fc6393', '0xC02aaA39b223FE8D0A0e5C4F27eAD9083C756Cc2']",,,,,,,,,,,,,,,,,,,,,,,,,,,,,,,,,0x1E19CF2D73a72Ef1332C882F20534B6519Be0276
2022-01-29,"['0xae78736Cd615f374D3085123A210448E74Fc6393', '0xC02aaA39b223FE8D0A0e5C4F27eAD9083C756Cc2']",,,,,,,,,,,,,,,,,,,,,,,,,,,,,,,,,0x1E19CF2D73a72Ef1332C882F20534B6519Be0276
2022-01-30,"['0xae78736Cd615f374D3085123A210448E74Fc6393', '0xC02aaA39b223FE8D0A0e5C4F27eAD9083C756Cc2']",,,,,,,,,,,,,,,,,,,,,,,,,,,,,,,,,0x1E19CF2D73a72Ef1332C882F20534B6519Be0276
2022-01-31,"['0xae78736Cd615f374D3085123A210448E74Fc6393', '0xC02aaA39b223FE8D0A0e5C4F27eAD9083C756Cc2']",,,,,,,,,,,,,,,,,,,,,,,,,,,,,,,,,0x1E19CF2D73a72Ef1332C882F20534B6519Be0276
2022-02-01,"['0xae78736Cd615f374D3085123A210448E74Fc6393', '0xC02aaA39b223FE8D0A0e5C4F27eAD9083C756Cc2']",,,,,,,,,,,,,,,,,,,,,,,,,,,,,,,,,0x1E19CF2D73a72Ef1332C882F20534B6519Be0276
2022-02-02,"['0xae78736Cd615f374D3085123A210448E74Fc6393', '0xC02aaA39b223FE8D0A0e5C4F27eAD9083C756Cc2']",,,,,,,,,,,,,,,,,,,,,,,,,,,,,,,,,0x1E19CF2D73a72Ef1332C882F20534B6519Be0276
2022-02-03,"['0xae78736Cd615f374D3085123A210448E74Fc6393', '0xC02aaA39b223FE8D0A0e5C4F27eAD9083C756Cc2']",,,,,,,,,,,,,,,,,,,,,,,,,,,,,,,,,0x1E19CF2D73a72Ef1332C882F20534B6519Be0276
2022-02-04,"['0xae78736Cd615f374D3085123A210448E74Fc6393', '0xC02aaA39b223FE8D0A0e5C4F27eAD9083C756Cc2']",,,,,,,,,,,,,,,,,,,,,,,,,,,,,,,,,0x1E19CF2D73a72Ef1332C882F20534B6519Be0276
2022-02-05,"['0xae78736Cd615f374D3085123A210448E74Fc6393', '0xC02aaA39b223FE8D0A0e5C4F27eAD9083C756Cc2']",,,,,,,,,,,,,,,,,,,,,,,,,,,,,,,,,0x1E19CF2D73a72Ef1332C882F20534B6519Be0276
2022-02-06,"['0xae78736Cd615f374D3085123A210448E74Fc6393', '0xC02aaA39b223FE8D0A0e5C4F27eAD9083C756Cc2']",,,,,,,,,,,,,,,,,,,,,,,,,,,,,,,,,0x1E19CF2D73a72Ef1332C882F20534B6519Be0276
2022-02-07,"['0xae78736Cd615f374D3085123A210448E74Fc6393', '0xC02aaA39b223FE8D0A0e5C4F27eAD9083C756Cc2']",,,,,,,,,,,,,,,,,,,,,,,,,,,,,,,,,0x1E19CF2D73a72Ef1332C882F20534B6519Be0276
2022-02-08,"['0xae78736Cd615f374D3085123A210448E74Fc6393', '0xC02aaA39b223FE8D0A0e5C4F27eAD9083C756Cc2']",,,,,,,,,,,,,,,,,,,,,,,,,,,,,,,,,0x1E19CF2D73a72Ef1332C882F20534B6519Be0276
2022-02-09,"['0xae78736Cd615f374D3085123A210448E74Fc6393', '0xC02aaA39b223FE8D0A0e5C4F27eAD9083C756Cc2']",,,,,,,,,,,,,,,,,,,,,,,,,,,,,,,,,0x1E19CF2D73a72Ef1332C882F20534B6519Be0276
2022-02-10,"['0xae78736Cd615f374D3085123A210448E74Fc6393', '0xC02aaA39b223FE8D0A0e5C4F27eAD9083C756Cc2']",,,,,,,,,,,,,,,,,,,,,,,,,,,,,,,,,0x1E19CF2D73a72Ef1332C882F20534B6519Be0276
2022-02-11,"['0xae78736Cd615f374D3085123A210448E74Fc6393', '0xC02aaA39b223FE8D0A0e5C4F27eAD9083C756Cc2']",,,,,,,,,,,,,,,,,,,,,,,,,,,,,,,,,0x1E19CF2D73a72Ef1332C882F20534B6519Be0276
2022-02-12,"['0xae78736Cd615f374D3085123A210448E74Fc6393', '0xC02aaA39b223FE8D0A0e5C4F27eAD9083C756Cc2']",,,,,,,,,,,,,,,,,,,,,,,,,,,,,,,,,0x1E19CF2D73a72Ef1332C882F20534B6519Be0276
2022-02-13,"['0xae78736Cd615f374D3085123A210448E74Fc6393', '0xC02aaA39b223FE8D0A0e5C4F27eAD9083C756Cc2']",,,,,,,,,,,,,,,,,,,,,,,,,,,,,,,,,0x1E19CF2D73a72Ef1332C882F20534B6519Be0276
2022-02-14,"['0xae78736Cd615f374D3085123A210448E74Fc6393', '0xC02aaA39b223FE8D0A0e5C4F27eAD9083C756Cc2']",,,,,,,,,,,,,,,,,,,,,,,,,,,,,,,,,0x1E19CF2D73a72Ef1332C882F20534B6519Be0276
2022-02-15,"['0xae78736Cd615f374D3085123A210448E74Fc6393', '0xC02aaA39b223FE8D0A0e5C4F27eAD9083C756Cc2']",,,,,,,,,,,,,,,,,,,,,,,,,,,,,,,,,0x1E19CF2D73a72Ef1332C882F20534B6519Be0276
2022-02-16,"['0xae78736Cd615f374D3085123A210448E74Fc6393', '0xC02aaA39b223FE8D0A0e5C4F27eAD9083C756Cc2']",,,,,,,,,,,,,,,,,,,,,,,,,,,,,,,,,0x1E19CF2D73a72Ef1332C882F20534B6519Be0276
2022-02-17,"['0xae78736Cd615f374D3085123A210448E74Fc6393', '0xC02aaA39b223FE8D0A0e5C4F27eAD9083C756Cc2']",,,,,,,,,,,,,,,,,,,,,,,,,,,,,,,,,0x1E19CF2D73a72Ef1332C882F20534B6519Be0276
2022-02-18,"['0xae78736Cd615f374D3085123A210448E74Fc6393', '0xC02aaA39b223FE8D0A0e5C4F27eAD9083C756Cc2']",,,,,,,,,,,,,,,,,,,,,,,,,,,,,,,,,0x1E19CF2D73a72Ef1332C882F20534B6519Be0276
2022-02-19,"['0xae78736Cd615f374D3085123A210448E74Fc6393', '0xC02aaA39b223FE8D0A0e5C4F27eAD9083C756Cc2']",,,,,,,,,,,,,,,,,,,,,,,,,,,,,,,,,0x1E19CF2D73a72Ef1332C882F20534B6519Be0276
2022-02-20,"['0xae78736Cd615f374D3085123A210448E74Fc6393', '0xC02aaA39b223FE8D0A0e5C4F27eAD9083C756Cc2']",,,,,,,,,,,,,,,,,,,,,,,,,,,,,,,,,0x1E19CF2D73a72Ef1332C882F20534B6519Be0276
2022-02-21,"['0xae78736Cd615f374D3085123A210448E74Fc6393', '0xC02aaA39b223FE8D0A0e5C4F27eAD9083C756Cc2']",,,,,,,,,,,,,,,,,,,,,,,,,,,,,,,,,0x1E19CF2D73a72Ef1332C882F20534B6519Be0276
2022-02-22,"['0xae78736Cd615f374D3085123A210448E74Fc6393', '0xC02aaA39b223FE8D0A0e5C4F27eAD9083C756Cc2']",,,,,,,,,,,,,,,,,,,,,,,,,,,,,,,,,0x1E19CF2D73a72Ef1332C882F20534B6519Be0276
2022-02-23,"['0xae78736Cd615f374D3085123A210448E74Fc6393', '0xC02aaA39b223FE8D0A0e5C4F27eAD9083C756Cc2']",,,,,,,,,,,,,,,,,,,,,,,,,,,,,,,,,0x1E19CF2D73a72Ef1332C882F20534B6519Be0276
2022-02-24,"['0xae78736Cd615f374D3085123A210448E74Fc6393', '0xC02aaA39b223FE8D0A0e5C4F27eAD9083C756Cc2']",,,,,,,,,,,,,,,,,,,,,,,,,,,,,,,,,0x1E19CF2D73a72Ef1332C882F20534B6519Be0276
2022-02-25,"['0xae78736Cd615f374D3085123A210448E74Fc6393', '0xC02aaA39b223FE8D0A0e5C4F27eAD9083C756Cc2']",,,,,,,,,,,,,,,,,,,,,,,,,,,,,,,,,0x1E19CF2D73a72Ef1332C882F20534B6519Be0276
2022-02-26,"['0xae78736Cd615f374D3085123A210448E74Fc6393', '0xC02aaA39b223FE8D0A0e5C4F27eAD9083C756Cc2']",,,,,,,,,,,,,,,,,,,,,,,,,,,,,,,,,0x1E19CF2D73a72Ef1332C882F20534B6519Be0276
2022-02-27,"['0xae78736Cd615f374D3085123A210448E74Fc6393', '0xC02aaA39b223FE8D0A0e5C4F27eAD9083C756Cc2']",,,,,,,,,,,,,,,,,,,,,,,,,,,,,,,,,0x1E19CF2D73a72Ef1332C882F20534B6519Be0276
2022-02-28,"['0xae78736Cd615f374D3085123A210448E74Fc6393', '0xC02aaA39b223FE8D0A0e5C4F27eAD9083C756Cc2']",,,,,,,,,,,,,,,,,,,,,,,,,,,,,,,,,0x1E19CF2D73a72Ef1332C882F20534B6519Be0276
2022-03-01,"['0xae78736Cd615f374D3085123A210448E74Fc6393', '0xC02aaA39b223FE8D0A0e5C4F27eAD9083C756Cc2']",,,,,,,,,,,,,,,,,,,,,,,,,,,,,,,,,0x1E19CF2D73a72Ef1332C882F20534B6519Be0276
2022-03-02,"['0xae78736Cd615f374D3085123A210448E74Fc6393', '0xC02aaA39b223FE8D0A0e5C4F27eAD9083C756Cc2']",,,,,,,,,,,,,,,,,,,,,,,,,,,,,,,,,0x1E19CF2D73a72Ef1332C882F20534B6519Be0276
2022-03-03,"['0xae78736Cd615f374D3085123A210448E74Fc6393', '0xC02aaA39b223FE8D0A0e5C4F27eAD9083C756Cc2']",,,,,,,,,,,,,,,,,,,,,,,,,,,,,,,,,0x1E19CF2D73a72Ef1332C882F20534B6519Be0276
2022-03-04,"['0xae78736Cd615f374D3085123A210448E74Fc6393', '0xC02aaA39b223FE8D0A0e5C4F27eAD9083C756Cc2']",,,,,,,,,,,,,,,,,,,,,,,,,,,,,,,,,0x1E19CF2D73a72Ef1332C882F20534B6519Be0276
2022-03-05,"['0xae78736Cd615f374D3085123A210448E74Fc6393', '0xC02aaA39b223FE8D0A0e5C4F27eAD9083C756Cc2']",,,,,,,,,,,,,,,,,,,,,,,,,,,,,,,,,0x1E19CF2D73a72Ef1332C882F20534B6519Be0276
2022-03-06,"['0xae78736Cd615f374D3085123A210448E74Fc6393', '0xC02aaA39b223FE8D0A0e5C4F27eAD9083C756Cc2']",,,,,,,,,,,,,,,,,,,,,,,,,,,,,,,,,0x1E19CF2D73a72Ef1332C882F20534B6519Be0276
2022-03-07,"['0xae78736Cd615f374D3085123A210448E74Fc6393', '0xC02aaA39b223FE8D0A0e5C4F27eAD9083C756Cc2']",,,,,,,,,,,,,,,,,,,,,,,,,,,,,,,,,0x1E19CF2D73a72Ef1332C882F20534B6519Be0276
2022-03-08,"['0xae78736Cd615f374D3085123A210448E74Fc6393', '0xC02aaA39b223FE8D0A0e5C4F27eAD9083C756Cc2']",,,,,,,,,,,,,,,,,,,,,,,,,,,,,,,,,0x1E19CF2D73a72Ef1332C882F20534B6519Be0276
2022-03-09,"['0xae78736Cd615f374D3085123A210448E74Fc6393', '0xC02aaA39b223FE8D0A0e5C4F27eAD9083C756Cc2']",,,,,,,,,,,,,,,,,,,,,,,,,,,,,,,,,0x1E19CF2D73a72Ef1332C882F20534B6519Be0276
2022-03-10,"['0xae78736Cd615f374D3085123A210448E74Fc6393', '0xC02aaA39b223FE8D0A0e5C4F27eAD9083C756Cc2']",,,,,,,,,,,,,,,,,,,,,,,,,,,,,,,,,0x1E19CF2D73a72Ef1332C882F20534B6519Be0276
2022-03-11,"['0xae78736Cd615f374D3085123A210448E74Fc6393', '0xC02aaA39b223FE8D0A0e5C4F27eAD9083C756Cc2']",,,,,,,,,,,,,,,,,,,,,,,,,,,,,,,,,0x1E19CF2D73a72Ef1332C882F20534B6519Be0276
2022-03-12,"['0xae78736Cd615f374D3085123A210448E74Fc6393', '0xC02aaA39b223FE8D0A0e5C4F27eAD9083C756Cc2']",,,,,,,,,,,,,,,,,,,,,,,,,,,,,,,,,0x1E19CF2D73a72Ef1332C882F20534B6519Be0276
2022-03-13,"['0xae78736Cd615f374D3085123A210448E74Fc6393', '0xC02aaA39b223FE8D0A0e5C4F27eAD9083C756Cc2']",,,,,,,,,,,,,,,,,,,,,,,,,,,,,,,,,0x1E19CF2D73a72Ef1332C882F20534B6519Be0276
2022-03-14,"['0xae78736Cd615f374D3085123A210448E74Fc6393', '0xC02aaA39b223FE8D0A0e5C4F27eAD9083C756Cc2']",,,,,,,,,,,,,,,,,,,,,,,,,,,,,,,,,0x1E19CF2D73a72Ef1332C882F20534B6519Be0276
2022-03-15,"['0xae78736Cd615f374D3085123A210448E74Fc6393', '0xC02aaA39b223FE8D0A0e5C4F27eAD9083C756Cc2']",,,,,,,,,,,,,,,,,,,,,,,,,,,,,,,,,0x1E19CF2D73a72Ef1332C882F20534B6519Be0276
2022-03-16,"['0xae78736Cd615f374D3085123A210448E74Fc6393', '0xC02aaA39b223FE8D0A0e5C4F27eAD9083C756Cc2']",,,,,,,,,,,,,,,,,,,,,,,,,,,,,,,,,0x1E19CF2D73a72Ef1332C882F20534B6519Be0276
2022-03-17,"['0xae78736Cd615f374D3085123A210448E74Fc6393', '0xC02aaA39b223FE8D0A0e5C4F27eAD9083C756Cc2']",,,,,,,,,,,,,,,,,,,,,,,,,,,,,,,,,0x1E19CF2D73a72Ef1332C882F20534B6519Be0276
2022-03-18,"['0xae78736Cd615f374D3085123A210448E74Fc6393', '0xC02aaA39b223FE8D0A0e5C4F27eAD9083C756Cc2']",,,,,,,,,,,,,,,,,,,,,,,,,,,,,,,,,0x1E19CF2D73a72Ef1332C882F20534B6519Be0276
2022-03-19,"['0xae78736Cd615f374D3085123A210448E74Fc6393', '0xC02aaA39b223FE8D0A0e5C4F27eAD9083C756Cc2']",,,,,,,,,,,,,,,,,,,,,,,,,,,,,,,,,0x1E19CF2D73a72Ef1332C882F20534B6519Be0276
2022-03-20,"['0xae78736Cd615f374D3085123A210448E74Fc6393', '0xC02aaA39b223FE8D0A0e5C4F27eAD9083C756Cc2']",,,,,,,,,,,,,,,,,,,,,,,,,,,,,,,,,0x1E19CF2D73a72Ef1332C882F20534B6519Be0276
2022-03-21,"['0xae78736Cd615f374D3085123A210448E74Fc6393', '0xC02aaA39b223FE8D0A0e5C4F27eAD9083C756Cc2']",,,,,,,,,,,,,,,,,,,,,,,,,,,,,,,,,0x1E19CF2D73a72Ef1332C882F20534B6519Be0276
2022-03-22,"['0xae78736Cd615f374D3085123A210448E74Fc6393', '0xC02aaA39b223FE8D0A0e5C4F27eAD9083C756Cc2']",,,,,,,,,,,,,,,,,,,,,,,,,,,,,,,,,0x1E19CF2D73a72Ef1332C882F20534B6519Be0276
2022-03-23,"['0xae78736Cd615f374D3085123A210448E74Fc6393', '0xC02aaA39b223FE8D0A0e5C4F27eAD9083C756Cc2']",,,,,,,,,,,,,,,,,,,,,,,,,,,,,,,,,0x1E19CF2D73a72Ef1332C882F20534B6519Be0276
2022-03-24,"['0xae78736Cd615f374D3085123A210448E74Fc6393', '0xC02aaA39b223FE8D0A0e5C4F27eAD9083C756Cc2']",,,,,,,,,,,,,,,,,,,,,,,,,,,,,,,,,0x1E19CF2D73a72Ef1332C882F20534B6519Be0276
2022-03-25,"['0xae78736Cd615f374D3085123A210448E74Fc6393', '0xC02aaA39b223FE8D0A0e5C4F27eAD9083C756Cc2']",,,,,,,,,,,,,,,,,,,,,,,,,,,,,,,,,0x1E19CF2D73a72Ef1332C882F20534B6519Be0276
2022-03-26,"['0xae78736Cd615f374D3085123A210448E74Fc6393', '0xC02aaA39b223FE8D0A0e5C4F27eAD9083C756Cc2']",,,,,,,,,,,,,,,,,,,,,,,,,,,,,,,,,0x1E19CF2D73a72Ef1332C882F20534B6519Be0276
2022-03-27,"['0xae78736Cd615f374D3085123A210448E74Fc6393', '0xC02aaA39b223FE8D0A0e5C4F27eAD9083C756Cc2']",,,,,,,,,,,,,,,,,,,,,,,,,,,,,,,,,0x1E19CF2D73a72Ef1332C882F20534B6519Be0276
2022-03-28,"['0xae78736Cd615f374D3085123A210448E74Fc6393', '0xC02aaA39b223FE8D0A0e5C4F27eAD9083C756Cc2']",,,,,,,,,,,,,,,,,,,,,,,,,,,,,,,,,0x1E19CF2D73a72Ef1332C882F20534B6519Be0276
2022-03-29,"['0xae78736Cd615f374D3085123A210448E74Fc6393', '0xC02aaA39b223FE8D0A0e5C4F27eAD9083C756Cc2']",,,,,,,,,,,,,,,,,,,,,,,,,,,,,,,,,0x1E19CF2D73a72Ef1332C882F20534B6519Be0276
2022-03-30,"['0xae78736Cd615f374D3085123A210448E74Fc6393', '0xC02aaA39b223FE8D0A0e5C4F27eAD9083C756Cc2']",,,,,,,,,,,,,,,,,,,,,,,,,,,,,,,,,0x1E19CF2D73a72Ef1332C882F20534B6519Be0276
2022-03-31,"['0xae78736Cd615f374D3085123A210448E74Fc6393', '0xC02aaA39b223FE8D0A0e5C4F27eAD9083C756Cc2']",,,,,,,,,,,,,,,,,,,,,,,,,,,,,,,,,0x1E19CF2D73a72Ef1332C882F20534B6519Be0276
2022-04-01,"['0xae78736Cd615f374D3085123A210448E74Fc6393', '0xC02aaA39b223FE8D0A0e5C4F27eAD9083C756Cc2']",,,,,,,,,,,,,,,,,,,,,,,,,,,,,,,,,0x1E19CF2D73a72Ef1332C882F20534B6519Be0276
2022-04-02,"['0xae78736Cd615f374D3085123A210448E74Fc6393', '0xC02aaA39b223FE8D0A0e5C4F27eAD9083C756Cc2']",,,,,,,,,,,,,,,,,,,,,,,,,,,,,,,,,0x1E19CF2D73a72Ef1332C882F20534B6519Be0276
2022-04-03,"['0xae78736Cd615f374D3085123A210448E74Fc6393', '0xC02aaA39b223FE8D0A0e5C4F27eAD9083C756Cc2']",,,,,,,,,,,,,,,,,,,,,,,,,,,,,,,,,0x1E19CF2D73a72Ef1332C882F20534B6519Be0276
2022-04-04,"['0xae78736Cd615f374D3085123A210448E74Fc6393', '0xC02aaA39b223FE8D0A0e5C4F27eAD9083C756Cc2']",,,,,,,,,,,,,,,,,,,,,,,,,,,,,,,,,0x1E19CF2D73a72Ef1332C882F20534B6519Be0276
2022-04-05,"['0xae78736Cd615f374D3085123A210448E74Fc6393', '0xC02aaA39b223FE8D0A0e5C4F27eAD9083C756Cc2']",,,,,,,,,,,,,,,,,,,,,,,,,,,,,,,,,0x1E19CF2D73a72Ef1332C882F20534B6519Be0276
2022-04-06,"['0xae78736Cd615f374D3085123A210448E74Fc6393', '0xC02aaA39b223FE8D0A0e5C4F27eAD9083C756Cc2']",,,,,,,,,,,,,,,,,,,,,,,,,,,,,,,,,0x1E19CF2D73a72Ef1332C882F20534B6519Be0276
2022-04-07,"['0xae78736Cd615f374D3085123A210448E74Fc6393', '0xC02aaA39b223FE8D0A0e5C4F27eAD9083C756Cc2']",,,,,,,,,,,,,,,,,,,,,,,,,,,,,,,,,0x1E19CF2D73a72Ef1332C882F20534B6519Be0276
2022-04-08,"['0xae78736Cd615f374D3085123A210448E74Fc6393', '0xC02aaA39b223FE8D0A0e5C4F27eAD9083C756Cc2']",,,,,,,,,,,,,,,,,,,,,,,,,,,,,,,,,0x1E19CF2D73a72Ef1332C882F20534B6519Be0276
2022-04-09,"['0xae78736Cd615f374D3085123A210448E74Fc6393', '0xC02aaA39b223FE8D0A0e5C4F27eAD9083C756Cc2']",,,,,,,,,,,,,,,,,,,,,,,,,,,,,,,,,0x1E19CF2D73a72Ef1332C882F20534B6519Be0276
2022-04-10,"['0xae78736Cd615f374D3085123A210448E74Fc6393', '0xC02aaA39b223FE8D0A0e5C4F27eAD9083C756Cc2']",,,,,,,,,,,,,,,,,,,,,,,,,,,,,,,,,0x1E19CF2D73a72Ef1332C882F20534B6519Be0276
2022-04-11,"['0xae78736Cd615f374D3085123A210448E74Fc6393', '0xC02aaA39b223FE8D0A0e5C4F27eAD9083C756Cc2']",,,,,,,,,,,,,,,,,,,,,,,,,,,,,,,,,0x1E19CF2D73a72Ef1332C882F20534B6519Be0276
2022-04-12,"['0xae78736Cd615f374D3085123A210448E74Fc6393', '0xC02aaA39b223FE8D0A0e5C4F27eAD9083C756Cc2']",,,,,,,,,,,,,,,,,,,,,,,,,,,,,,,,,0x1E19CF2D73a72Ef1332C882F20534B6519Be0276
2022-04-13,"['0xae78736Cd615f374D3085123A210448E74Fc6393', '0xC02aaA39b223FE8D0A0e5C4F27eAD9083C756Cc2']",,,,,,,,,,,,,,,,,,,,,,,,,,,,,,,,,0x1E19CF2D73a72Ef1332C882F20534B6519Be0276
2022-04-14,"['0xae78736Cd615f374D3085123A210448E74Fc6393', '0xC02aaA39b223FE8D0A0e5C4F27eAD9083C756Cc2']",,,,,,,,,,,,,,,,,,,,,,,,,,,,,,,,,0x1E19CF2D73a72Ef1332C882F20534B6519Be0276
2022-04-15,"['0xae78736Cd615f374D3085123A210448E74Fc6393', '0xC02aaA39b223FE8D0A0e5C4F27eAD9083C756Cc2']",,,,,,,,,,,,,,,,,,,,,,,,,,,,,,,,,0x1E19CF2D73a72Ef1332C882F20534B6519Be0276
2022-04-16,"['0xae78736Cd615f374D3085123A210448E74Fc6393', '0xC02aaA39b223FE8D0A0e5C4F27eAD9083C756Cc2']",,,,,,,,,,,,,,,,,,,,,,,,,,,,,,,,,0x1E19CF2D73a72Ef1332C882F20534B6519Be0276
2022-04-17,"['0xae78736Cd615f374D3085123A210448E74Fc6393', '0xC02aaA39b223FE8D0A0e5C4F27eAD9083C756Cc2']",,,,,,,,,,,,,,,,,,,,,,,,,,,,,,,,,0x1E19CF2D73a72Ef1332C882F20534B6519Be0276
2022-04-18,"['0xae78736Cd615f374D3085123A210448E74Fc6393', '0xC02aaA39b223FE8D0A0e5C4F27eAD9083C756Cc2']",,,,,,,,,,,,,,,,,,,,,,,,,,,,,,,,,0x1E19CF2D73a72Ef1332C882F20534B6519Be0276
2022-04-19,"['0xae78736Cd615f374D3085123A210448E74Fc6393', '0xC02aaA39b223FE8D0A0e5C4F27eAD9083C756Cc2']",,,,,,,,,,,,,,,,,,,,,,,,,,,,,,,,,0x1E19CF2D73a72Ef1332C882F20534B6519Be0276
2022-04-20,"['0xae78736Cd615f374D3085123A210448E74Fc6393', '0xC02aaA39b223FE8D0A0e5C4F27eAD9083C756Cc2']",,,,,,,,,,,,,,,,,,,,,,,,,,,,,,,,,0x1E19CF2D73a72Ef1332C882F20534B6519Be0276
2022-04-21,"['0xae78736Cd615f374D3085123A210448E74Fc6393', '0xC02aaA39b223FE8D0A0e5C4F27eAD9083C756Cc2']",,,,,,,,,,,,,,,,,,,,,,,,,,,,,,,,,0x1E19CF2D73a72Ef1332C882F20534B6519Be0276
2022-04-22,"['0xae78736Cd615f374D3085123A210448E74Fc6393', '0xC02aaA39b223FE8D0A0e5C4F27eAD9083C756Cc2']",,,,,,,,,,,,,,,,,,,,,,,,,,,,,,,,,0x1E19CF2D73a72Ef1332C882F20534B6519Be0276
2022-04-23,"['0xae78736Cd615f374D3085123A210448E74Fc6393', '0xC02aaA39b223FE8D0A0e5C4F27eAD9083C756Cc2']",,,,,,,,,,,,,,,,,,,,,,,,,,,,,,,,,0x1E19CF2D73a72Ef1332C882F20534B6519Be0276
2022-04-24,"['0xae78736Cd615f374D3085123A210448E74Fc6393', '0xC02aaA39b223FE8D0A0e5C4F27eAD9083C756Cc2']",,,,,,,,,,,,,,,,,,,,,,,,,,,,,,,,,0x1E19CF2D73a72Ef1332C882F20534B6519Be0276
2022-04-25,"['0xae78736Cd615f374D3085123A210448E74Fc6393', '0xC02aaA39b223FE8D0A0e5C4F27eAD9083C756Cc2']",,,,,,,,,,,,,,,,,,,,,,,,,,,,,,,,,0x1E19CF2D73a72Ef1332C882F20534B6519Be0276
2022-04-26,"['0xae78736Cd615f374D3085123A210448E74Fc6393', '0xC02aaA39b223FE8D0A0e5C4F27eAD9083C756Cc2']",,,,,,,,,,,,,,,,,,,,,,,,,,,,,,,,,0x1E19CF2D73a72Ef1332C882F20534B6519Be0276
2022-04-27,"['0xae78736Cd615f374D3085123A210448E74Fc6393', '0xC02aaA39b223FE8D0A0e5C4F27eAD9083C756Cc2']",,,,,,,,,,,,,,,,,,,,,,,,,,,,,,,,,0x1E19CF2D73a72Ef1332C882F20534B6519Be0276
2022-04-28,"['0xae78736Cd615f374D3085123A210448E74Fc6393', '0xC02aaA39b223FE8D0A0e5C4F27eAD9083C756Cc2']",,,,,,,,,,,,,,,,,,,,,,,,,,,,,,,,,0x1E19CF2D73a72Ef1332C882F20534B6519Be0276
2022-04-29,"['0xae78736Cd615f374D3085123A210448E74Fc6393', '0xC02aaA39b223FE8D0A0e5C4F27eAD9083C756Cc2']",,,,,,,,,,,,,,,,,,,,,,,,,,,,,,,,,0x1E19CF2D73a72Ef1332C882F20534B6519Be0276
2022-04-30,"['0xae78736Cd615f374D3085123A210448E74Fc6393', '0xC02aaA39b223FE8D0A0e5C4F27eAD9083C756Cc2']",,,,,,,,,,,,,,,,,,,,,,,,,,,,,,,,,0x1E19CF2D73a72Ef1332C882F20534B6519Be0276
2022-05-01,"['0xae78736Cd615f374D3085123A210448E74Fc6393', '0xC02aaA39b223FE8D0A0e5C4F27eAD9083C756Cc2']",,,,,,,,,,,,,,,,,,,,,,,,,,,,,,,,,0x1E19CF2D73a72Ef1332C882F20534B6519Be0276
2022-05-02,"['0xae78736Cd615f374D3085123A210448E74Fc6393', '0xC02aaA39b223FE8D0A0e5C4F27eAD9083C756Cc2']",,,,,,,,,,,,,,,,,,,,,,,,,,,,,,,,,0x1E19CF2D73a72Ef1332C882F20534B6519Be0276
2022-05-03,"['0xae78736Cd615f374D3085123A210448E74Fc6393', '0xC02aaA39b223FE8D0A0e5C4F27eAD9083C756Cc2']",,,,,,,,,,,,,,,,,,,,,,,,,,,,,,,,,0x1E19CF2D73a72Ef1332C882F20534B6519Be0276
2022-05-04,"['0xae78736Cd615f374D3085123A210448E74Fc6393', '0xC02aaA39b223FE8D0A0e5C4F27eAD9083C756Cc2']",,,,,,,,,,,,,,,,,,,,,,,,,,,,,,,,,0x1E19CF2D73a72Ef1332C882F20534B6519Be0276
2022-05-05,"['0xae78736Cd615f374D3085123A210448E74Fc6393', '0xC02aaA39b223FE8D0A0e5C4F27eAD9083C756Cc2']",,,,,,,,,,,,,,,,,,,,,,,,,,,,,,,,,0x1E19CF2D73a72Ef1332C882F20534B6519Be0276
2022-05-06,"['0xae78736Cd615f374D3085123A210448E74Fc6393', '0xC02aaA39b223FE8D0A0e5C4F27eAD9083C756Cc2']",,,,,,,,,,,,,,,,,,,,,,,,,,,,,,,,,0x1E19CF2D73a72Ef1332C882F20534B6519Be0276
2022-05-07,"['0xae78736Cd615f374D3085123A210448E74Fc6393', '0xC02aaA39b223FE8D0A0e5C4F27eAD9083C756Cc2']",,,,,,,,,,,,,,,,,,,,,,,,,,,,,,,,,0x1E19CF2D73a72Ef1332C882F20534B6519Be0276
2022-05-08,"['0xae78736Cd615f374D3085123A210448E74Fc6393', '0xC02aaA39b223FE8D0A0e5C4F27eAD9083C756Cc2']",,,,,,,,,,,,,,,,,,,,,,,,,,,,,,,,,0x1E19CF2D73a72Ef1332C882F20534B6519Be0276
2022-05-09,"['0xae78736Cd615f374D3085123A210448E74Fc6393', '0xC02aaA39b223FE8D0A0e5C4F27eAD9083C756Cc2']",,,,,,,,,,,,,,,,,,,,,,,,,,,,,,,,,0x1E19CF2D73a72Ef1332C882F20534B6519Be0276
2022-05-10,"['0xae78736Cd615f374D3085123A210448E74Fc6393', '0xC02aaA39b223FE8D0A0e5C4F27eAD9083C756Cc2']",,,,,,,,,,,,,,,,,,,,,,,,,,,,,,,,,0x1E19CF2D73a72Ef1332C882F20534B6519Be0276
2022-05-11,"['0xae78736Cd615f374D3085123A210448E74Fc6393', '0xC02aaA39b223FE8D0A0e5C4F27eAD9083C756Cc2']",,,,,,,,,,,,,,,,,,,,,,,,,,,,,,,,,0x1E19CF2D73a72Ef1332C882F20534B6519Be0276
2022-05-12,"['0xae78736Cd615f374D3085123A210448E74Fc6393', '0xC02aaA39b223FE8D0A0e5C4F27eAD9083C756Cc2']",,,,,,,,,,,,,,,,,,,,,,,,,,,,,,,,,0x1E19CF2D73a72Ef1332C882F20534B6519Be0276
2022-05-13,"['0xae78736Cd615f374D3085123A210448E74Fc6393', '0xC02aaA39b223FE8D0A0e5C4F27eAD9083C756Cc2']",,,,,,,,,,,,,,,,,,,,,,,,,,,,,,,,,0x1E19CF2D73a72Ef1332C882F20534B6519Be0276
2022-05-14,"['0xae78736Cd615f374D3085123A210448E74Fc6393', '0xC02aaA39b223FE8D0A0e5C4F27eAD9083C756Cc2']",,,,,,,,,,,,,,,,,,,,,,,,,,,,,,,,,0x1E19CF2D73a72Ef1332C882F20534B6519Be0276
2022-05-15,"['0xae78736Cd615f374D3085123A210448E74Fc6393', '0xC02aaA39b223FE8D0A0e5C4F27eAD9083C756Cc2']",,,,,,,,,,,,,,,,,,,,,,,,,,,,,,,,,0x1E19CF2D73a72Ef1332C882F20534B6519Be0276
2022-05-16,"['0xae78736Cd615f374D3085123A210448E74Fc6393', '0xC02aaA39b223FE8D0A0e5C4F27eAD9083C756Cc2']",,,,,,,,,,,,,,,,,,,,,,,,,,,,,,,,,0x1E19CF2D73a72Ef1332C882F20534B6519Be0276
2022-05-17,"['0xae78736Cd615f374D3085123A210448E74Fc6393', '0xC02aaA39b223FE8D0A0e5C4F27eAD9083C756Cc2']",,,,,,,,,,,,,,,,,,,,,,,,,,,,,,,,,0x1E19CF2D73a72Ef1332C882F20534B6519Be0276
2022-05-18,"['0xae78736Cd615f374D3085123A210448E74Fc6393', '0xC02aaA39b223FE8D0A0e5C4F27eAD9083C756Cc2']",,,,,,,,,,,,,,,,,,,,,,,,,,,,,,,,,0x1E19CF2D73a72Ef1332C882F20534B6519Be0276
2022-05-19,"['0xae78736Cd615f374D3085123A210448E74Fc6393', '0xC02aaA39b223FE8D0A0e5C4F27eAD9083C756Cc2']",,,,,,,,,,,,,,,,,,,,,,,,,,,,,,,,,0x1E19CF2D73a72Ef1332C882F20534B6519Be0276
2022-05-20,"['0xae78736Cd615f374D3085123A210448E74Fc6393', '0xC02aaA39b223FE8D0A0e5C4F27eAD9083C756Cc2']",,,,,,,,,,,,,,,,,,,,,,,,,,,,,,,,,0x1E19CF2D73a72Ef1332C882F20534B6519Be0276
2022-05-21,"['0xae78736Cd615f374D3085123A210448E74Fc6393', '0xC02aaA39b223FE8D0A0e5C4F27eAD9083C756Cc2']",,,,,,,,,,,,,,,,,,,,,,,,,,,,,,,,,0x1E19CF2D73a72Ef1332C882F20534B6519Be0276
2022-05-22,"['0xae78736Cd615f374D3085123A210448E74Fc6393', '0xC02aaA39b223FE8D0A0e5C4F27eAD9083C756Cc2']",,,,,,,,,,,,,,,,,,,,,,,,,,,,,,,,,0x1E19CF2D73a72Ef1332C882F20534B6519Be0276
2022-05-23,"['0xae78736Cd615f374D3085123A210448E74Fc6393', '0xC02aaA39b223FE8D0A0e5C4F27eAD9083C756Cc2']",,,,,,,,,,,,,,,,,,,,,,,,,,,,,,,,,0x1E19CF2D73a72Ef1332C882F20534B6519Be0276
2022-05-24,"['0xae78736Cd615f374D3085123A210448E74Fc6393', '0xC02aaA39b223FE8D0A0e5C4F27eAD9083C756Cc2']",,,,,,,,,,,,,,,,,,,,,,,,,,,,,,,,,0x1E19CF2D73a72Ef1332C882F20534B6519Be0276
2022-05-25,"['0xae78736Cd615f374D3085123A210448E74Fc6393', '0xC02aaA39b223FE8D0A0e5C4F27eAD9083C756Cc2']",,,,,,,,,,,,,,,,,,,,,,,,,,,,,,,,,0x1E19CF2D73a72Ef1332C882F20534B6519Be0276
2022-05-26,"['0xae78736Cd615f374D3085123A210448E74Fc6393', '0xC02aaA39b223FE8D0A0e5C4F27eAD9083C756Cc2']",,,,,,,,,,,,,,,,,,,,,,,,,,,,,,,,,0x1E19CF2D73a72Ef1332C882F20534B6519Be0276
2022-05-27,"['0xae78736Cd615f374D3085123A210448E74Fc6393', '0xC02aaA39b223FE8D0A0e5C4F27eAD9083C756Cc2']",,,,,,,,,,,,,,,,,,,,,,,,,,,,,,,,,0x1E19CF2D73a72Ef1332C882F20534B6519Be0276
2022-05-28,"['0xae78736Cd615f374D3085123A210448E74Fc6393', '0xC02aaA39b223FE8D0A0e5C4F27eAD9083C756Cc2']",,,,,,,,,,,,,,,,,,,,,,,,,,,,,,,,,0x1E19CF2D73a72Ef1332C882F20534B6519Be0276
2022-05-29,"['0xae78736Cd615f374D3085123A210448E74Fc6393', '0xC02aaA39b223FE8D0A0e5C4F27eAD9083C756Cc2']",,,,,,,,,,,,,,,,,,,,,,,,,,,,,,,,,0x1E19CF2D73a72Ef1332C882F20534B6519Be0276
2022-05-30,"['0xae78736Cd615f374D3085123A210448E74Fc6393', '0xC02aaA39b223FE8D0A0e5C4F27eAD9083C756Cc2']",,,,,,,,,,,,,,,,,,,,,,,,,,,,,,,,,0x1E19CF2D73a72Ef1332C882F20534B6519Be0276
2022-05-31,"['0xae78736Cd615f374D3085123A210448E74Fc6393', '0xC02aaA39b223FE8D0A0e5C4F27eAD9083C756Cc2']",,,,,,,,,,,,,,,,,,,,,,,,,,,,,,,,,0x1E19CF2D73a72Ef1332C882F20534B6519Be0276
2022-06-01,"['0xae78736Cd615f374D3085123A210448E74Fc6393', '0xC02aaA39b223FE8D0A0e5C4F27eAD9083C756Cc2']",,,,,,,,,,,,,,,,,,,,,,,,,,,,,,,,,0x1E19CF2D73a72Ef1332C882F20534B6519Be0276
2022-06-02,"['0xae78736Cd615f374D3085123A210448E74Fc6393', '0xC02aaA39b223FE8D0A0e5C4F27eAD9083C756Cc2']",,,,,,,,,,,,,,,,,,,,,,,,,,,,,,,,,0x1E19CF2D73a72Ef1332C882F20534B6519Be0276
2022-06-03,"['0xae78736Cd615f374D3085123A210448E74Fc6393', '0xC02aaA39b223FE8D0A0e5C4F27eAD9083C756Cc2']",,,,,,,,,,,,,,,,,,,,,,,,,,,,,,,,,0x1E19CF2D73a72Ef1332C882F20534B6519Be0276
2022-06-04,"['0xae78736Cd615f374D3085123A210448E74Fc6393', '0xC02aaA39b223FE8D0A0e5C4F27eAD9083C756Cc2']",,,,,,,,,,,,,,,,,,,,,,,,,,,,,,,,,0x1E19CF2D73a72Ef1332C882F20534B6519Be0276
2022-06-05,"['0xae78736Cd615f374D3085123A210448E74Fc6393', '0xC02aaA39b223FE8D0A0e5C4F27eAD9083C756Cc2']",,,,,,,,,,,,,,,,,,,,,,,,,,,,,,,,,0x1E19CF2D73a72Ef1332C882F20534B6519Be0276
2022-06-06,"['0xae78736Cd615f374D3085123A210448E74Fc6393', '0xC02aaA39b223FE8D0A0e5C4F27eAD9083C756Cc2']",,,,,,,,,,,,,,,,,,,,,,,,,,,,,,,,,0x1E19CF2D73a72Ef1332C882F20534B6519Be0276
2022-06-07,"['0xae78736Cd615f374D3085123A210448E74Fc6393', '0xC02aaA39b223FE8D0A0e5C4F27eAD9083C756Cc2']",,,,,,,,,,,,,,,,,,,,,,,,,,,,,,,,,0x1E19CF2D73a72Ef1332C882F20534B6519Be0276
2022-06-08,"['0xae78736Cd615f374D3085123A210448E74Fc6393', '0xC02aaA39b223FE8D0A0e5C4F27eAD9083C756Cc2']",,,,,,,,,,,,,,,,,,,,,,,,,,,,,,,,,0x1E19CF2D73a72Ef1332C882F20534B6519Be0276
2022-06-09,"['0xae78736Cd615f374D3085123A210448E74Fc6393', '0xC02aaA39b223FE8D0A0e5C4F27eAD9083C756Cc2']",,,,,,,,,,,,,,,,,,,,,,,,,,,,,,,,,0x1E19CF2D73a72Ef1332C882F20534B6519Be0276
2022-06-10,"['0xae78736Cd615f374D3085123A210448E74Fc6393', '0xC02aaA39b223FE8D0A0e5C4F27eAD9083C756Cc2']",,,,,,,,,,,,,,,,,,,,,,,,,,,,,,,,,0x1E19CF2D73a72Ef1332C882F20534B6519Be0276
2022-06-11,"['0xae78736Cd615f374D3085123A210448E74Fc6393', '0xC02aaA39b223FE8D0A0e5C4F27eAD9083C756Cc2']",,,,,,,,,,,,,,,,,,,,,,,,,,,,,,,,,0x1E19CF2D73a72Ef1332C882F20534B6519Be0276
2022-06-12,"['0xae78736Cd615f374D3085123A210448E74Fc6393', '0xC02aaA39b223FE8D0A0e5C4F27eAD9083C756Cc2']",,,,,,,,,,,,,,,,,,,,,,,,,,,,,,,,,0x1E19CF2D73a72Ef1332C882F20534B6519Be0276
2022-06-13,"['0xae78736Cd615f374D3085123A210448E74Fc6393', '0xC02aaA39b223FE8D0A0e5C4F27eAD9083C756Cc2']",,,,,,,,,,,,,,,,,,,,,,,,,,,,,,,,,0x1E19CF2D73a72Ef1332C882F20534B6519Be0276
2022-06-14,"['0xae78736Cd615f374D3085123A210448E74Fc6393', '0xC02aaA39b223FE8D0A0e5C4F27eAD9083C756Cc2']",,,,,,,,,,,,,,,,,,,,,,,,,,,,,,,,,0x1E19CF2D73a72Ef1332C882F20534B6519Be0276
2022-06-15,"['0xae78736Cd615f374D3085123A210448E74Fc6393', '0xC02aaA39b223FE8D0A0e5C4F27eAD9083C756Cc2']",,,,,,,,,,,,,,,,,,,,,,,,,,,,,,,,,0x1E19CF2D73a72Ef1332C882F20534B6519Be0276
2022-06-16,"['0xae78736Cd615f374D3085123A210448E74Fc6393', '0xC02aaA39b223FE8D0A0e5C4F27eAD9083C756Cc2']",,,,,,,,,,,,,,,,,,,,,,,,,,,,,,,,,0x1E19CF2D73a72Ef1332C882F20534B6519Be0276
2022-06-17,"['0xae78736Cd615f374D3085123A210448E74Fc6393', '0xC02aaA39b223FE8D0A0e5C4F27eAD9083C756Cc2']",,,,,,,,,,,,,,,,,,,,,,,,,,,,,,,,,0x1E19CF2D73a72Ef1332C882F20534B6519Be0276
2022-06-18,"['0xae78736Cd615f374D3085123A210448E74Fc6393', '0xC02aaA39b223FE8D0A0e5C4F27eAD9083C756Cc2']",,,,,,,,,,,,,,,,,,,,,,,,,,,,,,,,,0x1E19CF2D73a72Ef1332C882F20534B6519Be0276
2022-06-19,"['0xae78736Cd615f374D3085123A210448E74Fc6393', '0xC02aaA39b223FE8D0A0e5C4F27eAD9083C756Cc2']",,,,,,,,,,,,,,,,,,,,,,,,,,,,,,,,,0x1E19CF2D73a72Ef1332C882F20534B6519Be0276
2022-06-20,"['0xae78736Cd615f374D3085123A210448E74Fc6393', '0xC02aaA39b223FE8D0A0e5C4F27eAD9083C756Cc2']",,,,,,,,,,,,,,,,,,,,,,,,,,,,,,,,,0x1E19CF2D73a72Ef1332C882F20534B6519Be0276
2022-06-21,"['0xae78736Cd615f374D3085123A210448E74Fc6393', '0xC02aaA39b223FE8D0A0e5C4F27eAD9083C756Cc2']",,,,,,,,,,,,,,,,,,,,,,,,,,,,,,,,,0x1E19CF2D73a72Ef1332C882F20534B6519Be0276
2022-06-22,"['0xae78736Cd615f374D3085123A210448E74Fc6393', '0xC02aaA39b223FE8D0A0e5C4F27eAD9083C756Cc2']",,,,,,,,,,,,,,,,,,,,,,,,,,,,,,,,,0x1E19CF2D73a72Ef1332C882F20534B6519Be0276
2022-06-23,"['0xae78736Cd615f374D3085123A210448E74Fc6393', '0xC02aaA39b223FE8D0A0e5C4F27eAD9083C756Cc2']",,,,,,,,,,,,,,,,,,,,,,,,,,,,,,,,,0x1E19CF2D73a72Ef1332C882F20534B6519Be0276
2022-06-24,"['0xae78736Cd615f374D3085123A210448E74Fc6393', '0xC02aaA39b223FE8D0A0e5C4F27eAD9083C756Cc2']",,,,,,,,,,,,,,,,,,,,,,,,,,,,,,,,,0x1E19CF2D73a72Ef1332C882F20534B6519Be0276
2022-06-25,"['0xae78736Cd615f374D3085123A210448E74Fc6393', '0xC02aaA39b223FE8D0A0e5C4F27eAD9083C756Cc2']",,,,,,,,,,,,,,,,,,,,,,,,,,,,,,,,,0x1E19CF2D73a72Ef1332C882F20534B6519Be0276
2022-06-26,"['0xae78736Cd615f374D3085123A210448E74Fc6393', '0xC02aaA39b223FE8D0A0e5C4F27eAD9083C756Cc2']",,,,,,,,,,,,,,,,,,,,,,,,,,,,,,,,,0x1E19CF2D73a72Ef1332C882F20534B6519Be0276
2022-06-27,"['0xae78736Cd615f374D3085123A210448E74Fc6393', '0xC02aaA39b223FE8D0A0e5C4F27eAD9083C756Cc2']",,,,,,,,,,,,,,,,,,,,,,,,,,,,,,,,,0x1E19CF2D73a72Ef1332C882F20534B6519Be0276
2022-06-28,"['0xae78736Cd615f374D3085123A210448E74Fc6393', '0xC02aaA39b223FE8D0A0e5C4F27eAD9083C756Cc2']",,,,,,,,,,,,,,,,,,,,,,,,,,,,,,,,,0x1E19CF2D73a72Ef1332C882F20534B6519Be0276
2022-06-29,"['0xae78736Cd615f374D3085123A210448E74Fc6393', '0xC02aaA39b223FE8D0A0e5C4F27eAD9083C756Cc2']",,,,,,,,,,,,,,,,,,,,,,,,,,,,,,,,,0x1E19CF2D73a72Ef1332C882F20534B6519Be0276
2022-06-30,"['0xae78736Cd615f374D3085123A210448E74Fc6393', '0xC02aaA39b223FE8D0A0e5C4F27eAD9083C756Cc2']",,,,,,,,,,,,,,,,,,,,,,,,,,,,,,,,,0x1E19CF2D73a72Ef1332C882F20534B6519Be0276
2022-07-01,"['0xae78736Cd615f374D3085123A210448E74Fc6393', '0xC02aaA39b223FE8D0A0e5C4F27eAD9083C756Cc2']",,,,,,,,,,,,,,,,,,,,,,,,,,,,,,,,,0x1E19CF2D73a72Ef1332C882F20534B6519Be0276
2022-07-02,"['0xae78736Cd615f374D3085123A210448E74Fc6393', '0xC02aaA39b223FE8D0A0e5C4F27eAD9083C756Cc2']",,,,,,,,,,,,,,,,,,,,,,,,,,,,,,,,,0x1E19CF2D73a72Ef1332C882F20534B6519Be0276
2022-07-03,"['0xae78736Cd615f374D3085123A210448E74Fc6393', '0xC02aaA39b223FE8D0A0e5C4F27eAD9083C756Cc2']",,,,,,,,,,,,,,,,,,,,,,,,,,,,,,,,,0x1E19CF2D73a72Ef1332C882F20534B6519Be0276
2022-07-04,"['0xae78736Cd615f374D3085123A210448E74Fc6393', '0xC02aaA39b223FE8D0A0e5C4F27eAD9083C756Cc2']",,,,,,,,,,,,,,,,,,,,,,,,,,,,,,,,,0x1E19CF2D73a72Ef1332C882F20534B6519Be0276
2022-07-05,"['0xae78736Cd615f374D3085123A210448E74Fc6393', '0xC02aaA39b223FE8D0A0e5C4F27eAD9083C756Cc2']",,,,,,,,,,,,,,,,,,,,,,,,,,,,,,,,,0x1E19CF2D73a72Ef1332C882F20534B6519Be0276
2022-07-06,"['0xae78736Cd615f374D3085123A210448E74Fc6393', '0xC02aaA39b223FE8D0A0e5C4F27eAD9083C756Cc2']",,,,,,,,,,,,,,,,,,,,,,,,,,,,,,,,,0x1E19CF2D73a72Ef1332C882F20534B6519Be0276
2022-07-07,"['0xae78736Cd615f374D3085123A210448E74Fc6393', '0xC02aaA39b223FE8D0A0e5C4F27eAD9083C756Cc2']",,,,,,,,,,,,,,,,,,,,,,,,,,,,,,,,,0x1E19CF2D73a72Ef1332C882F20534B6519Be0276
2022-07-08,"['0xae78736Cd615f374D3085123A210448E74Fc6393', '0xC02aaA39b223FE8D0A0e5C4F27eAD9083C756Cc2']",,,,,,,,,,,,,,,,,,,,,,,,,,,,,,,,,0x1E19CF2D73a72Ef1332C882F20534B6519Be0276
2022-07-09,"['0xae78736Cd615f374D3085123A210448E74Fc6393', '0xC02aaA39b223FE8D0A0e5C4F27eAD9083C756Cc2']",,,,,,,,,,,,,,,,,,,,,,,,,,,,,,,,,0x1E19CF2D73a72Ef1332C882F20534B6519Be0276
2022-07-10,"['0xae78736Cd615f374D3085123A210448E74Fc6393', '0xC02aaA39b223FE8D0A0e5C4F27eAD9083C756Cc2']",,,,,,,,,,,,,,,,,,,,,,,,,,,,,,,,,0x1E19CF2D73a72Ef1332C882F20534B6519Be0276
2022-07-11,"['0xae78736Cd615f374D3085123A210448E74Fc6393', '0xC02aaA39b223FE8D0A0e5C4F27eAD9083C756Cc2']",,,,,,,,,,,,,,,,,,,,,,,,,,,,,,,,,0x1E19CF2D73a72Ef1332C882F20534B6519Be0276
2022-07-12,"['0xae78736Cd615f374D3085123A210448E74Fc6393', '0xC02aaA39b223FE8D0A0e5C4F27eAD9083C756Cc2']",,,,,,,,,,,,,,,,,,,,,,,,,,,,,,,,,0x1E19CF2D73a72Ef1332C882F20534B6519Be0276
2022-07-13,"['0xae78736Cd615f374D3085123A210448E74Fc6393', '0xC02aaA39b223FE8D0A0e5C4F27eAD9083C756Cc2']",,,,,,,,,,,,,,,,,,,,,,,,,,,,,,,,,0x1E19CF2D73a72Ef1332C882F20534B6519Be0276
2022-07-14,"['0xae78736Cd615f374D3085123A210448E74Fc6393', '0xC02aaA39b223FE8D0A0e5C4F27eAD9083C756Cc2']",,,,,,,,,,,,,,,,,,,,,,,,,,,,,,,,,0x1E19CF2D73a72Ef1332C882F20534B6519Be0276
2022-07-15,"['0xae78736Cd615f374D3085123A210448E74Fc6393', '0xC02aaA39b223FE8D0A0e5C4F27eAD9083C756Cc2']",,,,,,,,,,,,,,,,,,,,,,,,,,,,,,,,,0x1E19CF2D73a72Ef1332C882F20534B6519Be0276
2022-07-16,"['0xae78736Cd615f374D3085123A210448E74Fc6393', '0xC02aaA39b223FE8D0A0e5C4F27eAD9083C756Cc2']",,,,,,,,,,,,,,,,,,,,,,,,,,,,,,,,,0x1E19CF2D73a72Ef1332C882F20534B6519Be0276
2022-07-17,"['0xae78736Cd615f374D3085123A210448E74Fc6393', '0xC02aaA39b223FE8D0A0e5C4F27eAD9083C756Cc2']",,,,,,,,,,,,,,,,,,,,,,,,,,,,,,,,,0x1E19CF2D73a72Ef1332C882F20534B6519Be0276
2022-07-18,"['0xae78736Cd615f374D3085123A210448E74Fc6393', '0xC02aaA39b223FE8D0A0e5C4F27eAD9083C756Cc2']",,,,,,,,,,,,,,,,,,,,,,,,,,,,,,,,,0x1E19CF2D73a72Ef1332C882F20534B6519Be0276
2022-07-19,"['0xae78736Cd615f374D3085123A210448E74Fc6393', '0xC02aaA39b223FE8D0A0e5C4F27eAD9083C756Cc2']",,,,,,,,,,,,,,,,,,,,,,,,,,,,,,,,,0x1E19CF2D73a72Ef1332C882F20534B6519Be0276
2022-07-20,"['0xae78736Cd615f374D3085123A210448E74Fc6393', '0xC02aaA39b223FE8D0A0e5C4F27eAD9083C756Cc2']",,,,,,,,,,,,,,,,,,,,,,,,,,,,,,,,,0x1E19CF2D73a72Ef1332C882F20534B6519Be0276
2022-07-21,"['0xae78736Cd615f374D3085123A210448E74Fc6393', '0xC02aaA39b223FE8D0A0e5C4F27eAD9083C756Cc2']",,,,,,,,,,,,,,,,,,,,,,,,,,,,,,,,,0x1E19CF2D73a72Ef1332C882F20534B6519Be0276
2022-07-22,"['0xae78736Cd615f374D3085123A210448E74Fc6393', '0xC02aaA39b223FE8D0A0e5C4F27eAD9083C756Cc2']",,,,,,,,,,,,,,,,,,,,,,,,,,,,,,,,,0x1E19CF2D73a72Ef1332C882F20534B6519Be0276
2022-07-23,"['0xae78736Cd615f374D3085123A210448E74Fc6393', '0xC02aaA39b223FE8D0A0e5C4F27eAD9083C756Cc2']",,,,,,,,,,,,,,,,,,,,,,,,,,,,,,,,,0x1E19CF2D73a72Ef1332C882F20534B6519Be0276
2022-07-24,"['0xae78736Cd615f374D3085123A210448E74Fc6393', '0xC02aaA39b223FE8D0A0e5C4F27eAD9083C756Cc2']",,,,,,,,,,,,,,,,,,,,,,,,,,,,,,,,,0x1E19CF2D73a72Ef1332C882F20534B6519Be0276
2022-07-25,"['0xae78736Cd615f374D3085123A210448E74Fc6393', '0xC02aaA39b223FE8D0A0e5C4F27eAD9083C756Cc2']",,,,,,,,,,,,,,,,,,,,,,,,,,,,,,,,,0x1E19CF2D73a72Ef1332C882F20534B6519Be0276
2022-07-26,"['0xae78736Cd615f374D3085123A210448E74Fc6393', '0xC02aaA39b223FE8D0A0e5C4F27eAD9083C756Cc2']",,,,,,,,,,,,,,,,,,,,,,,,,,,,,,,,,0x1E19CF2D73a72Ef1332C882F20534B6519Be0276
2022-07-27,"['0xae78736Cd615f374D3085123A210448E74Fc6393', '0xC02aaA39b223FE8D0A0e5C4F27eAD9083C756Cc2']",,,,,,,,,,,,,,,,,,,,,,,,,,,,,,,,,0x1E19CF2D73a72Ef1332C882F20534B6519Be0276
2022-07-28,"['0xae78736Cd615f374D3085123A210448E74Fc6393', '0xC02aaA39b223FE8D0A0e5C4F27eAD9083C756Cc2']",,,,,,,,,,,,,,,,,,,,,,,,,,,,,,,,,0x1E19CF2D73a72Ef1332C882F20534B6519Be0276
2022-07-29,"['0xae78736Cd615f374D3085123A210448E74Fc6393', '0xC02aaA39b223FE8D0A0e5C4F27eAD9083C756Cc2']",,,,,,,,,,,,,,,,,,,,,,,,,,,,,,,,,0x1E19CF2D73a72Ef1332C882F20534B6519Be0276
2022-07-30,"['0xae78736Cd615f374D3085123A210448E74Fc6393', '0xC02aaA39b223FE8D0A0e5C4F27eAD9083C756Cc2']",,,,,,,,,,,,,,,,,,,,,,,,,,,,,,,,,0x1E19CF2D73a72Ef1332C882F20534B6519Be0276
2022-07-31,"['0xae78736Cd615f374D3085123A210448E74Fc6393', '0xC02aaA39b223FE8D0A0e5C4F27eAD9083C756Cc2']",,,,,,,,,,,,,,,,,,,,,,,,,,,,,,,,,0x1E19CF2D73a72Ef1332C882F20534B6519Be0276
2022-08-01,"['0xae78736Cd615f374D3085123A210448E74Fc6393', '0xC02aaA39b223FE8D0A0e5C4F27eAD9083C756Cc2']",,,,,,,,,,,,,,,,,,,,,,,,,,,,,,,,,0x1E19CF2D73a72Ef1332C882F20534B6519Be0276
2022-08-02,"['0xae78736Cd615f374D3085123A210448E74Fc6393', '0xC02aaA39b223FE8D0A0e5C4F27eAD9083C756Cc2']",,,,,,,,,,,,,,,,,,,,,,,,,,,,,,,,,0x1E19CF2D73a72Ef1332C882F20534B6519Be0276
2022-08-03,"['0xae78736Cd615f374D3085123A210448E74Fc6393', '0xC02aaA39b223FE8D0A0e5C4F27eAD9083C756Cc2']",,,,,,,,,,,,,,,,,,,,,,,,,,,,,,,,,0x1E19CF2D73a72Ef1332C882F20534B6519Be0276
2022-08-04,"['0xae78736Cd615f374D3085123A210448E74Fc6393', '0xC02aaA39b223FE8D0A0e5C4F27eAD9083C756Cc2']",,,,,,,,,,,,,,,,,,,,,,,,,,,,,,,,,0x1E19CF2D73a72Ef1332C882F20534B6519Be0276
2022-08-05,"['0xae78736Cd615f374D3085123A210448E74Fc6393', '0xC02aaA39b223FE8D0A0e5C4F27eAD9083C756Cc2']",,,,,,,,,,,,,,,,,,,,,,,,,,,,,,,,,0x1E19CF2D73a72Ef1332C882F20534B6519Be0276
2022-08-06,"['0xae78736Cd615f374D3085123A210448E74Fc6393', '0xC02aaA39b223FE8D0A0e5C4F27eAD9083C756Cc2']",,,,,,,,,,,,,,,,,,,,,,,,,,,,,,,,,0x1E19CF2D73a72Ef1332C882F20534B6519Be0276
2022-08-07,"['0xae78736Cd615f374D3085123A210448E74Fc6393', '0xC02aaA39b223FE8D0A0e5C4F27eAD9083C756Cc2']",,,,,,,,,,,,,,,,,,,,,,,,,,,,,,,,,0x1E19CF2D73a72Ef1332C882F20534B6519Be0276
2022-08-08,"['0xae78736Cd615f374D3085123A210448E74Fc6393', '0xC02aaA39b223FE8D0A0e5C4F27eAD9083C756Cc2']",,,,,,,,,,,,,,,,,,,,,,,,,,,,,,,,,0x1E19CF2D73a72Ef1332C882F20534B6519Be0276
2022-08-09,"['0xae78736Cd615f374D3085123A210448E74Fc6393', '0xC02aaA39b223FE8D0A0e5C4F27eAD9083C756Cc2']",,,,,,,,,,,,,,,,,,,,,,,,,,,,,,,,,0x1E19CF2D73a72Ef1332C882F20534B6519Be0276
2022-08-10,"['0xae78736Cd615f374D3085123A210448E74Fc6393', '0xC02aaA39b223FE8D0A0e5C4F27eAD9083C756Cc2']",,,,,,,,,,,,,,,,,,,,,,,,,,,,,,,,,0x1E19CF2D73a72Ef1332C882F20534B6519Be0276
2022-08-11,"['0xae78736Cd615f374D3085123A210448E74Fc6393', '0xC02aaA39b223FE8D0A0e5C4F27eAD9083C756Cc2']",,,,,,,,,,,,,,,,,,,,,,,,,,,,,,,,,0x1E19CF2D73a72Ef1332C882F20534B6519Be0276
2022-08-12,"['0xae78736Cd615f374D3085123A210448E74Fc6393', '0xC02aaA39b223FE8D0A0e5C4F27eAD9083C756Cc2']",,,,,,,,,,,,,,,,,,,,,,,,,,,,,,,,,0x1E19CF2D73a72Ef1332C882F20534B6519Be0276
2022-08-13,"['0xae78736Cd615f374D3085123A210448E74Fc6393', '0xC02aaA39b223FE8D0A0e5C4F27eAD9083C756Cc2']",,,,,,,,,,,,,,,,,,,,,,,,,,,,,,,,,0x1E19CF2D73a72Ef1332C882F20534B6519Be0276
2022-08-14,"['0xae78736Cd615f374D3085123A210448E74Fc6393', '0xC02aaA39b223FE8D0A0e5C4F27eAD9083C756Cc2']",,,,,,,,,,,,,,,,,,,,,,,,,,,,,,,,,0x1E19CF2D73a72Ef1332C882F20534B6519Be0276
2022-08-15,"['0xae78736Cd615f374D3085123A210448E74Fc6393', '0xC02aaA39b223FE8D0A0e5C4F27eAD9083C756Cc2']",,,,,,,,,,,,,,,,,,,,,,,,,,,,,,,,,0x1E19CF2D73a72Ef1332C882F20534B6519Be0276
2022-08-16,"['0xae78736Cd615f374D3085123A210448E74Fc6393', '0xC02aaA39b223FE8D0A0e5C4F27eAD9083C756Cc2']",,,,,,,,,,,,,,,,,,,,,,,,,,,,,,,,,0x1E19CF2D73a72Ef1332C882F20534B6519Be0276
2022-08-17,"['0xae78736Cd615f374D3085123A210448E74Fc6393', '0xC02aaA39b223FE8D0A0e5C4F27eAD9083C756Cc2']",,,,,,,,,,,,,,,,,,,,,,,,,,,,,,,,,0x1E19CF2D73a72Ef1332C882F20534B6519Be0276
2022-08-18,"['0xae78736Cd615f374D3085123A210448E74Fc6393', '0xC02aaA39b223FE8D0A0e5C4F27eAD9083C756Cc2']",,,,,,,,,,,,,,,,,,,,,,,,,,,,,,,,,0x1E19CF2D73a72Ef1332C882F20534B6519Be0276
2022-08-19,"['0xae78736Cd615f374D3085123A210448E74Fc6393', '0xC02aaA39b223FE8D0A0e5C4F27eAD9083C756Cc2']",,,,,,,,,,,,,,,,,,,,,,,,,,,,,,,,,0x1E19CF2D73a72Ef1332C882F20534B6519Be0276
2022-08-20,"['0xae78736Cd615f374D3085123A210448E74Fc6393', '0xC02aaA39b223FE8D0A0e5C4F27eAD9083C756Cc2']",,,,,,,,,,,,,,,,,,,,,,,,,,,,,,,,,0x1E19CF2D73a72Ef1332C882F20534B6519Be0276
2022-08-21,"['0xae78736Cd615f374D3085123A210448E74Fc6393', '0xC02aaA39b223FE8D0A0e5C4F27eAD9083C756Cc2']",,,,,,,,,,,,,,,,,,,,,,,,,,,,,,,,,0x1E19CF2D73a72Ef1332C882F20534B6519Be0276
2022-08-22,"['0xae78736Cd615f374D3085123A210448E74Fc6393', '0xC02aaA39b223FE8D0A0e5C4F27eAD9083C756Cc2']",,,,,,,,,,,,,,,,,,,,,,,,,,,,,,,,,0x1E19CF2D73a72Ef1332C882F20534B6519Be0276
2022-08-23,"['0xae78736Cd615f374D3085123A210448E74Fc6393', '0xC02aaA39b223FE8D0A0e5C4F27eAD9083C756Cc2']",,,,,,,,,,,,,,,,,,,,,,,,,,,,,,,,,0x1E19CF2D73a72Ef1332C882F20534B6519Be0276
2022-08-24,"['0xae78736Cd615f374D3085123A210448E74Fc6393', '0xC02aaA39b223FE8D0A0e5C4F27eAD9083C756Cc2']",,,,,,,,,,,,,,,,,,,,,,,,,,,,,,,,,0x1E19CF2D73a72Ef1332C882F20534B6519Be0276
2022-08-25,"['0xae78736Cd615f374D3085123A210448E74Fc6393', '0xC02aaA39b223FE8D0A0e5C4F27eAD9083C756Cc2']",,,,,,,,,,,,,,,,,,,,,,,,,,,,,,,,,0x1E19CF2D73a72Ef1332C882F20534B6519Be0276
2022-08-26,"['0xae78736Cd615f374D3085123A210448E74Fc6393', '0xC02aaA39b223FE8D0A0e5C4F27eAD9083C756Cc2']",,,,,,,,,,,,,,,,,,,,,,,,,,,,,,,,,0x1E19CF2D73a72Ef1332C882F20534B6519Be0276
2022-08-27,"['0xae78736Cd615f374D3085123A210448E74Fc6393', '0xC02aaA39b223FE8D0A0e5C4F27eAD9083C756Cc2']",,,,,,,,,,,,,,,,,,,,,,,,,,,,,,,,,0x1E19CF2D73a72Ef1332C882F20534B6519Be0276
2022-08-28,"['0xae78736Cd615f374D3085123A210448E74Fc6393', '0xC02aaA39b223FE8D0A0e5C4F27eAD9083C756Cc2']",,,,,,,,,,,,,,,,,,,,,,,,,,,,,,,,,0x1E19CF2D73a72Ef1332C882F20534B6519Be0276
2022-08-29,"['0xae78736Cd615f374D3085123A210448E74Fc6393', '0xC02aaA39b223FE8D0A0e5C4F27eAD9083C756Cc2']",,,,,,,,,,,,,,,,,,,,,,,,,,,,,,,,,0x1E19CF2D73a72Ef1332C882F20534B6519Be0276
2022-08-30,"['0xae78736Cd615f374D3085123A210448E74Fc6393', '0xC02aaA39b223FE8D0A0e5C4F27eAD9083C756Cc2']",,,,,,,,,,,,,,,,,,,,,,,,,,,,,,,,,0x1E19CF2D73a72Ef1332C882F20534B6519Be0276
2022-08-31,"['0xae78736Cd615f374D3085123A210448E74Fc6393', '0xC02aaA39b223FE8D0A0e5C4F27eAD9083C756Cc2']",,,,,,,,,,,,,,,,,,,,,,,,,,,,,,,,,0x1E19CF2D73a72Ef1332C882F20534B6519Be0276
2022-09-01,"['0xae78736Cd615f374D3085123A210448E74Fc6393', '0xC02aaA39b223FE8D0A0e5C4F27eAD9083C756Cc2']",,,,,,,,,,,,,,,,,,,,,,,,,,,,,,,,,0x1E19CF2D73a72Ef1332C882F20534B6519Be0276
2022-09-02,"['0xae78736Cd615f374D3085123A210448E74Fc6393', '0xC02aaA39b223FE8D0A0e5C4F27eAD9083C756Cc2']",,,,,,,,,,,,,,,,,,,,,,,,,,,,,,,,,0x1E19CF2D73a72Ef1332C882F20534B6519Be0276
2022-09-03,"['0xae78736Cd615f374D3085123A210448E74Fc6393', '0xC02aaA39b223FE8D0A0e5C4F27eAD9083C756Cc2']",,,,,,,,,,,,,,,,,,,,,,,,,,,,,,,,,0x1E19CF2D73a72Ef1332C882F20534B6519Be0276
2022-09-04,"['0xae78736Cd615f374D3085123A210448E74Fc6393', '0xC02aaA39b223FE8D0A0e5C4F27eAD9083C756Cc2']",,,,,,,,,,,,,,,,,,,,,,,,,,,,,,,,,0x1E19CF2D73a72Ef1332C882F20534B6519Be0276
2022-09-05,"['0xae78736Cd615f374D3085123A210448E74Fc6393', '0xC02aaA39b223FE8D0A0e5C4F27eAD9083C756Cc2']",,,,,,,,,,,,,,,,,,,,,,,,,,,,,,,,,0x1E19CF2D73a72Ef1332C882F20534B6519Be0276
2022-09-06,"['0xae78736Cd615f374D3085123A210448E74Fc6393', '0xC02aaA39b223FE8D0A0e5C4F27eAD9083C756Cc2']",,,,,,,,,,,,,,,,,,,,,,,,,,,,,,,,,0x1E19CF2D73a72Ef1332C882F20534B6519Be0276
2022-09-07,"['0xae78736Cd615f374D3085123A210448E74Fc6393', '0xC02aaA39b223FE8D0A0e5C4F27eAD9083C756Cc2']",,,,,,,,,,,,,,,,,,,,,,,,,,,,,,,,,0x1E19CF2D73a72Ef1332C882F20534B6519Be0276
2022-09-08,"['0xae78736Cd615f374D3085123A210448E74Fc6393', '0xC02aaA39b223FE8D0A0e5C4F27eAD9083C756Cc2']",,,,,,,,,,,,,,,,,,,,,,,,,,,,,,,,,0x1E19CF2D73a72Ef1332C882F20534B6519Be0276
2022-09-09,"['0xae78736Cd615f374D3085123A210448E74Fc6393', '0xC02aaA39b223FE8D0A0e5C4F27eAD9083C756Cc2']",,,,,,,,,,,,,,,,,,,,,,,,,,,,,,,,,0x1E19CF2D73a72Ef1332C882F20534B6519Be0276
2022-09-10,"['0xae78736Cd615f374D3085123A210448E74Fc6393', '0xC02aaA39b223FE8D0A0e5C4F27eAD9083C756Cc2']",,,,,,,,,,,,,,,,,,,,,,,,,,,,,,,,,0x1E19CF2D73a72Ef1332C882F20534B6519Be0276
2022-09-11,"['0xae78736Cd615f374D3085123A210448E74Fc6393', '0xC02aaA39b223FE8D0A0e5C4F27eAD9083C756Cc2']",,,,,,,,,,,,,,,,,,,,,,,,,,,,,,,,,0x1E19CF2D73a72Ef1332C882F20534B6519Be0276
2022-09-12,"['0xae78736Cd615f374D3085123A210448E74Fc6393', '0xC02aaA39b223FE8D0A0e5C4F27eAD9083C756Cc2']",,,,,,,,,,,,,,,,,,,,,,,,,,,,,,,,,0x1E19CF2D73a72Ef1332C882F20534B6519Be0276
2022-09-13,"['0xae78736Cd615f374D3085123A210448E74Fc6393', '0xC02aaA39b223FE8D0A0e5C4F27eAD9083C756Cc2']",,,,,,,,,,,,,,,,,,,,,,,,,,,,,,,,,0x1E19CF2D73a72Ef1332C882F20534B6519Be0276
2022-09-14,"['0xae78736Cd615f374D3085123A210448E74Fc6393', '0xC02aaA39b223FE8D0A0e5C4F27eAD9083C756Cc2']",,,,,,,,,,,,,,,,,,,,,,,,,,,,,,,,,0x1E19CF2D73a72Ef1332C882F20534B6519Be0276
2022-09-15,"['0xae78736Cd615f374D3085123A210448E74Fc6393', '0xC02aaA39b223FE8D0A0e5C4F27eAD9083C756Cc2']",,,,,,,,,,,,,,,,,,,,,,,,,,,,,,,,,0x1E19CF2D73a72Ef1332C882F20534B6519Be0276
2022-09-16,"['0xae78736Cd615f374D3085123A210448E74Fc6393', '0xC02aaA39b223FE8D0A0e5C4F27eAD9083C756Cc2']",,,,,,,,,,,,,,,,,,,,,,,,,,,,,,,,,0x1E19CF2D73a72Ef1332C882F20534B6519Be0276
2022-09-17,"['0xae78736Cd615f374D3085123A210448E74Fc6393', '0xC02aaA39b223FE8D0A0e5C4F27eAD9083C756Cc2']",,,,,,,,,,,,,,,,,,,,,,,,,,,,,,,,,0x1E19CF2D73a72Ef1332C882F20534B6519Be0276
2022-09-18,"['0xae78736Cd615f374D3085123A210448E74Fc6393', '0xC02aaA39b223FE8D0A0e5C4F27eAD9083C756Cc2']",,,,,,,,,,,,,,,,,,,,,,,,,,,,,,,,,0x1E19CF2D73a72Ef1332C882F20534B6519Be0276
2022-09-19,"['0xae78736Cd615f374D3085123A210448E74Fc6393', '0xC02aaA39b223FE8D0A0e5C4F27eAD9083C756Cc2']",,,,,,,,,,,,,,,,,,,,,,,,,,,,,,,,,0x1E19CF2D73a72Ef1332C882F20534B6519Be0276
2022-09-20,"['0xae78736Cd615f374D3085123A210448E74Fc6393', '0xC02aaA39b223FE8D0A0e5C4F27eAD9083C756Cc2']",,,,,,,,,,,,,,,,,,,,,,,,,,,,,,,,,0x1E19CF2D73a72Ef1332C882F20534B6519Be0276
2022-09-21,"['0xae78736Cd615f374D3085123A210448E74Fc6393', '0xC02aaA39b223FE8D0A0e5C4F27eAD9083C756Cc2']",,,,,,,,,,,,,,,,,,,,,,,,,,,,,,,,,0x1E19CF2D73a72Ef1332C882F20534B6519Be0276
2022-09-22,"['0xae78736Cd615f374D3085123A210448E74Fc6393', '0xC02aaA39b223FE8D0A0e5C4F27eAD9083C756Cc2']",,,,,,,,,,,,,,,,,,,,,,,,,,,,,,,,,0x1E19CF2D73a72Ef1332C882F20534B6519Be0276
2022-09-23,"['0xae78736Cd615f374D3085123A210448E74Fc6393', '0xC02aaA39b223FE8D0A0e5C4F27eAD9083C756Cc2']",,,,,,,,,,,,,,,,,,,,,,,,,,,,,,,,,0x1E19CF2D73a72Ef1332C882F20534B6519Be0276
2022-09-24,"['0xae78736Cd615f374D3085123A210448E74Fc6393', '0xC02aaA39b223FE8D0A0e5C4F27eAD9083C756Cc2']",,,,,,,,,,,,,,,,,,,,,,,,,,,,,,,,,0x1E19CF2D73a72Ef1332C882F20534B6519Be0276
2022-09-25,"['0xae78736Cd615f374D3085123A210448E74Fc6393', '0xC02aaA39b223FE8D0A0e5C4F27eAD9083C756Cc2']",,,,,,,,,,,,,,,,,,,,,,,,,,,,,,,,,0x1E19CF2D73a72Ef1332C882F20534B6519Be0276
2022-09-26,"['0xae78736Cd615f374D3085123A210448E74Fc6393', '0xC02aaA39b223FE8D0A0e5C4F27eAD9083C756Cc2']",,,,,,,,,,,,,,,,,,,,,,,,,,,,,,,,,0x1E19CF2D73a72Ef1332C882F20534B6519Be0276
2022-09-27,"['0xae78736Cd615f374D3085123A210448E74Fc6393', '0xC02aaA39b223FE8D0A0e5C4F27eAD9083C756Cc2']",,,,,,,,,,,,,,,,,,,,,,,,,,,,,,,,,0x1E19CF2D73a72Ef1332C882F20534B6519Be0276
2022-09-28,"['0xae78736Cd615f374D3085123A210448E74Fc6393', '0xC02aaA39b223FE8D0A0e5C4F27eAD9083C756Cc2']",,,,,,,,,,,,,,,,,,,,,,,,,,,,,,,,,0x1E19CF2D73a72Ef1332C882F20534B6519Be0276
2022-09-29,"['0xae78736Cd615f374D3085123A210448E74Fc6393', '0xC02aaA39b223FE8D0A0e5C4F27eAD9083C756Cc2']",,,,,,,,,,,,,,,,,,,,,,,,,,,,,,,,,0x1E19CF2D73a72Ef1332C882F20534B6519Be0276
2022-09-30,"['0xae78736Cd615f374D3085123A210448E74Fc6393', '0xC02aaA39b223FE8D0A0e5C4F27eAD9083C756Cc2']",,,,,,,,,,,,,,,,,,,,,,,,,,,,,,,,,0x1E19CF2D73a72Ef1332C882F20534B6519Be0276
2022-10-01,"['0xae78736Cd615f374D3085123A210448E74Fc6393', '0xC02aaA39b223FE8D0A0e5C4F27eAD9083C756Cc2']",,,,,,,,,,,,,,,,,,,,,,,,,,,,,,,,,0x1E19CF2D73a72Ef1332C882F20534B6519Be0276
2022-10-02,"['0xae78736Cd615f374D3085123A210448E74Fc6393', '0xC02aaA39b223FE8D0A0e5C4F27eAD9083C756Cc2']",,,,,,,,,,,,,,,,,,,,,,,,,,,,,,,,,0x1E19CF2D73a72Ef1332C882F20534B6519Be0276
2022-10-03,"['0xae78736Cd615f374D3085123A210448E74Fc6393', '0xC02aaA39b223FE8D0A0e5C4F27eAD9083C756Cc2']",,,,,,,,,,,,,,,,,,,,,,,,,,,,,,,,,0x1E19CF2D73a72Ef1332C882F20534B6519Be0276
2022-10-04,"['0xae78736Cd615f374D3085123A210448E74Fc6393', '0xC02aaA39b223FE8D0A0e5C4F27eAD9083C756Cc2']",,,,,,,,,,,,,,,,,,,,,,,,,,,,,,,,,0x1E19CF2D73a72Ef1332C882F20534B6519Be0276
2022-10-05,"['0xae78736Cd615f374D3085123A210448E74Fc6393', '0xC02aaA39b223FE8D0A0e5C4F27eAD9083C756Cc2']",,,,,,,,,,,,,,,,,,,,,,,,,,,,,,,,,0x1E19CF2D73a72Ef1332C882F20534B6519Be0276
2022-10-06,"['0xae78736Cd615f374D3085123A210448E74Fc6393', '0xC02aaA39b223FE8D0A0e5C4F27eAD9083C756Cc2']",,,,,,,,,,,,,,,,,,,,,,,,,,,,,,,,,0x1E19CF2D73a72Ef1332C882F20534B6519Be0276
2022-10-07,"['0xae78736Cd615f374D3085123A210448E74Fc6393', '0xC02aaA39b223FE8D0A0e5C4F27eAD9083C756Cc2']",,,,,,,,,,,,,,,,,,,,,,,,,,,,,,,,,0x1E19CF2D73a72Ef1332C882F20534B6519Be0276
2022-10-08,"['0xae78736Cd615f374D3085123A210448E74Fc6393', '0xC02aaA39b223FE8D0A0e5C4F27eAD9083C756Cc2']",,,,,,,,,,,,,,,,,,,,,,,,,,,,,,,,,0x1E19CF2D73a72Ef1332C882F20534B6519Be0276
2022-10-09,"['0xae78736Cd615f374D3085123A210448E74Fc6393', '0xC02aaA39b223FE8D0A0e5C4F27eAD9083C756Cc2']",,,,,,,,,,,,,,,,,,,,,,,,,,,,,,,,,0x1E19CF2D73a72Ef1332C882F20534B6519Be0276
2022-10-10,"['0xae78736Cd615f374D3085123A210448E74Fc6393', '0xC02aaA39b223FE8D0A0e5C4F27eAD9083C756Cc2']",,,,,,,,,,,,,,,,,,,,,,,,,,,,,,,,,0x1E19CF2D73a72Ef1332C882F20534B6519Be0276
2022-10-11,"['0xae78736Cd615f374D3085123A210448E74Fc6393', '0xC02aaA39b223FE8D0A0e5C4F27eAD9083C756Cc2']",,,,,,,,,,,,,,,,,,,,,,,,,,,,,,,,,0x1E19CF2D73a72Ef1332C882F20534B6519Be0276
2022-10-12,"['0xae78736Cd615f374D3085123A210448E74Fc6393', '0xC02aaA39b223FE8D0A0e5C4F27eAD9083C756Cc2']",,,,,,,,,,,,,,,,,,,,,,,,,,,,,,,,,0x1E19CF2D73a72Ef1332C882F20534B6519Be0276
2022-10-13,"['0xae78736Cd615f374D3085123A210448E74Fc6393', '0xC02aaA39b223FE8D0A0e5C4F27eAD9083C756Cc2']",,,,,,,,,,,,,,,,,,,,,,,,,,,,,,,,,0x1E19CF2D73a72Ef1332C882F20534B6519Be0276
2022-10-14,"['0xae78736Cd615f374D3085123A210448E74Fc6393', '0xC02aaA39b223FE8D0A0e5C4F27eAD9083C756Cc2']",,,,,,,,,,,,,,,,,,,,,,,,,,,,,,,,,0x1E19CF2D73a72Ef1332C882F20534B6519Be0276
2022-10-15,"['0xae78736Cd615f374D3085123A210448E74Fc6393', '0xC02aaA39b223FE8D0A0e5C4F27eAD9083C756Cc2']",,,,,,,,,,,,,,,,,,,,,,,,,,,,,,,,,0x1E19CF2D73a72Ef1332C882F20534B6519Be0276
2022-10-16,"['0xae78736Cd615f374D3085123A210448E74Fc6393', '0xC02aaA39b223FE8D0A0e5C4F27eAD9083C756Cc2']",,,,,,,,,,,,,,,,,,,,,,,,,,,,,,,,,0x1E19CF2D73a72Ef1332C882F20534B6519Be0276
2022-10-17,"['0xae78736Cd615f374D3085123A210448E74Fc6393', '0xC02aaA39b223FE8D0A0e5C4F27eAD9083C756Cc2']",,,,,,,,,,,,,,,,,,,,,,,,,,,,,,,,,0x1E19CF2D73a72Ef1332C882F20534B6519Be0276
2022-10-18,"['0xae78736Cd615f374D3085123A210448E74Fc6393', '0xC02aaA39b223FE8D0A0e5C4F27eAD9083C756Cc2']",,,,,,,,,,,,,,,,,,,,,,,,,,,,,,,,,0x1E19CF2D73a72Ef1332C882F20534B6519Be0276
2022-10-19,"['0xae78736Cd615f374D3085123A210448E74Fc6393', '0xC02aaA39b223FE8D0A0e5C4F27eAD9083C756Cc2']",,,,,,,,,,,,,,,,,,,,,,,,,,,,,,,,,0x1E19CF2D73a72Ef1332C882F20534B6519Be0276
2022-10-20,"['0xae78736Cd615f374D3085123A210448E74Fc6393', '0xC02aaA39b223FE8D0A0e5C4F27eAD9083C756Cc2']",,,,,,,,,,,,,,,,,,,,,,,,,,,,,,,,,0x1E19CF2D73a72Ef1332C882F20534B6519Be0276
2022-10-21,"['0xae78736Cd615f374D3085123A210448E74Fc6393', '0xC02aaA39b223FE8D0A0e5C4F27eAD9083C756Cc2']",,,,,,,,,,,,,,,,,,,,,,,,,,,,,,,,,0x1E19CF2D73a72Ef1332C882F20534B6519Be0276
2022-10-22,"['0xae78736Cd615f374D3085123A210448E74Fc6393', '0xC02aaA39b223FE8D0A0e5C4F27eAD9083C756Cc2']",,,,,,,,,,,,,,,,,,,,,,,,,,,,,,,,,0x1E19CF2D73a72Ef1332C882F20534B6519Be0276
2022-10-23,"['0xae78736Cd615f374D3085123A210448E74Fc6393', '0xC02aaA39b223FE8D0A0e5C4F27eAD9083C756Cc2']",,,,,,,,,,,,,,,,,,,,,,,,,,,,,,,,,0x1E19CF2D73a72Ef1332C882F20534B6519Be0276
2022-10-24,"['0xae78736Cd615f374D3085123A210448E74Fc6393', '0xC02aaA39b223FE8D0A0e5C4F27eAD9083C756Cc2']",,,,,,,,,,,,,,,,,,,,,,,,,,,,,,,,,0x1E19CF2D73a72Ef1332C882F20534B6519Be0276
2022-10-25,"['0xae78736Cd615f374D3085123A210448E74Fc6393', '0xC02aaA39b223FE8D0A0e5C4F27eAD9083C756Cc2']",,,,,,,,,,,,,,,,,,,,,,,,,,,,,,,,,0x1E19CF2D73a72Ef1332C882F20534B6519Be0276
2022-10-26,"['0xae78736Cd615f374D3085123A210448E74Fc6393', '0xC02aaA39b223FE8D0A0e5C4F27eAD9083C756Cc2']",,,,,,,,,,,,,,,,,,,,,,,,,,,,,,,,,0x1E19CF2D73a72Ef1332C882F20534B6519Be0276
2022-10-27,"['0xae78736Cd615f374D3085123A210448E74Fc6393', '0xC02aaA39b223FE8D0A0e5C4F27eAD9083C756Cc2']",,,,,,,,,,,,,,,,,,,,,,,,,,,,,,,,,0x1E19CF2D73a72Ef1332C882F20534B6519Be0276
2022-10-28,"['0xae78736Cd615f374D3085123A210448E74Fc6393', '0xC02aaA39b223FE8D0A0e5C4F27eAD9083C756Cc2']",,,,,,,,,,,,,,,,,,,,,,,,,,,,,,,,,0x1E19CF2D73a72Ef1332C882F20534B6519Be0276
2022-10-29,"['0xae78736Cd615f374D3085123A210448E74Fc6393', '0xC02aaA39b223FE8D0A0e5C4F27eAD9083C756Cc2']",,,,,,,,,,,,,,,,,,,,,,,,,,,,,,,,,0x1E19CF2D73a72Ef1332C882F20534B6519Be0276
2022-10-30,"['0xae78736Cd615f374D3085123A210448E74Fc6393', '0xC02aaA39b223FE8D0A0e5C4F27eAD9083C756Cc2']",,,,,,,,,,,,,,,,,,,,,,,,,,,,,,,,,0x1E19CF2D73a72Ef1332C882F20534B6519Be0276
2022-10-31,"['0xae78736Cd615f374D3085123A210448E74Fc6393', '0xC02aaA39b223FE8D0A0e5C4F27eAD9083C756Cc2']",,,,,,,,,,,,,,,,,,,,,,,,,,,,,,,,,0x1E19CF2D73a72Ef1332C882F20534B6519Be0276
2022-11-01,"['0xae78736Cd615f374D3085123A210448E74Fc6393', '0xC02aaA39b223FE8D0A0e5C4F27eAD9083C756Cc2']",,,,,,,,,,,,,,,,,,,,,,,,,,,,,,,,,0x1E19CF2D73a72Ef1332C882F20534B6519Be0276
2022-11-02,"['0xae78736Cd615f374D3085123A210448E74Fc6393', '0xC02aaA39b223FE8D0A0e5C4F27eAD9083C756Cc2']",,,,,,,,,,,,,,,,,,,,,,,,,,,,,,,,,0x1E19CF2D73a72Ef1332C882F20534B6519Be0276
2022-11-03,"['0xae78736Cd615f374D3085123A210448E74Fc6393', '0xC02aaA39b223FE8D0A0e5C4F27eAD9083C756Cc2']",,,,,,,,,,,,,,,,,,,,,,,,,,,,,,,,,0x1E19CF2D73a72Ef1332C882F20534B6519Be0276
2022-11-04,"['0xae78736Cd615f374D3085123A210448E74Fc6393', '0xC02aaA39b223FE8D0A0e5C4F27eAD9083C756Cc2']",,,,,,,,,,,,,,,,,,,,,,,,,,,,,,,,,0x1E19CF2D73a72Ef1332C882F20534B6519Be0276
2022-11-05,"['0xae78736Cd615f374D3085123A210448E74Fc6393', '0xC02aaA39b223FE8D0A0e5C4F27eAD9083C756Cc2']",,,,,,,,,,,,,,,,,,,,,,,,,,,,,,,,,0x1E19CF2D73a72Ef1332C882F20534B6519Be0276
2022-11-06,"['0xae78736Cd615f374D3085123A210448E74Fc6393', '0xC02aaA39b223FE8D0A0e5C4F27eAD9083C756Cc2']",,,,,,,,,,,,,,,,,,,,,,,,,,,,,,,,,0x1E19CF2D73a72Ef1332C882F20534B6519Be0276
2022-11-07,"['0xae78736Cd615f374D3085123A210448E74Fc6393', '0xC02aaA39b223FE8D0A0e5C4F27eAD9083C756Cc2']",,,,,,,,,,,,,,,,,,,,,,,,,,,,,,,,,0x1E19CF2D73a72Ef1332C882F20534B6519Be0276
2022-11-08,"['0xae78736Cd615f374D3085123A210448E74Fc6393', '0xC02aaA39b223FE8D0A0e5C4F27eAD9083C756Cc2']",,,,,,,,,,,,,,,,,,,,,,,,,,,,,,,,,0x1E19CF2D73a72Ef1332C882F20534B6519Be0276
2022-11-09,"['0xae78736Cd615f374D3085123A210448E74Fc6393', '0xC02aaA39b223FE8D0A0e5C4F27eAD9083C756Cc2']",,,,,,,,,,,,,,,,,,,,,,,,,,,,,,,,,0x1E19CF2D73a72Ef1332C882F20534B6519Be0276
2022-11-10,"['0xae78736Cd615f374D3085123A210448E74Fc6393', '0xC02aaA39b223FE8D0A0e5C4F27eAD9083C756Cc2']",,,,,,,,,,,,,,,,,,,,,,,,,,,,,,,,,0x1E19CF2D73a72Ef1332C882F20534B6519Be0276
2022-11-11,"['0xae78736Cd615f374D3085123A210448E74Fc6393', '0xC02aaA39b223FE8D0A0e5C4F27eAD9083C756Cc2']",,,,,,,,,,,,,,,,,,,,,,,,,,,,,,,,,0x1E19CF2D73a72Ef1332C882F20534B6519Be0276
2022-11-12,"['0xae78736Cd615f374D3085123A210448E74Fc6393', '0xC02aaA39b223FE8D0A0e5C4F27eAD9083C756Cc2']",,,,,,,,,,,,,,,,,,,,,,,,,,,,,,,,,0x1E19CF2D73a72Ef1332C882F20534B6519Be0276
2022-11-13,"['0xae78736Cd615f374D3085123A210448E74Fc6393', '0xC02aaA39b223FE8D0A0e5C4F27eAD9083C756Cc2']",,,,,,,,,,,,,,,,,,,,,,,,,,,,,,,,,0x1E19CF2D73a72Ef1332C882F20534B6519Be0276
2022-11-14,"['0xae78736Cd615f374D3085123A210448E74Fc6393', '0xC02aaA39b223FE8D0A0e5C4F27eAD9083C756Cc2']",,,,,,,,,,,,,,,,,,,,,,,,,,,,,,,,,0x1E19CF2D73a72Ef1332C882F20534B6519Be0276
2022-11-15,"['0xae78736Cd615f374D3085123A210448E74Fc6393', '0xC02aaA39b223FE8D0A0e5C4F27eAD9083C756Cc2']",,,,,,,,,,,,,,,,,,,,,,,,,,,,,,,,,0x1E19CF2D73a72Ef1332C882F20534B6519Be0276
2022-11-16,"['0xae78736Cd615f374D3085123A210448E74Fc6393', '0xC02aaA39b223FE8D0A0e5C4F27eAD9083C756Cc2']",,,,,,,,,,,,,,,,,,,,,,,,,,,,,,,,,0x1E19CF2D73a72Ef1332C882F20534B6519Be0276
2022-11-17,"['0xae78736Cd615f374D3085123A210448E74Fc6393', '0xC02aaA39b223FE8D0A0e5C4F27eAD9083C756Cc2']",,,,,,,,,,,,,,,,,,,,,,,,,,,,,,,,,0x1E19CF2D73a72Ef1332C882F20534B6519Be0276
2022-11-18,"['0xae78736Cd615f374D3085123A210448E74Fc6393', '0xC02aaA39b223FE8D0A0e5C4F27eAD9083C756Cc2']",,,,,,,,,,,,,,,,,,,,,,,,,,,,,,,,,0x1E19CF2D73a72Ef1332C882F20534B6519Be0276
2022-11-19,"['0xae78736Cd615f374D3085123A210448E74Fc6393', '0xC02aaA39b223FE8D0A0e5C4F27eAD9083C756Cc2']",,,,,,,,,,,,,,,,,,,,,,,,,,,,,,,,,0x1E19CF2D73a72Ef1332C882F20534B6519Be0276
2022-11-20,"['0xae78736Cd615f374D3085123A210448E74Fc6393', '0xC02aaA39b223FE8D0A0e5C4F27eAD9083C756Cc2']",,,,,,,,,,,,,,,,,,,,,,,,,,,,,,,,,0x1E19CF2D73a72Ef1332C882F20534B6519Be0276
2022-11-21,"['0xae78736Cd615f374D3085123A210448E74Fc6393', '0xC02aaA39b223FE8D0A0e5C4F27eAD9083C756Cc2']",,,,,,,,,,,,,,,,,,,,,,,,,,,,,,,,,0x1E19CF2D73a72Ef1332C882F20534B6519Be0276
2022-11-22,"['0xae78736Cd615f374D3085123A210448E74Fc6393', '0xC02aaA39b223FE8D0A0e5C4F27eAD9083C756Cc2']",,,,,,,,,,,,,,,,,,,,,,,,,,,,,,,,,0x1E19CF2D73a72Ef1332C882F20534B6519Be0276
2022-11-23,"['0xae78736Cd615f374D3085123A210448E74Fc6393', '0xC02aaA39b223FE8D0A0e5C4F27eAD9083C756Cc2']",,,,,,,,,,,,,,,,,,,,,,,,,,,,,,,,,0x1E19CF2D73a72Ef1332C882F20534B6519Be0276
2022-11-24,"['0xae78736Cd615f374D3085123A210448E74Fc6393', '0xC02aaA39b223FE8D0A0e5C4F27eAD9083C756Cc2']",,,,,,,,,,,,,,,,,,,,,,,,,,,,,,,,,0x1E19CF2D73a72Ef1332C882F20534B6519Be0276
2022-11-25,"['0xae78736Cd615f374D3085123A210448E74Fc6393', '0xC02aaA39b223FE8D0A0e5C4F27eAD9083C756Cc2']",,,,,,,,,,,,,,,,,,,,,,,,,,,,,,,,,0x1E19CF2D73a72Ef1332C882F20534B6519Be0276
2022-11-26,"['0xae78736Cd615f374D3085123A210448E74Fc6393', '0xC02aaA39b223FE8D0A0e5C4F27eAD9083C756Cc2']",,,,,,,,,,,,,,,,,,,,,,,,,,,,,,,,,0x1E19CF2D73a72Ef1332C882F20534B6519Be0276
2022-11-27,"['0xae78736Cd615f374D3085123A210448E74Fc6393', '0xC02aaA39b223FE8D0A0e5C4F27eAD9083C756Cc2']",,,,,,,,,,,,,,,,,,,,,,,,,,,,,,,,,0x1E19CF2D73a72Ef1332C882F20534B6519Be0276
2022-11-28,"['0xae78736Cd615f374D3085123A210448E74Fc6393', '0xC02aaA39b223FE8D0A0e5C4F27eAD9083C756Cc2']",,,,,,,,,,,,,,,,,,,,,,,,,,,,,,,,,0x1E19CF2D73a72Ef1332C882F20534B6519Be0276
2022-11-29,"['0xae78736Cd615f374D3085123A210448E74Fc6393', '0xC02aaA39b223FE8D0A0e5C4F27eAD9083C756Cc2']",,,,,,,,,,,,,,,,,,,,,,,,,,,,,,,,,0x1E19CF2D73a72Ef1332C882F20534B6519Be0276
2022-11-30,"['0xae78736Cd615f374D3085123A210448E74Fc6393', '0xC02aaA39b223FE8D0A0e5C4F27eAD9083C756Cc2']",,,,,,,,,,,,,,,,,,,,,,,,,,,,,,,,,0x1E19CF2D73a72Ef1332C882F20534B6519Be0276
2022-12-01,"['0xae78736Cd615f374D3085123A210448E74Fc6393', '0xC02aaA39b223FE8D0A0e5C4F27eAD9083C756Cc2']",,,,,,,,,,,,,,,,,,,,,,,,,,,,,,,,,0x1E19CF2D73a72Ef1332C882F20534B6519Be0276
2022-12-02,"['0xae78736Cd615f374D3085123A210448E74Fc6393', '0xC02aaA39b223FE8D0A0e5C4F27eAD9083C756Cc2']",,,,,,,,,,,,,,,,,,,,,,,,,,,,,,,,,0x1E19CF2D73a72Ef1332C882F20534B6519Be0276
2022-12-03,"['0xae78736Cd615f374D3085123A210448E74Fc6393', '0xC02aaA39b223FE8D0A0e5C4F27eAD9083C756Cc2']",,,,,,,,,,,,,,,,,,,,,,,,,,,,,,,,,0x1E19CF2D73a72Ef1332C882F20534B6519Be0276
2022-12-04,"['0xae78736Cd615f374D3085123A210448E74Fc6393', '0xC02aaA39b223FE8D0A0e5C4F27eAD9083C756Cc2']",,,,,,,,,,,,,,,,,,,,,,,,,,,,,,,,,0x1E19CF2D73a72Ef1332C882F20534B6519Be0276
2022-12-05,"['0xae78736Cd615f374D3085123A210448E74Fc6393', '0xC02aaA39b223FE8D0A0e5C4F27eAD9083C756Cc2']",,,,,,,,,,,,,,,,,,,,,,,,,,,,,,,,,0x1E19CF2D73a72Ef1332C882F20534B6519Be0276
2022-12-06,"['0xae78736Cd615f374D3085123A210448E74Fc6393', '0xC02aaA39b223FE8D0A0e5C4F27eAD9083C756Cc2']",,,,,,,,,,,,,,,,,,,,,,,,,,,,,,,,,0x1E19CF2D73a72Ef1332C882F20534B6519Be0276
2022-12-07,"['0xae78736Cd615f374D3085123A210448E74Fc6393', '0xC02aaA39b223FE8D0A0e5C4F27eAD9083C756Cc2']",,,,,,,,,,,,,,,,,,,,,,,,,,,,,,,,,0x1E19CF2D73a72Ef1332C882F20534B6519Be0276
2022-12-08,"['0xae78736Cd615f374D3085123A210448E74Fc6393', '0xC02aaA39b223FE8D0A0e5C4F27eAD9083C756Cc2']",,,,,,,,,,,,,,,,,,,,,,,,,,,,,,,,,0x1E19CF2D73a72Ef1332C882F20534B6519Be0276
2022-12-09,"['0xae78736Cd615f374D3085123A210448E74Fc6393', '0xC02aaA39b223FE8D0A0e5C4F27eAD9083C756Cc2']",,,,,,,,,,,,,,,,,,,,,,,,,,,,,,,,,0x1E19CF2D73a72Ef1332C882F20534B6519Be0276
2022-12-10,"['0xae78736Cd615f374D3085123A210448E74Fc6393', '0xC02aaA39b223FE8D0A0e5C4F27eAD9083C756Cc2']",,,,,,,,,,,,,,,,,,,,,,,,,,,,,,,,,0x1E19CF2D73a72Ef1332C882F20534B6519Be0276
2022-12-11,"['0xae78736Cd615f374D3085123A210448E74Fc6393', '0xC02aaA39b223FE8D0A0e5C4F27eAD9083C756Cc2']",,,,,,,,,,,,,,,,,,,,,,,,,,,,,,,,,0x1E19CF2D73a72Ef1332C882F20534B6519Be0276
2022-12-12,"['0xae78736Cd615f374D3085123A210448E74Fc6393', '0xC02aaA39b223FE8D0A0e5C4F27eAD9083C756Cc2']",,,,,,,,,,,,,,,,,,,,,,,,,,,,,,,,,0x1E19CF2D73a72Ef1332C882F20534B6519Be0276
2022-12-13,"['0xae78736Cd615f374D3085123A210448E74Fc6393', '0xC02aaA39b223FE8D0A0e5C4F27eAD9083C756Cc2']",,,,,,,,,,,,,,,,,,,,,,,,,,,,,,,,,0x1E19CF2D73a72Ef1332C882F20534B6519Be0276
2022-12-14,"['0xae78736Cd615f374D3085123A210448E74Fc6393', '0xC02aaA39b223FE8D0A0e5C4F27eAD9083C756Cc2']",,,,,,,,,,,,,,,,,,,,,,,,,,,,,,,,,0x1E19CF2D73a72Ef1332C882F20534B6519Be0276
2022-12-15,"['0xae78736Cd615f374D3085123A210448E74Fc6393', '0xC02aaA39b223FE8D0A0e5C4F27eAD9083C756Cc2']",,,,,,,,,,,,,,,,,,,,,,,,,,,,,,,,,0x1E19CF2D73a72Ef1332C882F20534B6519Be0276
2022-12-16,"['0xae78736Cd615f374D3085123A210448E74Fc6393', '0xC02aaA39b223FE8D0A0e5C4F27eAD9083C756Cc2']",,,,,,,,,,,,,,,,,,,,,,,,,,,,,,,,,0x1E19CF2D73a72Ef1332C882F20534B6519Be0276
2022-12-17,"['0xae78736Cd615f374D3085123A210448E74Fc6393', '0xC02aaA39b223FE8D0A0e5C4F27eAD9083C756Cc2']",,,,,,,,,,,,,,,,,,,,,,,,,,,,,,,,,0x1E19CF2D73a72Ef1332C882F20534B6519Be0276
2022-12-18,"['0xae78736Cd615f374D3085123A210448E74Fc6393', '0xC02aaA39b223FE8D0A0e5C4F27eAD9083C756Cc2']",,,,,,,,,,,,,,,,,,,,,,,,,,,,,,,,,0x1E19CF2D73a72Ef1332C882F20534B6519Be0276
2022-12-19,"['0xae78736Cd615f374D3085123A210448E74Fc6393', '0xC02aaA39b223FE8D0A0e5C4F27eAD9083C756Cc2']",,,,,,,,,,,,,,,,,,,,,,,,,,,,,,,,,0x1E19CF2D73a72Ef1332C882F20534B6519Be0276
2022-12-20,"['0xae78736Cd615f374D3085123A210448E74Fc6393', '0xC02aaA39b223FE8D0A0e5C4F27eAD9083C756Cc2']",,,,,,,,,,,,,,,,,,,,,,,,,,,,,,,,,0x1E19CF2D73a72Ef1332C882F20534B6519Be0276
2022-12-21,"['0xae78736Cd615f374D3085123A210448E74Fc6393', '0xC02aaA39b223FE8D0A0e5C4F27eAD9083C756Cc2']",,,,,,,,,,,,,,,,,,,,,,,,,,,,,,,,,0x1E19CF2D73a72Ef1332C882F20534B6519Be0276
2022-12-22,"['0xae78736Cd615f374D3085123A210448E74Fc6393', '0xC02aaA39b223FE8D0A0e5C4F27eAD9083C756Cc2']",,,,,,,,,,,,,,,,,,,,,,,,,,,,,,,,,0x1E19CF2D73a72Ef1332C882F20534B6519Be0276
2022-12-23,"['0xae78736Cd615f374D3085123A210448E74Fc6393', '0xC02aaA39b223FE8D0A0e5C4F27eAD9083C756Cc2']",,,,,,,,,,,,,,,,,,,,,,,,,,,,,,,,,0x1E19CF2D73a72Ef1332C882F20534B6519Be0276
2022-12-24,"['0xae78736Cd615f374D3085123A210448E74Fc6393', '0xC02aaA39b223FE8D0A0e5C4F27eAD9083C756Cc2']",,,,,,,,,,,,,,,,,,,,,,,,,,,,,,,,,0x1E19CF2D73a72Ef1332C882F20534B6519Be0276
2022-12-25,"['0xae78736Cd615f374D3085123A210448E74Fc6393', '0xC02aaA39b223FE8D0A0e5C4F27eAD9083C756Cc2']",,,,,,,,,,,,,,,,,,,,,,,,,,,,,,,,,0x1E19CF2D73a72Ef1332C882F20534B6519Be0276
2022-12-26,"['0xae78736Cd615f374D3085123A210448E74Fc6393', '0xC02aaA39b223FE8D0A0e5C4F27eAD9083C756Cc2']",,,,,,,,,,,,,,,,,,,,,,,,,,,,,,,,,0x1E19CF2D73a72Ef1332C882F20534B6519Be0276
2022-12-27,"['0xae78736Cd615f374D3085123A210448E74Fc6393', '0xC02aaA39b223FE8D0A0e5C4F27eAD9083C756Cc2']",,,,,,,,,,,,,,,,,,,,,,,,,,,,,,,,,0x1E19CF2D73a72Ef1332C882F20534B6519Be0276
2022-12-28,"['0xae78736Cd615f374D3085123A210448E74Fc6393', '0xC02aaA39b223FE8D0A0e5C4F27eAD9083C756Cc2']",,,,,,,,,,,,,,,,,,,,,,,,,,,,,,,,,0x1E19CF2D73a72Ef1332C882F20534B6519Be0276
2022-12-29,"['0xae78736Cd615f374D3085123A210448E74Fc6393', '0xC02aaA39b223FE8D0A0e5C4F27eAD9083C756Cc2']",,,,,,,,,,,,,,,,,,,,,,,,,,,,,,,,,0x1E19CF2D73a72Ef1332C882F20534B6519Be0276
2022-12-30,"['0xae78736Cd615f374D3085123A210448E74Fc6393', '0xC02aaA39b223FE8D0A0e5C4F27eAD9083C756Cc2']",,,,,,,,,,,,,,,,,,,,,,,,,,,,,,,,,0x1E19CF2D73a72Ef1332C882F20534B6519Be0276
2022-12-31,"['0xae78736Cd615f374D3085123A210448E74Fc6393', '0xC02aaA39b223FE8D0A0e5C4F27eAD9083C756Cc2']",,,,,,,,,,,,,,,,,,,,,,,,,,,,,,,,,0x1E19CF2D73a72Ef1332C882F20534B6519Be0276
2023-01-01,"['0xae78736Cd615f374D3085123A210448E74Fc6393', '0xC02aaA39b223FE8D0A0e5C4F27eAD9083C756Cc2']",,,,,,,,,,,,,,,,,,,,,,,,,,,,,,,,,0x1E19CF2D73a72Ef1332C882F20534B6519Be0276
2023-01-02,"['0xae78736Cd615f374D3085123A210448E74Fc6393', '0xC02aaA39b223FE8D0A0e5C4F27eAD9083C756Cc2']",,,,,,,,,,,,,,,,,,,,,,,,,,,,,,,,,0x1E19CF2D73a72Ef1332C882F20534B6519Be0276
2023-01-03,"['0xae78736Cd615f374D3085123A210448E74Fc6393', '0xC02aaA39b223FE8D0A0e5C4F27eAD9083C756Cc2']",,,,,,,,,,,,,,,,,,,,,,,,,,,,,,,,,0x1E19CF2D73a72Ef1332C882F20534B6519Be0276
2023-01-04,"['0xae78736Cd615f374D3085123A210448E74Fc6393', '0xC02aaA39b223FE8D0A0e5C4F27eAD9083C756Cc2']",,,,,,,,,,,,,,,,,,,,,,,,,,,,,,,,,0x1E19CF2D73a72Ef1332C882F20534B6519Be0276
2023-01-05,"['0xae78736Cd615f374D3085123A210448E74Fc6393', '0xC02aaA39b223FE8D0A0e5C4F27eAD9083C756Cc2']",,,,,,,,,,,,,,,,,,,,,,,,,,,,,,,,,0x1E19CF2D73a72Ef1332C882F20534B6519Be0276
2023-01-06,"['0xae78736Cd615f374D3085123A210448E74Fc6393', '0xC02aaA39b223FE8D0A0e5C4F27eAD9083C756Cc2']",,,,,,,,,,,,,,,,,,,,,,,,,,,,,,,,,0x1E19CF2D73a72Ef1332C882F20534B6519Be0276
2023-01-07,"['0xae78736Cd615f374D3085123A210448E74Fc6393', '0xC02aaA39b223FE8D0A0e5C4F27eAD9083C756Cc2']",,,,,,,,,,,,,,,,,,,,,,,,,,,,,,,,,0x1E19CF2D73a72Ef1332C882F20534B6519Be0276
2023-01-08,"['0xae78736Cd615f374D3085123A210448E74Fc6393', '0xC02aaA39b223FE8D0A0e5C4F27eAD9083C756Cc2']",,,,,,,,,,,,,,,,,,,,,,,,,,,,,,,,,0x1E19CF2D73a72Ef1332C882F20534B6519Be0276
2023-01-09,"['0xae78736Cd615f374D3085123A210448E74Fc6393', '0xC02aaA39b223FE8D0A0e5C4F27eAD9083C756Cc2']",,,,,,,,,,,,,,,,,,,,,,,,,,,,,,,,,0x1E19CF2D73a72Ef1332C882F20534B6519Be0276
2023-01-10,"['0xae78736Cd615f374D3085123A210448E74Fc6393', '0xC02aaA39b223FE8D0A0e5C4F27eAD9083C756Cc2']",,,,,,,,,,,,,,,,,,,,,,,,,,,,,,,,,0x1E19CF2D73a72Ef1332C882F20534B6519Be0276
2023-01-11,"['0xae78736Cd615f374D3085123A210448E74Fc6393', '0xC02aaA39b223FE8D0A0e5C4F27eAD9083C756Cc2']",,,,,,,,,,,,,,,,,,,,,,,,,,,,,,,,,0x1E19CF2D73a72Ef1332C882F20534B6519Be0276
2023-01-12,"['0xae78736Cd615f374D3085123A210448E74Fc6393', '0xC02aaA39b223FE8D0A0e5C4F27eAD9083C756Cc2']",,,,,,,,,,,,,,,,,,,,,,,,,,,,,,,,,0x1E19CF2D73a72Ef1332C882F20534B6519Be0276
2023-01-13,"['0xae78736Cd615f374D3085123A210448E74Fc6393', '0xC02aaA39b223FE8D0A0e5C4F27eAD9083C756Cc2']",,,,,,,,,,,,,,,,,,,,,,,,,,,,,,,,,0x1E19CF2D73a72Ef1332C882F20534B6519Be0276
2023-01-14,"['0xae78736Cd615f374D3085123A210448E74Fc6393', '0xC02aaA39b223FE8D0A0e5C4F27eAD9083C756Cc2']",,,,,,,,,,,,,,,,,,,,,,,,,,,,,,,,,0x1E19CF2D73a72Ef1332C882F20534B6519Be0276
2023-01-15,"['0xae78736Cd615f374D3085123A210448E74Fc6393', '0xC02aaA39b223FE8D0A0e5C4F27eAD9083C756Cc2']",,,,,,,,,,,,,,,,,,,,,,,,,,,,,,,,,0x1E19CF2D73a72Ef1332C882F20534B6519Be0276
2023-01-16,"['0xae78736Cd615f374D3085123A210448E74Fc6393', '0xC02aaA39b223FE8D0A0e5C4F27eAD9083C756Cc2']",,,,,,,,,,,,,,,,,,,,,,,,,,,,,,,,,0x1E19CF2D73a72Ef1332C882F20534B6519Be0276
2023-01-17,"['0xae78736Cd615f374D3085123A210448E74Fc6393', '0xC02aaA39b223FE8D0A0e5C4F27eAD9083C756Cc2']",,,,,,,,,,,,,,,,,,,,,,,,,,,,,,,,,0x1E19CF2D73a72Ef1332C882F20534B6519Be0276
2023-01-18,"['0xae78736Cd615f374D3085123A210448E74Fc6393', '0xC02aaA39b223FE8D0A0e5C4F27eAD9083C756Cc2']",,,,,,,,,,,,,,,,,,,,,,,,,,,,,,,,,0x1E19CF2D73a72Ef1332C882F20534B6519Be0276
2023-01-19,"['0xae78736Cd615f374D3085123A210448E74Fc6393', '0xC02aaA39b223FE8D0A0e5C4F27eAD9083C756Cc2']",,,,,,,,,,,,,,,,,,,,,,,,,,,,,,,,,0x1E19CF2D73a72Ef1332C882F20534B6519Be0276
2023-01-20,"['0xae78736Cd615f374D3085123A210448E74Fc6393', '0xC02aaA39b223FE8D0A0e5C4F27eAD9083C756Cc2']",,,,,,,,,,,,,,,,,,,,,,,,,,,,,,,,,0x1E19CF2D73a72Ef1332C882F20534B6519Be0276
2023-01-21,"['0xae78736Cd615f374D3085123A210448E74Fc6393', '0xC02aaA39b223FE8D0A0e5C4F27eAD9083C756Cc2']",,,,,,,,,,,,,,,,,,,,,,,,,,,,,,,,,0x1E19CF2D73a72Ef1332C882F20534B6519Be0276
2023-01-22,"['0xae78736Cd615f374D3085123A210448E74Fc6393', '0xC02aaA39b223FE8D0A0e5C4F27eAD9083C756Cc2']",,,,,,,,,,,,,,,,,,,,,,,,,,,,,,,,,0x1E19CF2D73a72Ef1332C882F20534B6519Be0276
2023-01-23,"['0xae78736Cd615f374D3085123A210448E74Fc6393', '0xC02aaA39b223FE8D0A0e5C4F27eAD9083C756Cc2']",,,,,,,,,,,,,,,,,,,,,,,,,,,,,,,,,0x1E19CF2D73a72Ef1332C882F20534B6519Be0276
2023-01-24,"['0xae78736Cd615f374D3085123A210448E74Fc6393', '0xC02aaA39b223FE8D0A0e5C4F27eAD9083C756Cc2']",,,,,,,,,,,,,,,,,,,,,,,,,,,,,,,,,0x1E19CF2D73a72Ef1332C882F20534B6519Be0276
2023-01-25,"['0xae78736Cd615f374D3085123A210448E74Fc6393', '0xC02aaA39b223FE8D0A0e5C4F27eAD9083C756Cc2']",,,,,,,,,,,,,,,,,,,,,,,,,,,,,,,,,0x1E19CF2D73a72Ef1332C882F20534B6519Be0276
2023-01-26,"['0xae78736Cd615f374D3085123A210448E74Fc6393', '0xC02aaA39b223FE8D0A0e5C4F27eAD9083C756Cc2']",,,,,,,,,,,,,,,,,,,,,,,,,,,,,,,,,0x1E19CF2D73a72Ef1332C882F20534B6519Be0276
2023-01-27,"['0xae78736Cd615f374D3085123A210448E74Fc6393', '0xC02aaA39b223FE8D0A0e5C4F27eAD9083C756Cc2']",,,,,,,,,,,,,,,,,,,,,,,,,,,,,,,,,0x1E19CF2D73a72Ef1332C882F20534B6519Be0276
2023-01-28,"['0xae78736Cd615f374D3085123A210448E74Fc6393', '0xC02aaA39b223FE8D0A0e5C4F27eAD9083C756Cc2']",,,,,,,,,,,,,,,,,,,,,,,,,,,,,,,,,0x1E19CF2D73a72Ef1332C882F20534B6519Be0276
2023-01-29,"['0xae78736Cd615f374D3085123A210448E74Fc6393', '0xC02aaA39b223FE8D0A0e5C4F27eAD9083C756Cc2']",,,,,,,,,,,,,,,,,,,,,,,,,,,,,,,,,0x1E19CF2D73a72Ef1332C882F20534B6519Be0276
2023-01-30,"['0xae78736Cd615f374D3085123A210448E74Fc6393', '0xC02aaA39b223FE8D0A0e5C4F27eAD9083C756Cc2']",,,,,,,,,,,,,,,,,,,,,,,,,,,,,,,,,0x1E19CF2D73a72Ef1332C882F20534B6519Be0276
2023-01-31,"['0xae78736Cd615f374D3085123A210448E74Fc6393', '0xC02aaA39b223FE8D0A0e5C4F27eAD9083C756Cc2']",,,,,,,,,,,,,,,,,,,,,,,,,,,,,,,,,0x1E19CF2D73a72Ef1332C882F20534B6519Be0276
2023-02-01,"['0xae78736Cd615f374D3085123A210448E74Fc6393', '0xC02aaA39b223FE8D0A0e5C4F27eAD9083C756Cc2']",,,,,,,,,,,,,,,,,,,,,,,,,,,,,,,,,0x1E19CF2D73a72Ef1332C882F20534B6519Be0276
2023-02-02,"['0xae78736Cd615f374D3085123A210448E74Fc6393', '0xC02aaA39b223FE8D0A0e5C4F27eAD9083C756Cc2']",,,,,,,,,,,,,,,,,,,,,,,,,,,,,,,,,0x1E19CF2D73a72Ef1332C882F20534B6519Be0276
2023-02-03,"['0xae78736Cd615f374D3085123A210448E74Fc6393', '0xC02aaA39b223FE8D0A0e5C4F27eAD9083C756Cc2']",,,,,,,,,,,,,,,,,,,,,,,,,,,,,,,,,0x1E19CF2D73a72Ef1332C882F20534B6519Be0276
2023-02-04,"['0xae78736Cd615f374D3085123A210448E74Fc6393', '0xC02aaA39b223FE8D0A0e5C4F27eAD9083C756Cc2']",,,,,,,,,,,,,,,,,,,,,,,,,,,,,,,,,0x1E19CF2D73a72Ef1332C882F20534B6519Be0276
2023-02-05,"['0xae78736Cd615f374D3085123A210448E74Fc6393', '0xC02aaA39b223FE8D0A0e5C4F27eAD9083C756Cc2']",,,,,,,,,,,,,,,,,,,,,,,,,,,,,,,,,0x1E19CF2D73a72Ef1332C882F20534B6519Be0276
2023-02-06,"['0xae78736Cd615f374D3085123A210448E74Fc6393', '0xC02aaA39b223FE8D0A0e5C4F27eAD9083C756Cc2']",,,,,,,,,,,,,,,,,,,,,,,,,,,,,,,,,0x1E19CF2D73a72Ef1332C882F20534B6519Be0276
2023-02-07,"['0xae78736Cd615f374D3085123A210448E74Fc6393', '0xC02aaA39b223FE8D0A0e5C4F27eAD9083C756Cc2']",,,,,,,,,,,,,,,,,,,,,,,,,,,,,,,,,0x1E19CF2D73a72Ef1332C882F20534B6519Be0276
2023-02-08,"['0xae78736Cd615f374D3085123A210448E74Fc6393', '0xC02aaA39b223FE8D0A0e5C4F27eAD9083C756Cc2']",,,,,,,,,,,,,,,,,,,,,,,,,,,,,,,,,0x1E19CF2D73a72Ef1332C882F20534B6519Be0276
2023-02-09,"['0xae78736Cd615f374D3085123A210448E74Fc6393', '0xC02aaA39b223FE8D0A0e5C4F27eAD9083C756Cc2']",,,,,,,,,,,,,,,,,,,,,,,,,,,,,,,,,0x1E19CF2D73a72Ef1332C882F20534B6519Be0276
2023-02-10,"['0xae78736Cd615f374D3085123A210448E74Fc6393', '0xC02aaA39b223FE8D0A0e5C4F27eAD9083C756Cc2']",,,,,,,,,,,,,,,,,,,,,,,,,,,,,,,,,0x1E19CF2D73a72Ef1332C882F20534B6519Be0276
2023-02-11,"['0xae78736Cd615f374D3085123A210448E74Fc6393', '0xC02aaA39b223FE8D0A0e5C4F27eAD9083C756Cc2']",,,,,,,,,,,,,,,,,,,,,,,,,,,,,,,,,0x1E19CF2D73a72Ef1332C882F20534B6519Be0276
2023-02-12,"['0xae78736Cd615f374D3085123A210448E74Fc6393', '0xC02aaA39b223FE8D0A0e5C4F27eAD9083C756Cc2']",,,,,,,,,,,,,,,,,,,,,,,,,,,,,,,,,0x1E19CF2D73a72Ef1332C882F20534B6519Be0276
2023-02-13,"['0xae78736Cd615f374D3085123A210448E74Fc6393', '0xC02aaA39b223FE8D0A0e5C4F27eAD9083C756Cc2']",,,,,,,,,,,,,,,,,,,,,,,,,,,,,,,,,0x1E19CF2D73a72Ef1332C882F20534B6519Be0276
2023-02-14,"['0xae78736Cd615f374D3085123A210448E74Fc6393', '0xC02aaA39b223FE8D0A0e5C4F27eAD9083C756Cc2']",,,,,,,,,,,,,,,,,,,,,,,,,,,,,,,,,0x1E19CF2D73a72Ef1332C882F20534B6519Be0276
2023-02-15,"['0xae78736Cd615f374D3085123A210448E74Fc6393', '0xC02aaA39b223FE8D0A0e5C4F27eAD9083C756Cc2']",,,,,,,,,,,,,,,,,,,,,,,,,,,,,,,,,0x1E19CF2D73a72Ef1332C882F20534B6519Be0276
2023-02-16,"['0xae78736Cd615f374D3085123A210448E74Fc6393', '0xC02aaA39b223FE8D0A0e5C4F27eAD9083C756Cc2']",,,,,,,,,,,,,,,,,,,,,,,,,,,,,,,,,0x1E19CF2D73a72Ef1332C882F20534B6519Be0276
2023-02-17,"['0xae78736Cd615f374D3085123A210448E74Fc6393', '0xC02aaA39b223FE8D0A0e5C4F27eAD9083C756Cc2']",,,,,,,,,,,,,,,,,,,,,,,,,,,,,,,,,0x1E19CF2D73a72Ef1332C882F20534B6519Be0276
2023-02-18,"['0xae78736Cd615f374D3085123A210448E74Fc6393', '0xC02aaA39b223FE8D0A0e5C4F27eAD9083C756Cc2']",,,,,,,,,,,,,,,,,,,,,,,,,,,,,,,,,0x1E19CF2D73a72Ef1332C882F20534B6519Be0276
2023-02-19,"['0xae78736Cd615f374D3085123A210448E74Fc6393', '0xC02aaA39b223FE8D0A0e5C4F27eAD9083C756Cc2']",,,,,,,,,,,,,,,,,,,,,,,,,,,,,,,,,0x1E19CF2D73a72Ef1332C882F20534B6519Be0276
2023-02-20,"['0xae78736Cd615f374D3085123A210448E74Fc6393', '0xC02aaA39b223FE8D0A0e5C4F27eAD9083C756Cc2']",,,,,,,,,,,,,,,,,,,,,,,,,,,,,,,,,0x1E19CF2D73a72Ef1332C882F20534B6519Be0276
2023-02-21,"['0xae78736Cd615f374D3085123A210448E74Fc6393', '0xC02aaA39b223FE8D0A0e5C4F27eAD9083C756Cc2']",,,,,,,,,,,,,,,,,,,,,,,,,,,,,,,,,0x1E19CF2D73a72Ef1332C882F20534B6519Be0276
2023-02-22,"['0xae78736Cd615f374D3085123A210448E74Fc6393', '0xC02aaA39b223FE8D0A0e5C4F27eAD9083C756Cc2']",,,,,,,,,,,,,,,,,,,,,,,,,,,,,,,,,0x1E19CF2D73a72Ef1332C882F20534B6519Be0276
2023-02-23,"['0xae78736Cd615f374D3085123A210448E74Fc6393', '0xC02aaA39b223FE8D0A0e5C4F27eAD9083C756Cc2']",,,,,,,,,,,,,,,,,,,,,,,,,,,,,,,,,0x1E19CF2D73a72Ef1332C882F20534B6519Be0276
2023-02-24,"['0xae78736Cd615f374D3085123A210448E74Fc6393', '0xC02aaA39b223FE8D0A0e5C4F27eAD9083C756Cc2']",,,,,,,,,,,,,,,,,,,,,,,,,,,,,,,,,0x1E19CF2D73a72Ef1332C882F20534B6519Be0276
2023-02-25,"['0xae78736Cd615f374D3085123A210448E74Fc6393', '0xC02aaA39b223FE8D0A0e5C4F27eAD9083C756Cc2']",,,,,,,,,,,,,,,,,,,,,,,,,,,,,,,,,0x1E19CF2D73a72Ef1332C882F20534B6519Be0276
2023-02-26,"['0xae78736Cd615f374D3085123A210448E74Fc6393', '0xC02aaA39b223FE8D0A0e5C4F27eAD9083C756Cc2']",,,,,,,,,,,,,,,,,,,,,,,,,,,,,,,,,0x1E19CF2D73a72Ef1332C882F20534B6519Be0276
2023-02-27,"['0xae78736Cd615f374D3085123A210448E74Fc6393', '0xC02aaA39b223FE8D0A0e5C4F27eAD9083C756Cc2']",,,,,,,,,,,,,,,,,,,,,,,,,,,,,,,,,0x1E19CF2D73a72Ef1332C882F20534B6519Be0276
2023-02-28,"['0xae78736Cd615f374D3085123A210448E74Fc6393', '0xC02aaA39b223FE8D0A0e5C4F27eAD9083C756Cc2']",,,,,,,,,,,,,,,,,,,,,,,,,,,,,,,,,0x1E19CF2D73a72Ef1332C882F20534B6519Be0276
2023-03-01,"['0xae78736Cd615f374D3085123A210448E74Fc6393', '0xC02aaA39b223FE8D0A0e5C4F27eAD9083C756Cc2']",,,,,,,,,,,,,,,,,,,,,,,,,,,,,,,,,0x1E19CF2D73a72Ef1332C882F20534B6519Be0276
2023-03-02,"['0xae78736Cd615f374D3085123A210448E74Fc6393', '0xC02aaA39b223FE8D0A0e5C4F27eAD9083C756Cc2']",,,,,,,,,,,,,,,,,,,,,,,,,,,,,,,,,0x1E19CF2D73a72Ef1332C882F20534B6519Be0276
2023-03-03,"['0xae78736Cd615f374D3085123A210448E74Fc6393', '0xC02aaA39b223FE8D0A0e5C4F27eAD9083C756Cc2']",,,,,,,,,,,,,,,,,,,,,,,,,,,,,,,,,0x1E19CF2D73a72Ef1332C882F20534B6519Be0276
2023-03-04,"['0xae78736Cd615f374D3085123A210448E74Fc6393', '0xC02aaA39b223FE8D0A0e5C4F27eAD9083C756Cc2']",,,,,,,,,,,,,,,,,,,,,,,,,,,,,,,,,0x1E19CF2D73a72Ef1332C882F20534B6519Be0276
2023-03-05,"['0xae78736Cd615f374D3085123A210448E74Fc6393', '0xC02aaA39b223FE8D0A0e5C4F27eAD9083C756Cc2']",,,,,,,,,,,,,,,,,,,,,,,,,,,,,,,,,0x1E19CF2D73a72Ef1332C882F20534B6519Be0276
2023-03-06,"['0xae78736Cd615f374D3085123A210448E74Fc6393', '0xC02aaA39b223FE8D0A0e5C4F27eAD9083C756Cc2']",,,,,,,,,,,,,,,,,,,,,,,,,,,,,,,,,0x1E19CF2D73a72Ef1332C882F20534B6519Be0276
2023-03-07,"['0xae78736Cd615f374D3085123A210448E74Fc6393', '0xC02aaA39b223FE8D0A0e5C4F27eAD9083C756Cc2']",,,,,,,,,,,,,,,,,,,,,,,,,,,,,,,,,0x1E19CF2D73a72Ef1332C882F20534B6519Be0276
2023-03-08,"['0xae78736Cd615f374D3085123A210448E74Fc6393', '0xC02aaA39b223FE8D0A0e5C4F27eAD9083C756Cc2']",,,,,,,,,,,,,,,,,,,,,,,,,,,,,,,,,0x1E19CF2D73a72Ef1332C882F20534B6519Be0276
2023-03-09,"['0xae78736Cd615f374D3085123A210448E74Fc6393', '0xC02aaA39b223FE8D0A0e5C4F27eAD9083C756Cc2']",,,,,,,,,,,,,,,,,,,,,,,,,,,,,,,,,0x1E19CF2D73a72Ef1332C882F20534B6519Be0276
2023-03-10,"['0xae78736Cd615f374D3085123A210448E74Fc6393', '0xC02aaA39b223FE8D0A0e5C4F27eAD9083C756Cc2']",,,,,,,,,,,,,,,,,,,,,,,,,,,,,,,,,0x1E19CF2D73a72Ef1332C882F20534B6519Be0276
2023-03-11,"['0xae78736Cd615f374D3085123A210448E74Fc6393', '0xC02aaA39b223FE8D0A0e5C4F27eAD9083C756Cc2']",,,,,,,,,,,,,,,,,,,,,,,,,,,,,,,,,0x1E19CF2D73a72Ef1332C882F20534B6519Be0276
2023-03-12,"['0xae78736Cd615f374D3085123A210448E74Fc6393', '0xC02aaA39b223FE8D0A0e5C4F27eAD9083C756Cc2']",,,,,,,,,,,,,,,,,,,,,,,,,,,,,,,,,0x1E19CF2D73a72Ef1332C882F20534B6519Be0276
2023-03-13,"['0xae78736Cd615f374D3085123A210448E74Fc6393', '0xC02aaA39b223FE8D0A0e5C4F27eAD9083C756Cc2']",,,,,,,,,,,,,,,,,,,,,,,,,,,,,,,,,0x1E19CF2D73a72Ef1332C882F20534B6519Be0276
2023-03-14,"['0xae78736Cd615f374D3085123A210448E74Fc6393', '0xC02aaA39b223FE8D0A0e5C4F27eAD9083C756Cc2']",,,,,,,,,,,,,,,,,,,,,,,,,,,,,,,,,0x1E19CF2D73a72Ef1332C882F20534B6519Be0276
2023-03-15,"['0xae78736Cd615f374D3085123A210448E74Fc6393', '0xC02aaA39b223FE8D0A0e5C4F27eAD9083C756Cc2']",,,,,,,,,,,,,,,,,,,,,,,,,,,,,,,,,0x1E19CF2D73a72Ef1332C882F20534B6519Be0276
2023-03-16,"['0xae78736Cd615f374D3085123A210448E74Fc6393', '0xC02aaA39b223FE8D0A0e5C4F27eAD9083C756Cc2']",,,,,,,,,,,,,,,,,,,,,,,,,,,,,,,,,0x1E19CF2D73a72Ef1332C882F20534B6519Be0276
2023-03-17,"['0xae78736Cd615f374D3085123A210448E74Fc6393', '0xC02aaA39b223FE8D0A0e5C4F27eAD9083C756Cc2']",,,,,,,,,,,,,,,,,,,,,,,,,,,,,,,,,0x1E19CF2D73a72Ef1332C882F20534B6519Be0276
2023-03-18,"['0xae78736Cd615f374D3085123A210448E74Fc6393', '0xC02aaA39b223FE8D0A0e5C4F27eAD9083C756Cc2']",,,,,,,,,,,,,,,,,,,,,,,,,,,,,,,,,0x1E19CF2D73a72Ef1332C882F20534B6519Be0276
2023-03-19,"['0xae78736Cd615f374D3085123A210448E74Fc6393', '0xC02aaA39b223FE8D0A0e5C4F27eAD9083C756Cc2']",,,,,,,,,,,,,,,,,,,,,,,,,,,,,,,,,0x1E19CF2D73a72Ef1332C882F20534B6519Be0276
2023-03-20,"['0xae78736Cd615f374D3085123A210448E74Fc6393', '0xC02aaA39b223FE8D0A0e5C4F27eAD9083C756Cc2']",,,,,,,,,,,,,,,,,,,,,,,,,,,,,,,,,0x1E19CF2D73a72Ef1332C882F20534B6519Be0276
2023-03-21,"['0xae78736Cd615f374D3085123A210448E74Fc6393', '0xC02aaA39b223FE8D0A0e5C4F27eAD9083C756Cc2']",,,,,,,,,,,,,,,,,,,,,,,,,,,,,,,,,0x1E19CF2D73a72Ef1332C882F20534B6519Be0276
2023-03-22,"['0xae78736Cd615f374D3085123A210448E74Fc6393', '0xC02aaA39b223FE8D0A0e5C4F27eAD9083C756Cc2']",,,,,,,,,,,,,,,,,,,,,,,,,,,,,,,,,0x1E19CF2D73a72Ef1332C882F20534B6519Be0276
2023-03-23,"['0xae78736Cd615f374D3085123A210448E74Fc6393', '0xC02aaA39b223FE8D0A0e5C4F27eAD9083C756Cc2']",,,,,,,,,,,,,,,,,,,,,,,,,,,,,,,,,0x1E19CF2D73a72Ef1332C882F20534B6519Be0276
2023-03-24,"['0xae78736Cd615f374D3085123A210448E74Fc6393', '0xC02aaA39b223FE8D0A0e5C4F27eAD9083C756Cc2']",,,,,,,,,,,,,,,,,,,,,,,,,,,,,,,,,0x1E19CF2D73a72Ef1332C882F20534B6519Be0276
2023-03-25,"['0xae78736Cd615f374D3085123A210448E74Fc6393', '0xC02aaA39b223FE8D0A0e5C4F27eAD9083C756Cc2']",,,,,,,,,,,,,,,,,,,,,,,,,,,,,,,,,0x1E19CF2D73a72Ef1332C882F20534B6519Be0276
2023-03-26,"['0xae78736Cd615f374D3085123A210448E74Fc6393', '0xC02aaA39b223FE8D0A0e5C4F27eAD9083C756Cc2']",,,,,,,,,,,,,,,,,,,,,,,,,,,,,,,,,0x1E19CF2D73a72Ef1332C882F20534B6519Be0276
2023-03-27,"['0xae78736Cd615f374D3085123A210448E74Fc6393', '0xC02aaA39b223FE8D0A0e5C4F27eAD9083C756Cc2']",,,,,,,,,,,,,,,,,,,,,,,,,,,,,,,,,0x1E19CF2D73a72Ef1332C882F20534B6519Be0276
2023-03-28,"['0xae78736Cd615f374D3085123A210448E74Fc6393', '0xC02aaA39b223FE8D0A0e5C4F27eAD9083C756Cc2']",,,,,,,,,,,,,,,,,,,,,,,,,,,,,,,,,0x1E19CF2D73a72Ef1332C882F20534B6519Be0276
2023-03-29,"['0xae78736Cd615f374D3085123A210448E74Fc6393', '0xC02aaA39b223FE8D0A0e5C4F27eAD9083C756Cc2']",,,,,,,,,,,,,,,,,,,,,,,,,,,,,,,,,0x1E19CF2D73a72Ef1332C882F20534B6519Be0276
2023-03-30,"['0xae78736Cd615f374D3085123A210448E74Fc6393', '0xC02aaA39b223FE8D0A0e5C4F27eAD9083C756Cc2']",,,,,,,,,,,,,,,,,,,,,,,,,,,,,,,,,0x1E19CF2D73a72Ef1332C882F20534B6519Be0276
2023-03-31,"['0xae78736Cd615f374D3085123A210448E74Fc6393', '0xC02aaA39b223FE8D0A0e5C4F27eAD9083C756Cc2']",,,,,,,,,,,,,,,,,,,,,,,,,,,,,,,,,0x1E19CF2D73a72Ef1332C882F20534B6519Be0276
2023-04-01,"['0xae78736Cd615f374D3085123A210448E74Fc6393', '0xC02aaA39b223FE8D0A0e5C4F27eAD9083C756Cc2']",,,,,,,,,,,,,,,,,,,,,,,,,,,,,,,,,0x1E19CF2D73a72Ef1332C882F20534B6519Be0276
2023-04-02,"['0xae78736Cd615f374D3085123A210448E74Fc6393', '0xC02aaA39b223FE8D0A0e5C4F27eAD9083C756Cc2']",,,,,,,,,,,,,,,,,,,,,,,,,,,,,,,,,0x1E19CF2D73a72Ef1332C882F20534B6519Be0276
2023-04-03,"['0xae78736Cd615f374D3085123A210448E74Fc6393', '0xC02aaA39b223FE8D0A0e5C4F27eAD9083C756Cc2']",,,,,,,,,,,,,,,,,,,,,,,,,,,,,,,,,0x1E19CF2D73a72Ef1332C882F20534B6519Be0276
2023-04-04,"['0xae78736Cd615f374D3085123A210448E74Fc6393', '0xC02aaA39b223FE8D0A0e5C4F27eAD9083C756Cc2']",,,,,,,,,,,,,,,,,,,,,,,,,,,,,,,,,0x1E19CF2D73a72Ef1332C882F20534B6519Be0276
2023-04-05,"['0xae78736Cd615f374D3085123A210448E74Fc6393', '0xC02aaA39b223FE8D0A0e5C4F27eAD9083C756Cc2']",['17786161723529308710343' '25903135426075836152263'],16978869.0,1020950063129390337,43914.50551186059,['44832559011961243697195' '50000'],0.5,16978915.0,44832559011961243697195,50000,44834517174630028591370,1958162668784894175,4.483353809329564e+22,1.0209277679601068,17786.16172352931,25903.135426075834,18963.935598548782,25903.135426075834,44867.071024624616,0.42266934670508605,0.577330653294914,1.021691363745557,18942.228347543503,25903.135426075834,44845.363773619334,0.4223898916990485,0.5776101083009516,1.021197056665191,0.04840467147253853,0.6828485208356212,0.15131820748027314,5.756859628617633,-0.043564204325270424,0x1E19CF2D73a72Ef1332C882F20534B6519Be0276
2023-04-06,"['0xae78736Cd615f374D3085123A210448E74Fc6393', '0xC02aaA39b223FE8D0A0e5C4F27eAD9083C756Cc2']",['19638308297426254295988' '21505378252720109176250'],16985898.0,1020976100466083208,41550.60795629574,['42422172666617335528831' '50000'],0.5,16985957.0,42422172666617335528831,50000,42422177683213837551130,5016596502022299,4.242217517491559e+22,1.0209760400987777,19638.308297426254,21505.378252720107,20965.37723106485,21505.378252720107,42470.75548378496,0.4936426722870349,0.506357327712965,1.0221452241675275,20916.879483623976,21505.378252720107,42422.25773634408,0.4930637971609895,0.5069362028390105,1.020978027107694,0.11432146714655621,0.8361123473621246,0.8897032458519083,5.994109882971954,-0.1028893204318805,0x1E19CF2D73a72Ef1332C882F20534B6519Be0276
2023-04-07,"['0xae78736Cd615f374D3085123A210448E74Fc6393', '0xC02aaA39b223FE8D0A0e5C4F27eAD9083C756Cc2']",['19195344456060956892440' '22833213172597175550605'],16992912.0,1021029445102804279,42389.014442085434,['43280431894257248523446' '50000'],0.5,16992952.0,43280431894257248523446,50000,43280431894257248518036,0,4.328043189425725e+22,1.0210294451028044,19195.344456060957,22833.213172597174,20503.983467741695,22833.213172597174,43337.196640338865,0.4731266684808196,0.5268733315191805,1.022368583245758,20448.510671276294,22833.213172597174,43281.723843873464,0.4724513918400869,0.5275486081599132,1.0210599235093731,0.12816679082723098,1.017284743502227,0.8919497247062476,5.871661719131186,-0.11535011174452084,0x1E19CF2D73a72Ef1332C882F20534B6519Be0276
2023-04-08,"['0xae78736Cd615f374D3085123A210448E74Fc6393', '0xC02aaA39b223FE8D0A0e5C4F27eAD9083C756Cc2']",['19144903219243418383691' '22779607654733461956427'],17000009.0,1021049533187109503,42284.51780875022,['43174583551596947093254' '50000'],0.5,17000010.0,43174583551596947093254,50000,43174587169666433533511,3618069486440257,4.317458536063169e+22,1.0210494904046719,19144.903219243417,22779.607654733463,20453.185938202365,22779.607654733463,43232.79359293583,0.47309424717685566,0.5269057528231443,1.0224260753894507,20396.27316056291,22779.607654733463,43175.880815296376,0.4723997003747728,0.5276002996252271,1.0210801270237424,0.1318161356867777,0.9848816044155456,0.0,5.788182735451069,-0.1186345221181069,0x1E19CF2D73a72Ef1332C882F20534B6519Be0276
2023-04-09,"['0xae78736Cd615f374D3085123A210448E74Fc6393', '0xC02aaA39b223FE8D0A0e5C4F27eAD9083C756Cc2']",['19184591688149944693732' '22736519050695878895805'],17007061.0,1021069842233778576,42284.51942762808,['43175438762138366489959' '50000'],0.5,17007072.0,43175438762138366489959,50000,43175447580899352547328,8818760986057369,4.317544317151886e+22,1.021069737954942,19184.591688149943,22736.51905069588,20481.065207425767,22736.51905069588,43217.58425812164,0.4739058315962414,0.5260941684037587,1.022066345866613,20440.129235695083,22736.51905069588,43176.64828639096,0.4734070393819267,0.5265929606180734,1.021098238098456,0.09481044350443765,0.9169518720924729,0.0,5.4101011316684975,-0.08532939915401101,0x1E19CF2D73a72Ef1332C882F20534B6519Be0276
2023-04-10,"['0xae78736Cd615f374D3085123A210448E74Fc6393', '0xC02aaA39b223FE8D0A0e5C4F27eAD9083C756Cc2']",['19214308328923766992545' '22497671313743214268511'],17013909.0,1021090224431523632,42082.57296427388,['42970103872746385892021' '50000'],0.5,17014117.0,42970103872746385892021,50000,42970103872746385868500,0,4.297010387274639e+22,1.0210902244315236,19214.308328923766,22497.671313743213,20502.88597977079,22497.671313743213,43000.557293514,0.4768051223108996,0.5231948776891004,1.0218138831487191,20473.36949778872,22497.671313743213,42971.04081153193,0.47644574371804327,0.5235542562819568,1.0211124887257326,0.06868924146269538,0.6594188532240233,0.07290761521663569,5.501934612550153,-0.06182031731642832,0x1E19CF2D73a72Ef1332C882F20534B6519Be0276
2023-04-11,"['0xae78736Cd615f374D3085123A210448E74Fc6393', '0xC02aaA39b223FE8D0A0e5C4F27eAD9083C756Cc2']",,,,,,,,,,,,,,,,,,,,,,,,,,,,,,,,,0x1E19CF2D73a72Ef1332C882F20534B6519Be0276
2023-04-12,"['0xae78736Cd615f374D3085123A210448E74Fc6393', '0xC02aaA39b223FE8D0A0e5C4F27eAD9083C756Cc2']",,,,,,,,,,,,,,,,,,,,,,,,,,,,,,,,,0x1E19CF2D73a72Ef1332C882F20534B6519Be0276
2023-04-13,"['0xae78736Cd615f374D3085123A210448E74Fc6393', '0xC02aaA39b223FE8D0A0e5C4F27eAD9083C756Cc2']",,,,,,,,,,,,,,,,,,,,,,,,,,,,,,,,,0x1E19CF2D73a72Ef1332C882F20534B6519Be0276
2023-04-14,"['0xae78736Cd615f374D3085123A210448E74Fc6393', '0xC02aaA39b223FE8D0A0e5C4F27eAD9083C756Cc2']",,,,,,,,,,,,,,,,,,,,,,,,,,,,,,,,,0x1E19CF2D73a72Ef1332C882F20534B6519Be0276
2023-04-15,"['0xae78736Cd615f374D3085123A210448E74Fc6393', '0xC02aaA39b223FE8D0A0e5C4F27eAD9083C756Cc2']",,,,,,,,,,,,,,,,,,,,,,,,,,,,,,,,,0x1E19CF2D73a72Ef1332C882F20534B6519Be0276
2023-04-16,"['0xae78736Cd615f374D3085123A210448E74Fc6393', '0xC02aaA39b223FE8D0A0e5C4F27eAD9083C756Cc2']",,,,,,,,,,,,,,,,,,,,,,,,,,,,,,,,,0x1E19CF2D73a72Ef1332C882F20534B6519Be0276
2023-04-17,"['0xae78736Cd615f374D3085123A210448E74Fc6393', '0xC02aaA39b223FE8D0A0e5C4F27eAD9083C756Cc2']",,,,,,,,,,,,,,,,,,,,,,,,,,,,,,,,,0x1E19CF2D73a72Ef1332C882F20534B6519Be0276
2023-04-18,"['0xae78736Cd615f374D3085123A210448E74Fc6393', '0xC02aaA39b223FE8D0A0e5C4F27eAD9083C756Cc2']",,,,,,,,,,,,,,,,,,,,,,,,,,,,,,,,,0x1E19CF2D73a72Ef1332C882F20534B6519Be0276
2023-04-19,"['0xae78736Cd615f374D3085123A210448E74Fc6393', '0xC02aaA39b223FE8D0A0e5C4F27eAD9083C756Cc2']",,,,,,,,,,,,,,,,,,,,,,,,,,,,,,,,,0x1E19CF2D73a72Ef1332C882F20534B6519Be0276
2023-04-20,"['0xae78736Cd615f374D3085123A210448E74Fc6393', '0xC02aaA39b223FE8D0A0e5C4F27eAD9083C756Cc2']",,,,,,,,,,,,,,,,,,,,,,,,,,,,,,,,,0x1E19CF2D73a72Ef1332C882F20534B6519Be0276
2023-04-21,"['0xae78736Cd615f374D3085123A210448E74Fc6393', '0xC02aaA39b223FE8D0A0e5C4F27eAD9083C756Cc2']",,,,,,,,,,,,,,,,,,,,,,,,,,,,,,,,,0x1E19CF2D73a72Ef1332C882F20534B6519Be0276
2023-04-22,"['0xae78736Cd615f374D3085123A210448E74Fc6393', '0xC02aaA39b223FE8D0A0e5C4F27eAD9083C756Cc2']",,,,,,,,,,,,,,,,,,,,,,,,,,,,,,,,,0x1E19CF2D73a72Ef1332C882F20534B6519Be0276
2023-04-23,"['0xae78736Cd615f374D3085123A210448E74Fc6393', '0xC02aaA39b223FE8D0A0e5C4F27eAD9083C756Cc2']",,,,,,,,,,,,,,,,,,,,,,,,,,,,,,,,,0x1E19CF2D73a72Ef1332C882F20534B6519Be0276
2023-04-24,"['0xae78736Cd615f374D3085123A210448E74Fc6393', '0xC02aaA39b223FE8D0A0e5C4F27eAD9083C756Cc2']",,,,,,,,,,,,,,,,,,,,,,,,,,,,,,,,,0x1E19CF2D73a72Ef1332C882F20534B6519Be0276
2023-04-25,"['0xae78736Cd615f374D3085123A210448E74Fc6393', '0xC02aaA39b223FE8D0A0e5C4F27eAD9083C756Cc2']",,,,,,,,,,,,,,,,,,,,,,,,,,,,,,,,,0x1E19CF2D73a72Ef1332C882F20534B6519Be0276
2023-04-26,"['0xae78736Cd615f374D3085123A210448E74Fc6393', '0xC02aaA39b223FE8D0A0e5C4F27eAD9083C756Cc2']",,,,,,,,,,,,,,,,,,,,,,,,,,,,,,,,,0x1E19CF2D73a72Ef1332C882F20534B6519Be0276
2023-04-27,"['0xae78736Cd615f374D3085123A210448E74Fc6393', '0xC02aaA39b223FE8D0A0e5C4F27eAD9083C756Cc2']",,,,,,,,,,,,,,,,,,,,,,,,,,,,,,,,,0x1E19CF2D73a72Ef1332C882F20534B6519Be0276
2023-04-28,"['0xae78736Cd615f374D3085123A210448E74Fc6393', '0xC02aaA39b223FE8D0A0e5C4F27eAD9083C756Cc2']",,,,,,,,,,,,,,,,,,,,,,,,,,,,,,,,,0x1E19CF2D73a72Ef1332C882F20534B6519Be0276
2023-04-29,"['0xae78736Cd615f374D3085123A210448E74Fc6393', '0xC02aaA39b223FE8D0A0e5C4F27eAD9083C756Cc2']",,,,,,,,,,,,,,,,,,,,,,,,,,,,,,,,,0x1E19CF2D73a72Ef1332C882F20534B6519Be0276
2023-04-30,"['0xae78736Cd615f374D3085123A210448E74Fc6393', '0xC02aaA39b223FE8D0A0e5C4F27eAD9083C756Cc2']",,,,,,,,,,,,,,,,,,,,,,,,,,,,,,,,,0x1E19CF2D73a72Ef1332C882F20534B6519Be0276
2023-05-01,"['0xae78736Cd615f374D3085123A210448E74Fc6393', '0xC02aaA39b223FE8D0A0e5C4F27eAD9083C756Cc2']",,,,,,,,,,,,,,,,,,,,,,,,,,,,,,,,,0x1E19CF2D73a72Ef1332C882F20534B6519Be0276
2023-05-02,"['0xae78736Cd615f374D3085123A210448E74Fc6393', '0xC02aaA39b223FE8D0A0e5C4F27eAD9083C756Cc2']",,,,,,,,,,,,,,,,,,,,,,,,,,,,,,,,,0x1E19CF2D73a72Ef1332C882F20534B6519Be0276
2023-05-03,"['0xae78736Cd615f374D3085123A210448E74Fc6393', '0xC02aaA39b223FE8D0A0e5C4F27eAD9083C756Cc2']",,,,,,,,,,,,,,,,,,,,,,,,,,,,,,,,,0x1E19CF2D73a72Ef1332C882F20534B6519Be0276
2023-05-04,"['0xae78736Cd615f374D3085123A210448E74Fc6393', '0xC02aaA39b223FE8D0A0e5C4F27eAD9083C756Cc2']",,,,,,,,,,,,,,,,,,,,,,,,,,,,,,,,,0x1E19CF2D73a72Ef1332C882F20534B6519Be0276
2023-05-05,"['0xae78736Cd615f374D3085123A210448E74Fc6393', '0xC02aaA39b223FE8D0A0e5C4F27eAD9083C756Cc2']",,,,,,,,,,,,,,,,,,,,,,,,,,,,,,,,,0x1E19CF2D73a72Ef1332C882F20534B6519Be0276
2023-05-06,"['0xae78736Cd615f374D3085123A210448E74Fc6393', '0xC02aaA39b223FE8D0A0e5C4F27eAD9083C756Cc2']",,,,,,,,,,,,,,,,,,,,,,,,,,,,,,,,,0x1E19CF2D73a72Ef1332C882F20534B6519Be0276
2023-05-07,"['0xae78736Cd615f374D3085123A210448E74Fc6393', '0xC02aaA39b223FE8D0A0e5C4F27eAD9083C756Cc2']",,,,,,,,,,,,,,,,,,,,,,,,,,,,,,,,,0x1E19CF2D73a72Ef1332C882F20534B6519Be0276
2023-05-08,"['0xae78736Cd615f374D3085123A210448E74Fc6393', '0xC02aaA39b223FE8D0A0e5C4F27eAD9083C756Cc2']",,,,,,,,,,,,,,,,,,,,,,,,,,,,,,,,,0x1E19CF2D73a72Ef1332C882F20534B6519Be0276
2023-05-09,"['0xae78736Cd615f374D3085123A210448E74Fc6393', '0xC02aaA39b223FE8D0A0e5C4F27eAD9083C756Cc2']",,,,,,,,,,,,,,,,,,,,,,,,,,,,,,,,,0x1E19CF2D73a72Ef1332C882F20534B6519Be0276
2023-05-10,"['0xae78736Cd615f374D3085123A210448E74Fc6393', '0xC02aaA39b223FE8D0A0e5C4F27eAD9083C756Cc2']",,,,,,,,,,,,,,,,,,,,,,,,,,,,,,,,,0x1E19CF2D73a72Ef1332C882F20534B6519Be0276
2023-05-11,"['0xae78736Cd615f374D3085123A210448E74Fc6393', '0xC02aaA39b223FE8D0A0e5C4F27eAD9083C756Cc2']",,,,,,,,,,,,,,,,,,,,,,,,,,,,,,,,,0x1E19CF2D73a72Ef1332C882F20534B6519Be0276
2023-05-12,"['0xae78736Cd615f374D3085123A210448E74Fc6393', '0xC02aaA39b223FE8D0A0e5C4F27eAD9083C756Cc2']",,,,,,,,,,,,,,,,,,,,,,,,,,,,,,,,,0x1E19CF2D73a72Ef1332C882F20534B6519Be0276
2023-05-13,"['0xae78736Cd615f374D3085123A210448E74Fc6393', '0xC02aaA39b223FE8D0A0e5C4F27eAD9083C756Cc2']",,,,,,,,,,,,,,,,,,,,,,,,,,,,,,,,,0x1E19CF2D73a72Ef1332C882F20534B6519Be0276
2023-05-14,"['0xae78736Cd615f374D3085123A210448E74Fc6393', '0xC02aaA39b223FE8D0A0e5C4F27eAD9083C756Cc2']",,,,,,,,,,,,,,,,,,,,,,,,,,,,,,,,,0x1E19CF2D73a72Ef1332C882F20534B6519Be0276
2023-05-15,"['0xae78736Cd615f374D3085123A210448E74Fc6393', '0xC02aaA39b223FE8D0A0e5C4F27eAD9083C756Cc2']",,,,,,,,,,,,,,,,,,,,,,,,,,,,,,,,,0x1E19CF2D73a72Ef1332C882F20534B6519Be0276
2023-05-16,"['0xae78736Cd615f374D3085123A210448E74Fc6393', '0xC02aaA39b223FE8D0A0e5C4F27eAD9083C756Cc2']",,,,,,,,,,,,,,,,,,,,,,,,,,,,,,,,,0x1E19CF2D73a72Ef1332C882F20534B6519Be0276
2023-05-17,"['0xae78736Cd615f374D3085123A210448E74Fc6393', '0xC02aaA39b223FE8D0A0e5C4F27eAD9083C756Cc2']",,,,,,,,,,,,,,,,,,,,,,,,,,,,,,,,,0x1E19CF2D73a72Ef1332C882F20534B6519Be0276
2023-05-18,"['0xae78736Cd615f374D3085123A210448E74Fc6393', '0xC02aaA39b223FE8D0A0e5C4F27eAD9083C756Cc2']",,,,,,,,,,,,,,,,,,,,,,,,,,,,,,,,,0x1E19CF2D73a72Ef1332C882F20534B6519Be0276
2023-05-19,"['0xae78736Cd615f374D3085123A210448E74Fc6393', '0xC02aaA39b223FE8D0A0e5C4F27eAD9083C756Cc2']",,,,,,,,,,,,,,,,,,,,,,,,,,,,,,,,,0x1E19CF2D73a72Ef1332C882F20534B6519Be0276
2023-05-20,"['0xae78736Cd615f374D3085123A210448E74Fc6393', '0xC02aaA39b223FE8D0A0e5C4F27eAD9083C756Cc2']",,,,,,,,,,,,,,,,,,,,,,,,,,,,,,,,,0x1E19CF2D73a72Ef1332C882F20534B6519Be0276
2023-05-21,"['0xae78736Cd615f374D3085123A210448E74Fc6393', '0xC02aaA39b223FE8D0A0e5C4F27eAD9083C756Cc2']",,,,,,,,,,,,,,,,,,,,,,,,,,,,,,,,,0x1E19CF2D73a72Ef1332C882F20534B6519Be0276
2023-05-22,"['0xae78736Cd615f374D3085123A210448E74Fc6393', '0xC02aaA39b223FE8D0A0e5C4F27eAD9083C756Cc2']",,,,,,,,,,,,,,,,,,,,,,,,,,,,,,,,,0x1E19CF2D73a72Ef1332C882F20534B6519Be0276
2023-05-23,"['0xae78736Cd615f374D3085123A210448E74Fc6393', '0xC02aaA39b223FE8D0A0e5C4F27eAD9083C756Cc2']",,,,,,,,,,,,,,,,,,,,,,,,,,,,,,,,,0x1E19CF2D73a72Ef1332C882F20534B6519Be0276
2023-05-24,"['0xae78736Cd615f374D3085123A210448E74Fc6393', '0xC02aaA39b223FE8D0A0e5C4F27eAD9083C756Cc2']",,,,,,,,,,,,,,,,,,,,,,,,,,,,,,,,,0x1E19CF2D73a72Ef1332C882F20534B6519Be0276
2023-05-25,"['0xae78736Cd615f374D3085123A210448E74Fc6393', '0xC02aaA39b223FE8D0A0e5C4F27eAD9083C756Cc2']",,,,,,,,,,,,,,,,,,,,,,,,,,,,,,,,,0x1E19CF2D73a72Ef1332C882F20534B6519Be0276
2023-05-26,"['0xae78736Cd615f374D3085123A210448E74Fc6393', '0xC02aaA39b223FE8D0A0e5C4F27eAD9083C756Cc2']",,,,,,,,,,,,,,,,,,,,,,,,,,,,,,,,,0x1E19CF2D73a72Ef1332C882F20534B6519Be0276
2023-05-27,"['0xae78736Cd615f374D3085123A210448E74Fc6393', '0xC02aaA39b223FE8D0A0e5C4F27eAD9083C756Cc2']",,,,,,,,,,,,,,,,,,,,,,,,,,,,,,,,,0x1E19CF2D73a72Ef1332C882F20534B6519Be0276
2023-05-28,"['0xae78736Cd615f374D3085123A210448E74Fc6393', '0xC02aaA39b223FE8D0A0e5C4F27eAD9083C756Cc2']",,,,,,,,,,,,,,,,,,,,,,,,,,,,,,,,,0x1E19CF2D73a72Ef1332C882F20534B6519Be0276
2023-05-29,"['0xae78736Cd615f374D3085123A210448E74Fc6393', '0xC02aaA39b223FE8D0A0e5C4F27eAD9083C756Cc2']",,,,,,,,,,,,,,,,,,,,,,,,,,,,,,,,,0x1E19CF2D73a72Ef1332C882F20534B6519Be0276
2023-05-30,"['0xae78736Cd615f374D3085123A210448E74Fc6393', '0xC02aaA39b223FE8D0A0e5C4F27eAD9083C756Cc2']",,,,,,,,,,,,,,,,,,,,,,,,,,,,,,,,,0x1E19CF2D73a72Ef1332C882F20534B6519Be0276
2023-05-31,"['0xae78736Cd615f374D3085123A210448E74Fc6393', '0xC02aaA39b223FE8D0A0e5C4F27eAD9083C756Cc2']",,,,,,,,,,,,,,,,,,,,,,,,,,,,,,,,,0x1E19CF2D73a72Ef1332C882F20534B6519Be0276
