timestamp,block,tokens,balances,lastChangeBlock,rate,lp_token_total_supply,invariant_data,protocol_swap_fee_percent,lastInvariant,amplificationParameter,unscaled_invariant,delta,scaled_invariant,lp_token_virtual_price,pool_balance_0,pool_balance_1,pool_balance_market_0,pool_balance_market_1,market_eth_tvl,pool_balance_market_portion_0,pool_balance_market_portion_1,lp_token_market_eth_value,pool_balance_equilibrium_0,pool_balance_equilibrium_1,equilibrium_eth_tvl,pool_balance_equilibrium_portion_0,pool_balance_equilibrium_portion_1,lp_token_equilibrium_eth_value,lp_token_discount_percent,raw_base_apr,raw_fee_apr,incentive_apr,raw_price_apr,pool_address
2022-01-02,,"['0x7f39C581F595B53c5cb19bD0b3f8dA6c935E2Ca0', '0xBe9895146f7AF43049ca1c1AE358B0541Ea49704']",,,,,,,,,,,,,,,,,,,,,,,,,,,,,,,,0x9c6d47Ff73e0F5E51BE5FD53236e3F595C5793F2
2022-01-03,,"['0x7f39C581F595B53c5cb19bD0b3f8dA6c935E2Ca0', '0xBe9895146f7AF43049ca1c1AE358B0541Ea49704']",,,,,,,,,,,,,,,,,,,,,,,,,,,,,,,,0x9c6d47Ff73e0F5E51BE5FD53236e3F595C5793F2
2022-01-04,,"['0x7f39C581F595B53c5cb19bD0b3f8dA6c935E2Ca0', '0xBe9895146f7AF43049ca1c1AE358B0541Ea49704']",,,,,,,,,,,,,,,,,,,,,,,,,,,,,,,,0x9c6d47Ff73e0F5E51BE5FD53236e3F595C5793F2
2022-01-05,,"['0x7f39C581F595B53c5cb19bD0b3f8dA6c935E2Ca0', '0xBe9895146f7AF43049ca1c1AE358B0541Ea49704']",,,,,,,,,,,,,,,,,,,,,,,,,,,,,,,,0x9c6d47Ff73e0F5E51BE5FD53236e3F595C5793F2
2022-01-06,,"['0x7f39C581F595B53c5cb19bD0b3f8dA6c935E2Ca0', '0xBe9895146f7AF43049ca1c1AE358B0541Ea49704']",,,,,,,,,,,,,,,,,,,,,,,,,,,,,,,,0x9c6d47Ff73e0F5E51BE5FD53236e3F595C5793F2
2022-01-07,,"['0x7f39C581F595B53c5cb19bD0b3f8dA6c935E2Ca0', '0xBe9895146f7AF43049ca1c1AE358B0541Ea49704']",,,,,,,,,,,,,,,,,,,,,,,,,,,,,,,,0x9c6d47Ff73e0F5E51BE5FD53236e3F595C5793F2
2022-01-08,,"['0x7f39C581F595B53c5cb19bD0b3f8dA6c935E2Ca0', '0xBe9895146f7AF43049ca1c1AE358B0541Ea49704']",,,,,,,,,,,,,,,,,,,,,,,,,,,,,,,,0x9c6d47Ff73e0F5E51BE5FD53236e3F595C5793F2
2022-01-09,,"['0x7f39C581F595B53c5cb19bD0b3f8dA6c935E2Ca0', '0xBe9895146f7AF43049ca1c1AE358B0541Ea49704']",,,,,,,,,,,,,,,,,,,,,,,,,,,,,,,,0x9c6d47Ff73e0F5E51BE5FD53236e3F595C5793F2
2022-01-10,,"['0x7f39C581F595B53c5cb19bD0b3f8dA6c935E2Ca0', '0xBe9895146f7AF43049ca1c1AE358B0541Ea49704']",,,,,,,,,,,,,,,,,,,,,,,,,,,,,,,,0x9c6d47Ff73e0F5E51BE5FD53236e3F595C5793F2
2022-01-11,,"['0x7f39C581F595B53c5cb19bD0b3f8dA6c935E2Ca0', '0xBe9895146f7AF43049ca1c1AE358B0541Ea49704']",,,,,,,,,,,,,,,,,,,,,,,,,,,,,,,,0x9c6d47Ff73e0F5E51BE5FD53236e3F595C5793F2
2022-01-12,,"['0x7f39C581F595B53c5cb19bD0b3f8dA6c935E2Ca0', '0xBe9895146f7AF43049ca1c1AE358B0541Ea49704']",,,,,,,,,,,,,,,,,,,,,,,,,,,,,,,,0x9c6d47Ff73e0F5E51BE5FD53236e3F595C5793F2
2022-01-13,,"['0x7f39C581F595B53c5cb19bD0b3f8dA6c935E2Ca0', '0xBe9895146f7AF43049ca1c1AE358B0541Ea49704']",,,,,,,,,,,,,,,,,,,,,,,,,,,,,,,,0x9c6d47Ff73e0F5E51BE5FD53236e3F595C5793F2
2022-01-14,,"['0x7f39C581F595B53c5cb19bD0b3f8dA6c935E2Ca0', '0xBe9895146f7AF43049ca1c1AE358B0541Ea49704']",,,,,,,,,,,,,,,,,,,,,,,,,,,,,,,,0x9c6d47Ff73e0F5E51BE5FD53236e3F595C5793F2
2022-01-15,,"['0x7f39C581F595B53c5cb19bD0b3f8dA6c935E2Ca0', '0xBe9895146f7AF43049ca1c1AE358B0541Ea49704']",,,,,,,,,,,,,,,,,,,,,,,,,,,,,,,,0x9c6d47Ff73e0F5E51BE5FD53236e3F595C5793F2
2022-01-16,,"['0x7f39C581F595B53c5cb19bD0b3f8dA6c935E2Ca0', '0xBe9895146f7AF43049ca1c1AE358B0541Ea49704']",,,,,,,,,,,,,,,,,,,,,,,,,,,,,,,,0x9c6d47Ff73e0F5E51BE5FD53236e3F595C5793F2
2022-01-17,,"['0x7f39C581F595B53c5cb19bD0b3f8dA6c935E2Ca0', '0xBe9895146f7AF43049ca1c1AE358B0541Ea49704']",,,,,,,,,,,,,,,,,,,,,,,,,,,,,,,,0x9c6d47Ff73e0F5E51BE5FD53236e3F595C5793F2
2022-01-18,,"['0x7f39C581F595B53c5cb19bD0b3f8dA6c935E2Ca0', '0xBe9895146f7AF43049ca1c1AE358B0541Ea49704']",,,,,,,,,,,,,,,,,,,,,,,,,,,,,,,,0x9c6d47Ff73e0F5E51BE5FD53236e3F595C5793F2
2022-01-19,,"['0x7f39C581F595B53c5cb19bD0b3f8dA6c935E2Ca0', '0xBe9895146f7AF43049ca1c1AE358B0541Ea49704']",,,,,,,,,,,,,,,,,,,,,,,,,,,,,,,,0x9c6d47Ff73e0F5E51BE5FD53236e3F595C5793F2
2022-01-20,,"['0x7f39C581F595B53c5cb19bD0b3f8dA6c935E2Ca0', '0xBe9895146f7AF43049ca1c1AE358B0541Ea49704']",,,,,,,,,,,,,,,,,,,,,,,,,,,,,,,,0x9c6d47Ff73e0F5E51BE5FD53236e3F595C5793F2
2022-01-21,,"['0x7f39C581F595B53c5cb19bD0b3f8dA6c935E2Ca0', '0xBe9895146f7AF43049ca1c1AE358B0541Ea49704']",,,,,,,,,,,,,,,,,,,,,,,,,,,,,,,,0x9c6d47Ff73e0F5E51BE5FD53236e3F595C5793F2
2022-01-22,,"['0x7f39C581F595B53c5cb19bD0b3f8dA6c935E2Ca0', '0xBe9895146f7AF43049ca1c1AE358B0541Ea49704']",,,,,,,,,,,,,,,,,,,,,,,,,,,,,,,,0x9c6d47Ff73e0F5E51BE5FD53236e3F595C5793F2
2022-01-23,,"['0x7f39C581F595B53c5cb19bD0b3f8dA6c935E2Ca0', '0xBe9895146f7AF43049ca1c1AE358B0541Ea49704']",,,,,,,,,,,,,,,,,,,,,,,,,,,,,,,,0x9c6d47Ff73e0F5E51BE5FD53236e3F595C5793F2
2022-01-24,,"['0x7f39C581F595B53c5cb19bD0b3f8dA6c935E2Ca0', '0xBe9895146f7AF43049ca1c1AE358B0541Ea49704']",,,,,,,,,,,,,,,,,,,,,,,,,,,,,,,,0x9c6d47Ff73e0F5E51BE5FD53236e3F595C5793F2
2022-01-25,,"['0x7f39C581F595B53c5cb19bD0b3f8dA6c935E2Ca0', '0xBe9895146f7AF43049ca1c1AE358B0541Ea49704']",,,,,,,,,,,,,,,,,,,,,,,,,,,,,,,,0x9c6d47Ff73e0F5E51BE5FD53236e3F595C5793F2
2022-01-26,,"['0x7f39C581F595B53c5cb19bD0b3f8dA6c935E2Ca0', '0xBe9895146f7AF43049ca1c1AE358B0541Ea49704']",,,,,,,,,,,,,,,,,,,,,,,,,,,,,,,,0x9c6d47Ff73e0F5E51BE5FD53236e3F595C5793F2
2022-01-27,,"['0x7f39C581F595B53c5cb19bD0b3f8dA6c935E2Ca0', '0xBe9895146f7AF43049ca1c1AE358B0541Ea49704']",,,,,,,,,,,,,,,,,,,,,,,,,,,,,,,,0x9c6d47Ff73e0F5E51BE5FD53236e3F595C5793F2
2022-01-28,,"['0x7f39C581F595B53c5cb19bD0b3f8dA6c935E2Ca0', '0xBe9895146f7AF43049ca1c1AE358B0541Ea49704']",,,,,,,,,,,,,,,,,,,,,,,,,,,,,,,,0x9c6d47Ff73e0F5E51BE5FD53236e3F595C5793F2
2022-01-29,,"['0x7f39C581F595B53c5cb19bD0b3f8dA6c935E2Ca0', '0xBe9895146f7AF43049ca1c1AE358B0541Ea49704']",,,,,,,,,,,,,,,,,,,,,,,,,,,,,,,,0x9c6d47Ff73e0F5E51BE5FD53236e3F595C5793F2
2022-01-30,,"['0x7f39C581F595B53c5cb19bD0b3f8dA6c935E2Ca0', '0xBe9895146f7AF43049ca1c1AE358B0541Ea49704']",,,,,,,,,,,,,,,,,,,,,,,,,,,,,,,,0x9c6d47Ff73e0F5E51BE5FD53236e3F595C5793F2
2022-01-31,,"['0x7f39C581F595B53c5cb19bD0b3f8dA6c935E2Ca0', '0xBe9895146f7AF43049ca1c1AE358B0541Ea49704']",,,,,,,,,,,,,,,,,,,,,,,,,,,,,,,,0x9c6d47Ff73e0F5E51BE5FD53236e3F595C5793F2
2022-02-01,,"['0x7f39C581F595B53c5cb19bD0b3f8dA6c935E2Ca0', '0xBe9895146f7AF43049ca1c1AE358B0541Ea49704']",,,,,,,,,,,,,,,,,,,,,,,,,,,,,,,,0x9c6d47Ff73e0F5E51BE5FD53236e3F595C5793F2
2022-02-02,,"['0x7f39C581F595B53c5cb19bD0b3f8dA6c935E2Ca0', '0xBe9895146f7AF43049ca1c1AE358B0541Ea49704']",,,,,,,,,,,,,,,,,,,,,,,,,,,,,,,,0x9c6d47Ff73e0F5E51BE5FD53236e3F595C5793F2
2022-02-03,,"['0x7f39C581F595B53c5cb19bD0b3f8dA6c935E2Ca0', '0xBe9895146f7AF43049ca1c1AE358B0541Ea49704']",,,,,,,,,,,,,,,,,,,,,,,,,,,,,,,,0x9c6d47Ff73e0F5E51BE5FD53236e3F595C5793F2
2022-02-04,,"['0x7f39C581F595B53c5cb19bD0b3f8dA6c935E2Ca0', '0xBe9895146f7AF43049ca1c1AE358B0541Ea49704']",,,,,,,,,,,,,,,,,,,,,,,,,,,,,,,,0x9c6d47Ff73e0F5E51BE5FD53236e3F595C5793F2
2022-02-05,,"['0x7f39C581F595B53c5cb19bD0b3f8dA6c935E2Ca0', '0xBe9895146f7AF43049ca1c1AE358B0541Ea49704']",,,,,,,,,,,,,,,,,,,,,,,,,,,,,,,,0x9c6d47Ff73e0F5E51BE5FD53236e3F595C5793F2
2022-02-06,,"['0x7f39C581F595B53c5cb19bD0b3f8dA6c935E2Ca0', '0xBe9895146f7AF43049ca1c1AE358B0541Ea49704']",,,,,,,,,,,,,,,,,,,,,,,,,,,,,,,,0x9c6d47Ff73e0F5E51BE5FD53236e3F595C5793F2
2022-02-07,,"['0x7f39C581F595B53c5cb19bD0b3f8dA6c935E2Ca0', '0xBe9895146f7AF43049ca1c1AE358B0541Ea49704']",,,,,,,,,,,,,,,,,,,,,,,,,,,,,,,,0x9c6d47Ff73e0F5E51BE5FD53236e3F595C5793F2
2022-02-08,,"['0x7f39C581F595B53c5cb19bD0b3f8dA6c935E2Ca0', '0xBe9895146f7AF43049ca1c1AE358B0541Ea49704']",,,,,,,,,,,,,,,,,,,,,,,,,,,,,,,,0x9c6d47Ff73e0F5E51BE5FD53236e3F595C5793F2
2022-02-09,,"['0x7f39C581F595B53c5cb19bD0b3f8dA6c935E2Ca0', '0xBe9895146f7AF43049ca1c1AE358B0541Ea49704']",,,,,,,,,,,,,,,,,,,,,,,,,,,,,,,,0x9c6d47Ff73e0F5E51BE5FD53236e3F595C5793F2
2022-02-10,,"['0x7f39C581F595B53c5cb19bD0b3f8dA6c935E2Ca0', '0xBe9895146f7AF43049ca1c1AE358B0541Ea49704']",,,,,,,,,,,,,,,,,,,,,,,,,,,,,,,,0x9c6d47Ff73e0F5E51BE5FD53236e3F595C5793F2
2022-02-11,,"['0x7f39C581F595B53c5cb19bD0b3f8dA6c935E2Ca0', '0xBe9895146f7AF43049ca1c1AE358B0541Ea49704']",,,,,,,,,,,,,,,,,,,,,,,,,,,,,,,,0x9c6d47Ff73e0F5E51BE5FD53236e3F595C5793F2
2022-02-12,,"['0x7f39C581F595B53c5cb19bD0b3f8dA6c935E2Ca0', '0xBe9895146f7AF43049ca1c1AE358B0541Ea49704']",,,,,,,,,,,,,,,,,,,,,,,,,,,,,,,,0x9c6d47Ff73e0F5E51BE5FD53236e3F595C5793F2
2022-02-13,,"['0x7f39C581F595B53c5cb19bD0b3f8dA6c935E2Ca0', '0xBe9895146f7AF43049ca1c1AE358B0541Ea49704']",,,,,,,,,,,,,,,,,,,,,,,,,,,,,,,,0x9c6d47Ff73e0F5E51BE5FD53236e3F595C5793F2
2022-02-14,,"['0x7f39C581F595B53c5cb19bD0b3f8dA6c935E2Ca0', '0xBe9895146f7AF43049ca1c1AE358B0541Ea49704']",,,,,,,,,,,,,,,,,,,,,,,,,,,,,,,,0x9c6d47Ff73e0F5E51BE5FD53236e3F595C5793F2
2022-02-15,,"['0x7f39C581F595B53c5cb19bD0b3f8dA6c935E2Ca0', '0xBe9895146f7AF43049ca1c1AE358B0541Ea49704']",,,,,,,,,,,,,,,,,,,,,,,,,,,,,,,,0x9c6d47Ff73e0F5E51BE5FD53236e3F595C5793F2
2022-02-16,,"['0x7f39C581F595B53c5cb19bD0b3f8dA6c935E2Ca0', '0xBe9895146f7AF43049ca1c1AE358B0541Ea49704']",,,,,,,,,,,,,,,,,,,,,,,,,,,,,,,,0x9c6d47Ff73e0F5E51BE5FD53236e3F595C5793F2
2022-02-17,,"['0x7f39C581F595B53c5cb19bD0b3f8dA6c935E2Ca0', '0xBe9895146f7AF43049ca1c1AE358B0541Ea49704']",,,,,,,,,,,,,,,,,,,,,,,,,,,,,,,,0x9c6d47Ff73e0F5E51BE5FD53236e3F595C5793F2
2022-02-18,,"['0x7f39C581F595B53c5cb19bD0b3f8dA6c935E2Ca0', '0xBe9895146f7AF43049ca1c1AE358B0541Ea49704']",,,,,,,,,,,,,,,,,,,,,,,,,,,,,,,,0x9c6d47Ff73e0F5E51BE5FD53236e3F595C5793F2
2022-02-19,,"['0x7f39C581F595B53c5cb19bD0b3f8dA6c935E2Ca0', '0xBe9895146f7AF43049ca1c1AE358B0541Ea49704']",,,,,,,,,,,,,,,,,,,,,,,,,,,,,,,,0x9c6d47Ff73e0F5E51BE5FD53236e3F595C5793F2
2022-02-20,,"['0x7f39C581F595B53c5cb19bD0b3f8dA6c935E2Ca0', '0xBe9895146f7AF43049ca1c1AE358B0541Ea49704']",,,,,,,,,,,,,,,,,,,,,,,,,,,,,,,,0x9c6d47Ff73e0F5E51BE5FD53236e3F595C5793F2
2022-02-21,,"['0x7f39C581F595B53c5cb19bD0b3f8dA6c935E2Ca0', '0xBe9895146f7AF43049ca1c1AE358B0541Ea49704']",,,,,,,,,,,,,,,,,,,,,,,,,,,,,,,,0x9c6d47Ff73e0F5E51BE5FD53236e3F595C5793F2
2022-02-22,,"['0x7f39C581F595B53c5cb19bD0b3f8dA6c935E2Ca0', '0xBe9895146f7AF43049ca1c1AE358B0541Ea49704']",,,,,,,,,,,,,,,,,,,,,,,,,,,,,,,,0x9c6d47Ff73e0F5E51BE5FD53236e3F595C5793F2
2022-02-23,,"['0x7f39C581F595B53c5cb19bD0b3f8dA6c935E2Ca0', '0xBe9895146f7AF43049ca1c1AE358B0541Ea49704']",,,,,,,,,,,,,,,,,,,,,,,,,,,,,,,,0x9c6d47Ff73e0F5E51BE5FD53236e3F595C5793F2
2022-02-24,,"['0x7f39C581F595B53c5cb19bD0b3f8dA6c935E2Ca0', '0xBe9895146f7AF43049ca1c1AE358B0541Ea49704']",,,,,,,,,,,,,,,,,,,,,,,,,,,,,,,,0x9c6d47Ff73e0F5E51BE5FD53236e3F595C5793F2
2022-02-25,,"['0x7f39C581F595B53c5cb19bD0b3f8dA6c935E2Ca0', '0xBe9895146f7AF43049ca1c1AE358B0541Ea49704']",,,,,,,,,,,,,,,,,,,,,,,,,,,,,,,,0x9c6d47Ff73e0F5E51BE5FD53236e3F595C5793F2
2022-02-26,,"['0x7f39C581F595B53c5cb19bD0b3f8dA6c935E2Ca0', '0xBe9895146f7AF43049ca1c1AE358B0541Ea49704']",,,,,,,,,,,,,,,,,,,,,,,,,,,,,,,,0x9c6d47Ff73e0F5E51BE5FD53236e3F595C5793F2
2022-02-27,,"['0x7f39C581F595B53c5cb19bD0b3f8dA6c935E2Ca0', '0xBe9895146f7AF43049ca1c1AE358B0541Ea49704']",,,,,,,,,,,,,,,,,,,,,,,,,,,,,,,,0x9c6d47Ff73e0F5E51BE5FD53236e3F595C5793F2
2022-02-28,,"['0x7f39C581F595B53c5cb19bD0b3f8dA6c935E2Ca0', '0xBe9895146f7AF43049ca1c1AE358B0541Ea49704']",,,,,,,,,,,,,,,,,,,,,,,,,,,,,,,,0x9c6d47Ff73e0F5E51BE5FD53236e3F595C5793F2
2022-03-01,,"['0x7f39C581F595B53c5cb19bD0b3f8dA6c935E2Ca0', '0xBe9895146f7AF43049ca1c1AE358B0541Ea49704']",,,,,,,,,,,,,,,,,,,,,,,,,,,,,,,,0x9c6d47Ff73e0F5E51BE5FD53236e3F595C5793F2
2022-03-02,,"['0x7f39C581F595B53c5cb19bD0b3f8dA6c935E2Ca0', '0xBe9895146f7AF43049ca1c1AE358B0541Ea49704']",,,,,,,,,,,,,,,,,,,,,,,,,,,,,,,,0x9c6d47Ff73e0F5E51BE5FD53236e3F595C5793F2
2022-03-03,,"['0x7f39C581F595B53c5cb19bD0b3f8dA6c935E2Ca0', '0xBe9895146f7AF43049ca1c1AE358B0541Ea49704']",,,,,,,,,,,,,,,,,,,,,,,,,,,,,,,,0x9c6d47Ff73e0F5E51BE5FD53236e3F595C5793F2
2022-03-04,,"['0x7f39C581F595B53c5cb19bD0b3f8dA6c935E2Ca0', '0xBe9895146f7AF43049ca1c1AE358B0541Ea49704']",,,,,,,,,,,,,,,,,,,,,,,,,,,,,,,,0x9c6d47Ff73e0F5E51BE5FD53236e3F595C5793F2
2022-03-05,,"['0x7f39C581F595B53c5cb19bD0b3f8dA6c935E2Ca0', '0xBe9895146f7AF43049ca1c1AE358B0541Ea49704']",,,,,,,,,,,,,,,,,,,,,,,,,,,,,,,,0x9c6d47Ff73e0F5E51BE5FD53236e3F595C5793F2
2022-03-06,,"['0x7f39C581F595B53c5cb19bD0b3f8dA6c935E2Ca0', '0xBe9895146f7AF43049ca1c1AE358B0541Ea49704']",,,,,,,,,,,,,,,,,,,,,,,,,,,,,,,,0x9c6d47Ff73e0F5E51BE5FD53236e3F595C5793F2
2022-03-07,,"['0x7f39C581F595B53c5cb19bD0b3f8dA6c935E2Ca0', '0xBe9895146f7AF43049ca1c1AE358B0541Ea49704']",,,,,,,,,,,,,,,,,,,,,,,,,,,,,,,,0x9c6d47Ff73e0F5E51BE5FD53236e3F595C5793F2
2022-03-08,,"['0x7f39C581F595B53c5cb19bD0b3f8dA6c935E2Ca0', '0xBe9895146f7AF43049ca1c1AE358B0541Ea49704']",,,,,,,,,,,,,,,,,,,,,,,,,,,,,,,,0x9c6d47Ff73e0F5E51BE5FD53236e3F595C5793F2
2022-03-09,,"['0x7f39C581F595B53c5cb19bD0b3f8dA6c935E2Ca0', '0xBe9895146f7AF43049ca1c1AE358B0541Ea49704']",,,,,,,,,,,,,,,,,,,,,,,,,,,,,,,,0x9c6d47Ff73e0F5E51BE5FD53236e3F595C5793F2
2022-03-10,,"['0x7f39C581F595B53c5cb19bD0b3f8dA6c935E2Ca0', '0xBe9895146f7AF43049ca1c1AE358B0541Ea49704']",,,,,,,,,,,,,,,,,,,,,,,,,,,,,,,,0x9c6d47Ff73e0F5E51BE5FD53236e3F595C5793F2
2022-03-11,,"['0x7f39C581F595B53c5cb19bD0b3f8dA6c935E2Ca0', '0xBe9895146f7AF43049ca1c1AE358B0541Ea49704']",,,,,,,,,,,,,,,,,,,,,,,,,,,,,,,,0x9c6d47Ff73e0F5E51BE5FD53236e3F595C5793F2
2022-03-12,,"['0x7f39C581F595B53c5cb19bD0b3f8dA6c935E2Ca0', '0xBe9895146f7AF43049ca1c1AE358B0541Ea49704']",,,,,,,,,,,,,,,,,,,,,,,,,,,,,,,,0x9c6d47Ff73e0F5E51BE5FD53236e3F595C5793F2
2022-03-13,,"['0x7f39C581F595B53c5cb19bD0b3f8dA6c935E2Ca0', '0xBe9895146f7AF43049ca1c1AE358B0541Ea49704']",,,,,,,,,,,,,,,,,,,,,,,,,,,,,,,,0x9c6d47Ff73e0F5E51BE5FD53236e3F595C5793F2
2022-03-14,,"['0x7f39C581F595B53c5cb19bD0b3f8dA6c935E2Ca0', '0xBe9895146f7AF43049ca1c1AE358B0541Ea49704']",,,,,,,,,,,,,,,,,,,,,,,,,,,,,,,,0x9c6d47Ff73e0F5E51BE5FD53236e3F595C5793F2
2022-03-15,,"['0x7f39C581F595B53c5cb19bD0b3f8dA6c935E2Ca0', '0xBe9895146f7AF43049ca1c1AE358B0541Ea49704']",,,,,,,,,,,,,,,,,,,,,,,,,,,,,,,,0x9c6d47Ff73e0F5E51BE5FD53236e3F595C5793F2
2022-03-16,,"['0x7f39C581F595B53c5cb19bD0b3f8dA6c935E2Ca0', '0xBe9895146f7AF43049ca1c1AE358B0541Ea49704']",,,,,,,,,,,,,,,,,,,,,,,,,,,,,,,,0x9c6d47Ff73e0F5E51BE5FD53236e3F595C5793F2
2022-03-17,,"['0x7f39C581F595B53c5cb19bD0b3f8dA6c935E2Ca0', '0xBe9895146f7AF43049ca1c1AE358B0541Ea49704']",,,,,,,,,,,,,,,,,,,,,,,,,,,,,,,,0x9c6d47Ff73e0F5E51BE5FD53236e3F595C5793F2
2022-03-18,,"['0x7f39C581F595B53c5cb19bD0b3f8dA6c935E2Ca0', '0xBe9895146f7AF43049ca1c1AE358B0541Ea49704']",,,,,,,,,,,,,,,,,,,,,,,,,,,,,,,,0x9c6d47Ff73e0F5E51BE5FD53236e3F595C5793F2
2022-03-19,,"['0x7f39C581F595B53c5cb19bD0b3f8dA6c935E2Ca0', '0xBe9895146f7AF43049ca1c1AE358B0541Ea49704']",,,,,,,,,,,,,,,,,,,,,,,,,,,,,,,,0x9c6d47Ff73e0F5E51BE5FD53236e3F595C5793F2
2022-03-20,,"['0x7f39C581F595B53c5cb19bD0b3f8dA6c935E2Ca0', '0xBe9895146f7AF43049ca1c1AE358B0541Ea49704']",,,,,,,,,,,,,,,,,,,,,,,,,,,,,,,,0x9c6d47Ff73e0F5E51BE5FD53236e3F595C5793F2
2022-03-21,,"['0x7f39C581F595B53c5cb19bD0b3f8dA6c935E2Ca0', '0xBe9895146f7AF43049ca1c1AE358B0541Ea49704']",,,,,,,,,,,,,,,,,,,,,,,,,,,,,,,,0x9c6d47Ff73e0F5E51BE5FD53236e3F595C5793F2
2022-03-22,,"['0x7f39C581F595B53c5cb19bD0b3f8dA6c935E2Ca0', '0xBe9895146f7AF43049ca1c1AE358B0541Ea49704']",,,,,,,,,,,,,,,,,,,,,,,,,,,,,,,,0x9c6d47Ff73e0F5E51BE5FD53236e3F595C5793F2
2022-03-23,,"['0x7f39C581F595B53c5cb19bD0b3f8dA6c935E2Ca0', '0xBe9895146f7AF43049ca1c1AE358B0541Ea49704']",,,,,,,,,,,,,,,,,,,,,,,,,,,,,,,,0x9c6d47Ff73e0F5E51BE5FD53236e3F595C5793F2
2022-03-24,,"['0x7f39C581F595B53c5cb19bD0b3f8dA6c935E2Ca0', '0xBe9895146f7AF43049ca1c1AE358B0541Ea49704']",,,,,,,,,,,,,,,,,,,,,,,,,,,,,,,,0x9c6d47Ff73e0F5E51BE5FD53236e3F595C5793F2
2022-03-25,,"['0x7f39C581F595B53c5cb19bD0b3f8dA6c935E2Ca0', '0xBe9895146f7AF43049ca1c1AE358B0541Ea49704']",,,,,,,,,,,,,,,,,,,,,,,,,,,,,,,,0x9c6d47Ff73e0F5E51BE5FD53236e3F595C5793F2
2022-03-26,,"['0x7f39C581F595B53c5cb19bD0b3f8dA6c935E2Ca0', '0xBe9895146f7AF43049ca1c1AE358B0541Ea49704']",,,,,,,,,,,,,,,,,,,,,,,,,,,,,,,,0x9c6d47Ff73e0F5E51BE5FD53236e3F595C5793F2
2022-03-27,,"['0x7f39C581F595B53c5cb19bD0b3f8dA6c935E2Ca0', '0xBe9895146f7AF43049ca1c1AE358B0541Ea49704']",,,,,,,,,,,,,,,,,,,,,,,,,,,,,,,,0x9c6d47Ff73e0F5E51BE5FD53236e3F595C5793F2
2022-03-28,,"['0x7f39C581F595B53c5cb19bD0b3f8dA6c935E2Ca0', '0xBe9895146f7AF43049ca1c1AE358B0541Ea49704']",,,,,,,,,,,,,,,,,,,,,,,,,,,,,,,,0x9c6d47Ff73e0F5E51BE5FD53236e3F595C5793F2
2022-03-29,,"['0x7f39C581F595B53c5cb19bD0b3f8dA6c935E2Ca0', '0xBe9895146f7AF43049ca1c1AE358B0541Ea49704']",,,,,,,,,,,,,,,,,,,,,,,,,,,,,,,,0x9c6d47Ff73e0F5E51BE5FD53236e3F595C5793F2
2022-03-30,,"['0x7f39C581F595B53c5cb19bD0b3f8dA6c935E2Ca0', '0xBe9895146f7AF43049ca1c1AE358B0541Ea49704']",,,,,,,,,,,,,,,,,,,,,,,,,,,,,,,,0x9c6d47Ff73e0F5E51BE5FD53236e3F595C5793F2
2022-03-31,,"['0x7f39C581F595B53c5cb19bD0b3f8dA6c935E2Ca0', '0xBe9895146f7AF43049ca1c1AE358B0541Ea49704']",,,,,,,,,,,,,,,,,,,,,,,,,,,,,,,,0x9c6d47Ff73e0F5E51BE5FD53236e3F595C5793F2
2022-04-01,,"['0x7f39C581F595B53c5cb19bD0b3f8dA6c935E2Ca0', '0xBe9895146f7AF43049ca1c1AE358B0541Ea49704']",,,,,,,,,,,,,,,,,,,,,,,,,,,,,,,,0x9c6d47Ff73e0F5E51BE5FD53236e3F595C5793F2
2022-04-02,,"['0x7f39C581F595B53c5cb19bD0b3f8dA6c935E2Ca0', '0xBe9895146f7AF43049ca1c1AE358B0541Ea49704']",,,,,,,,,,,,,,,,,,,,,,,,,,,,,,,,0x9c6d47Ff73e0F5E51BE5FD53236e3F595C5793F2
2022-04-03,,"['0x7f39C581F595B53c5cb19bD0b3f8dA6c935E2Ca0', '0xBe9895146f7AF43049ca1c1AE358B0541Ea49704']",,,,,,,,,,,,,,,,,,,,,,,,,,,,,,,,0x9c6d47Ff73e0F5E51BE5FD53236e3F595C5793F2
2022-04-04,,"['0x7f39C581F595B53c5cb19bD0b3f8dA6c935E2Ca0', '0xBe9895146f7AF43049ca1c1AE358B0541Ea49704']",,,,,,,,,,,,,,,,,,,,,,,,,,,,,,,,0x9c6d47Ff73e0F5E51BE5FD53236e3F595C5793F2
2022-04-05,,"['0x7f39C581F595B53c5cb19bD0b3f8dA6c935E2Ca0', '0xBe9895146f7AF43049ca1c1AE358B0541Ea49704']",,,,,,,,,,,,,,,,,,,,,,,,,,,,,,,,0x9c6d47Ff73e0F5E51BE5FD53236e3F595C5793F2
2022-04-06,,"['0x7f39C581F595B53c5cb19bD0b3f8dA6c935E2Ca0', '0xBe9895146f7AF43049ca1c1AE358B0541Ea49704']",,,,,,,,,,,,,,,,,,,,,,,,,,,,,,,,0x9c6d47Ff73e0F5E51BE5FD53236e3F595C5793F2
2022-04-07,,"['0x7f39C581F595B53c5cb19bD0b3f8dA6c935E2Ca0', '0xBe9895146f7AF43049ca1c1AE358B0541Ea49704']",,,,,,,,,,,,,,,,,,,,,,,,,,,,,,,,0x9c6d47Ff73e0F5E51BE5FD53236e3F595C5793F2
2022-04-08,,"['0x7f39C581F595B53c5cb19bD0b3f8dA6c935E2Ca0', '0xBe9895146f7AF43049ca1c1AE358B0541Ea49704']",,,,,,,,,,,,,,,,,,,,,,,,,,,,,,,,0x9c6d47Ff73e0F5E51BE5FD53236e3F595C5793F2
2022-04-09,,"['0x7f39C581F595B53c5cb19bD0b3f8dA6c935E2Ca0', '0xBe9895146f7AF43049ca1c1AE358B0541Ea49704']",,,,,,,,,,,,,,,,,,,,,,,,,,,,,,,,0x9c6d47Ff73e0F5E51BE5FD53236e3F595C5793F2
2022-04-10,,"['0x7f39C581F595B53c5cb19bD0b3f8dA6c935E2Ca0', '0xBe9895146f7AF43049ca1c1AE358B0541Ea49704']",,,,,,,,,,,,,,,,,,,,,,,,,,,,,,,,0x9c6d47Ff73e0F5E51BE5FD53236e3F595C5793F2
2022-04-11,,"['0x7f39C581F595B53c5cb19bD0b3f8dA6c935E2Ca0', '0xBe9895146f7AF43049ca1c1AE358B0541Ea49704']",,,,,,,,,,,,,,,,,,,,,,,,,,,,,,,,0x9c6d47Ff73e0F5E51BE5FD53236e3F595C5793F2
2022-04-12,,"['0x7f39C581F595B53c5cb19bD0b3f8dA6c935E2Ca0', '0xBe9895146f7AF43049ca1c1AE358B0541Ea49704']",,,,,,,,,,,,,,,,,,,,,,,,,,,,,,,,0x9c6d47Ff73e0F5E51BE5FD53236e3F595C5793F2
2022-04-13,,"['0x7f39C581F595B53c5cb19bD0b3f8dA6c935E2Ca0', '0xBe9895146f7AF43049ca1c1AE358B0541Ea49704']",,,,,,,,,,,,,,,,,,,,,,,,,,,,,,,,0x9c6d47Ff73e0F5E51BE5FD53236e3F595C5793F2
2022-04-14,,"['0x7f39C581F595B53c5cb19bD0b3f8dA6c935E2Ca0', '0xBe9895146f7AF43049ca1c1AE358B0541Ea49704']",,,,,,,,,,,,,,,,,,,,,,,,,,,,,,,,0x9c6d47Ff73e0F5E51BE5FD53236e3F595C5793F2
2022-04-15,,"['0x7f39C581F595B53c5cb19bD0b3f8dA6c935E2Ca0', '0xBe9895146f7AF43049ca1c1AE358B0541Ea49704']",,,,,,,,,,,,,,,,,,,,,,,,,,,,,,,,0x9c6d47Ff73e0F5E51BE5FD53236e3F595C5793F2
2022-04-16,,"['0x7f39C581F595B53c5cb19bD0b3f8dA6c935E2Ca0', '0xBe9895146f7AF43049ca1c1AE358B0541Ea49704']",,,,,,,,,,,,,,,,,,,,,,,,,,,,,,,,0x9c6d47Ff73e0F5E51BE5FD53236e3F595C5793F2
2022-04-17,,"['0x7f39C581F595B53c5cb19bD0b3f8dA6c935E2Ca0', '0xBe9895146f7AF43049ca1c1AE358B0541Ea49704']",,,,,,,,,,,,,,,,,,,,,,,,,,,,,,,,0x9c6d47Ff73e0F5E51BE5FD53236e3F595C5793F2
2022-04-18,,"['0x7f39C581F595B53c5cb19bD0b3f8dA6c935E2Ca0', '0xBe9895146f7AF43049ca1c1AE358B0541Ea49704']",,,,,,,,,,,,,,,,,,,,,,,,,,,,,,,,0x9c6d47Ff73e0F5E51BE5FD53236e3F595C5793F2
2022-04-19,,"['0x7f39C581F595B53c5cb19bD0b3f8dA6c935E2Ca0', '0xBe9895146f7AF43049ca1c1AE358B0541Ea49704']",,,,,,,,,,,,,,,,,,,,,,,,,,,,,,,,0x9c6d47Ff73e0F5E51BE5FD53236e3F595C5793F2
2022-04-20,,"['0x7f39C581F595B53c5cb19bD0b3f8dA6c935E2Ca0', '0xBe9895146f7AF43049ca1c1AE358B0541Ea49704']",,,,,,,,,,,,,,,,,,,,,,,,,,,,,,,,0x9c6d47Ff73e0F5E51BE5FD53236e3F595C5793F2
2022-04-21,,"['0x7f39C581F595B53c5cb19bD0b3f8dA6c935E2Ca0', '0xBe9895146f7AF43049ca1c1AE358B0541Ea49704']",,,,,,,,,,,,,,,,,,,,,,,,,,,,,,,,0x9c6d47Ff73e0F5E51BE5FD53236e3F595C5793F2
2022-04-22,,"['0x7f39C581F595B53c5cb19bD0b3f8dA6c935E2Ca0', '0xBe9895146f7AF43049ca1c1AE358B0541Ea49704']",,,,,,,,,,,,,,,,,,,,,,,,,,,,,,,,0x9c6d47Ff73e0F5E51BE5FD53236e3F595C5793F2
2022-04-23,,"['0x7f39C581F595B53c5cb19bD0b3f8dA6c935E2Ca0', '0xBe9895146f7AF43049ca1c1AE358B0541Ea49704']",,,,,,,,,,,,,,,,,,,,,,,,,,,,,,,,0x9c6d47Ff73e0F5E51BE5FD53236e3F595C5793F2
2022-04-24,,"['0x7f39C581F595B53c5cb19bD0b3f8dA6c935E2Ca0', '0xBe9895146f7AF43049ca1c1AE358B0541Ea49704']",,,,,,,,,,,,,,,,,,,,,,,,,,,,,,,,0x9c6d47Ff73e0F5E51BE5FD53236e3F595C5793F2
2022-04-25,,"['0x7f39C581F595B53c5cb19bD0b3f8dA6c935E2Ca0', '0xBe9895146f7AF43049ca1c1AE358B0541Ea49704']",,,,,,,,,,,,,,,,,,,,,,,,,,,,,,,,0x9c6d47Ff73e0F5E51BE5FD53236e3F595C5793F2
2022-04-26,,"['0x7f39C581F595B53c5cb19bD0b3f8dA6c935E2Ca0', '0xBe9895146f7AF43049ca1c1AE358B0541Ea49704']",,,,,,,,,,,,,,,,,,,,,,,,,,,,,,,,0x9c6d47Ff73e0F5E51BE5FD53236e3F595C5793F2
2022-04-27,,"['0x7f39C581F595B53c5cb19bD0b3f8dA6c935E2Ca0', '0xBe9895146f7AF43049ca1c1AE358B0541Ea49704']",,,,,,,,,,,,,,,,,,,,,,,,,,,,,,,,0x9c6d47Ff73e0F5E51BE5FD53236e3F595C5793F2
2022-04-28,,"['0x7f39C581F595B53c5cb19bD0b3f8dA6c935E2Ca0', '0xBe9895146f7AF43049ca1c1AE358B0541Ea49704']",,,,,,,,,,,,,,,,,,,,,,,,,,,,,,,,0x9c6d47Ff73e0F5E51BE5FD53236e3F595C5793F2
2022-04-29,,"['0x7f39C581F595B53c5cb19bD0b3f8dA6c935E2Ca0', '0xBe9895146f7AF43049ca1c1AE358B0541Ea49704']",,,,,,,,,,,,,,,,,,,,,,,,,,,,,,,,0x9c6d47Ff73e0F5E51BE5FD53236e3F595C5793F2
2022-04-30,,"['0x7f39C581F595B53c5cb19bD0b3f8dA6c935E2Ca0', '0xBe9895146f7AF43049ca1c1AE358B0541Ea49704']",,,,,,,,,,,,,,,,,,,,,,,,,,,,,,,,0x9c6d47Ff73e0F5E51BE5FD53236e3F595C5793F2
2022-05-01,,"['0x7f39C581F595B53c5cb19bD0b3f8dA6c935E2Ca0', '0xBe9895146f7AF43049ca1c1AE358B0541Ea49704']",,,,,,,,,,,,,,,,,,,,,,,,,,,,,,,,0x9c6d47Ff73e0F5E51BE5FD53236e3F595C5793F2
2022-05-02,,"['0x7f39C581F595B53c5cb19bD0b3f8dA6c935E2Ca0', '0xBe9895146f7AF43049ca1c1AE358B0541Ea49704']",,,,,,,,,,,,,,,,,,,,,,,,,,,,,,,,0x9c6d47Ff73e0F5E51BE5FD53236e3F595C5793F2
2022-05-03,,"['0x7f39C581F595B53c5cb19bD0b3f8dA6c935E2Ca0', '0xBe9895146f7AF43049ca1c1AE358B0541Ea49704']",,,,,,,,,,,,,,,,,,,,,,,,,,,,,,,,0x9c6d47Ff73e0F5E51BE5FD53236e3F595C5793F2
2022-05-04,,"['0x7f39C581F595B53c5cb19bD0b3f8dA6c935E2Ca0', '0xBe9895146f7AF43049ca1c1AE358B0541Ea49704']",,,,,,,,,,,,,,,,,,,,,,,,,,,,,,,,0x9c6d47Ff73e0F5E51BE5FD53236e3F595C5793F2
2022-05-05,,"['0x7f39C581F595B53c5cb19bD0b3f8dA6c935E2Ca0', '0xBe9895146f7AF43049ca1c1AE358B0541Ea49704']",,,,,,,,,,,,,,,,,,,,,,,,,,,,,,,,0x9c6d47Ff73e0F5E51BE5FD53236e3F595C5793F2
2022-05-06,,"['0x7f39C581F595B53c5cb19bD0b3f8dA6c935E2Ca0', '0xBe9895146f7AF43049ca1c1AE358B0541Ea49704']",,,,,,,,,,,,,,,,,,,,,,,,,,,,,,,,0x9c6d47Ff73e0F5E51BE5FD53236e3F595C5793F2
2022-05-07,,"['0x7f39C581F595B53c5cb19bD0b3f8dA6c935E2Ca0', '0xBe9895146f7AF43049ca1c1AE358B0541Ea49704']",,,,,,,,,,,,,,,,,,,,,,,,,,,,,,,,0x9c6d47Ff73e0F5E51BE5FD53236e3F595C5793F2
2022-05-08,,"['0x7f39C581F595B53c5cb19bD0b3f8dA6c935E2Ca0', '0xBe9895146f7AF43049ca1c1AE358B0541Ea49704']",,,,,,,,,,,,,,,,,,,,,,,,,,,,,,,,0x9c6d47Ff73e0F5E51BE5FD53236e3F595C5793F2
2022-05-09,,"['0x7f39C581F595B53c5cb19bD0b3f8dA6c935E2Ca0', '0xBe9895146f7AF43049ca1c1AE358B0541Ea49704']",,,,,,,,,,,,,,,,,,,,,,,,,,,,,,,,0x9c6d47Ff73e0F5E51BE5FD53236e3F595C5793F2
2022-05-10,,"['0x7f39C581F595B53c5cb19bD0b3f8dA6c935E2Ca0', '0xBe9895146f7AF43049ca1c1AE358B0541Ea49704']",,,,,,,,,,,,,,,,,,,,,,,,,,,,,,,,0x9c6d47Ff73e0F5E51BE5FD53236e3F595C5793F2
2022-05-11,,"['0x7f39C581F595B53c5cb19bD0b3f8dA6c935E2Ca0', '0xBe9895146f7AF43049ca1c1AE358B0541Ea49704']",,,,,,,,,,,,,,,,,,,,,,,,,,,,,,,,0x9c6d47Ff73e0F5E51BE5FD53236e3F595C5793F2
2022-05-12,,"['0x7f39C581F595B53c5cb19bD0b3f8dA6c935E2Ca0', '0xBe9895146f7AF43049ca1c1AE358B0541Ea49704']",,,,,,,,,,,,,,,,,,,,,,,,,,,,,,,,0x9c6d47Ff73e0F5E51BE5FD53236e3F595C5793F2
2022-05-13,,"['0x7f39C581F595B53c5cb19bD0b3f8dA6c935E2Ca0', '0xBe9895146f7AF43049ca1c1AE358B0541Ea49704']",,,,,,,,,,,,,,,,,,,,,,,,,,,,,,,,0x9c6d47Ff73e0F5E51BE5FD53236e3F595C5793F2
2022-05-14,,"['0x7f39C581F595B53c5cb19bD0b3f8dA6c935E2Ca0', '0xBe9895146f7AF43049ca1c1AE358B0541Ea49704']",,,,,,,,,,,,,,,,,,,,,,,,,,,,,,,,0x9c6d47Ff73e0F5E51BE5FD53236e3F595C5793F2
2022-05-15,,"['0x7f39C581F595B53c5cb19bD0b3f8dA6c935E2Ca0', '0xBe9895146f7AF43049ca1c1AE358B0541Ea49704']",,,,,,,,,,,,,,,,,,,,,,,,,,,,,,,,0x9c6d47Ff73e0F5E51BE5FD53236e3F595C5793F2
2022-05-16,,"['0x7f39C581F595B53c5cb19bD0b3f8dA6c935E2Ca0', '0xBe9895146f7AF43049ca1c1AE358B0541Ea49704']",,,,,,,,,,,,,,,,,,,,,,,,,,,,,,,,0x9c6d47Ff73e0F5E51BE5FD53236e3F595C5793F2
2022-05-17,,"['0x7f39C581F595B53c5cb19bD0b3f8dA6c935E2Ca0', '0xBe9895146f7AF43049ca1c1AE358B0541Ea49704']",,,,,,,,,,,,,,,,,,,,,,,,,,,,,,,,0x9c6d47Ff73e0F5E51BE5FD53236e3F595C5793F2
2022-05-18,,"['0x7f39C581F595B53c5cb19bD0b3f8dA6c935E2Ca0', '0xBe9895146f7AF43049ca1c1AE358B0541Ea49704']",,,,,,,,,,,,,,,,,,,,,,,,,,,,,,,,0x9c6d47Ff73e0F5E51BE5FD53236e3F595C5793F2
2022-05-19,,"['0x7f39C581F595B53c5cb19bD0b3f8dA6c935E2Ca0', '0xBe9895146f7AF43049ca1c1AE358B0541Ea49704']",,,,,,,,,,,,,,,,,,,,,,,,,,,,,,,,0x9c6d47Ff73e0F5E51BE5FD53236e3F595C5793F2
2022-05-20,,"['0x7f39C581F595B53c5cb19bD0b3f8dA6c935E2Ca0', '0xBe9895146f7AF43049ca1c1AE358B0541Ea49704']",,,,,,,,,,,,,,,,,,,,,,,,,,,,,,,,0x9c6d47Ff73e0F5E51BE5FD53236e3F595C5793F2
2022-05-21,,"['0x7f39C581F595B53c5cb19bD0b3f8dA6c935E2Ca0', '0xBe9895146f7AF43049ca1c1AE358B0541Ea49704']",,,,,,,,,,,,,,,,,,,,,,,,,,,,,,,,0x9c6d47Ff73e0F5E51BE5FD53236e3F595C5793F2
2022-05-22,,"['0x7f39C581F595B53c5cb19bD0b3f8dA6c935E2Ca0', '0xBe9895146f7AF43049ca1c1AE358B0541Ea49704']",,,,,,,,,,,,,,,,,,,,,,,,,,,,,,,,0x9c6d47Ff73e0F5E51BE5FD53236e3F595C5793F2
2022-05-23,,"['0x7f39C581F595B53c5cb19bD0b3f8dA6c935E2Ca0', '0xBe9895146f7AF43049ca1c1AE358B0541Ea49704']",,,,,,,,,,,,,,,,,,,,,,,,,,,,,,,,0x9c6d47Ff73e0F5E51BE5FD53236e3F595C5793F2
2022-05-24,,"['0x7f39C581F595B53c5cb19bD0b3f8dA6c935E2Ca0', '0xBe9895146f7AF43049ca1c1AE358B0541Ea49704']",,,,,,,,,,,,,,,,,,,,,,,,,,,,,,,,0x9c6d47Ff73e0F5E51BE5FD53236e3F595C5793F2
2022-05-25,,"['0x7f39C581F595B53c5cb19bD0b3f8dA6c935E2Ca0', '0xBe9895146f7AF43049ca1c1AE358B0541Ea49704']",,,,,,,,,,,,,,,,,,,,,,,,,,,,,,,,0x9c6d47Ff73e0F5E51BE5FD53236e3F595C5793F2
2022-05-26,,"['0x7f39C581F595B53c5cb19bD0b3f8dA6c935E2Ca0', '0xBe9895146f7AF43049ca1c1AE358B0541Ea49704']",,,,,,,,,,,,,,,,,,,,,,,,,,,,,,,,0x9c6d47Ff73e0F5E51BE5FD53236e3F595C5793F2
2022-05-27,,"['0x7f39C581F595B53c5cb19bD0b3f8dA6c935E2Ca0', '0xBe9895146f7AF43049ca1c1AE358B0541Ea49704']",,,,,,,,,,,,,,,,,,,,,,,,,,,,,,,,0x9c6d47Ff73e0F5E51BE5FD53236e3F595C5793F2
2022-05-28,,"['0x7f39C581F595B53c5cb19bD0b3f8dA6c935E2Ca0', '0xBe9895146f7AF43049ca1c1AE358B0541Ea49704']",,,,,,,,,,,,,,,,,,,,,,,,,,,,,,,,0x9c6d47Ff73e0F5E51BE5FD53236e3F595C5793F2
2022-05-29,,"['0x7f39C581F595B53c5cb19bD0b3f8dA6c935E2Ca0', '0xBe9895146f7AF43049ca1c1AE358B0541Ea49704']",,,,,,,,,,,,,,,,,,,,,,,,,,,,,,,,0x9c6d47Ff73e0F5E51BE5FD53236e3F595C5793F2
2022-05-30,,"['0x7f39C581F595B53c5cb19bD0b3f8dA6c935E2Ca0', '0xBe9895146f7AF43049ca1c1AE358B0541Ea49704']",,,,,,,,,,,,,,,,,,,,,,,,,,,,,,,,0x9c6d47Ff73e0F5E51BE5FD53236e3F595C5793F2
2022-05-31,,"['0x7f39C581F595B53c5cb19bD0b3f8dA6c935E2Ca0', '0xBe9895146f7AF43049ca1c1AE358B0541Ea49704']",,,,,,,,,,,,,,,,,,,,,,,,,,,,,,,,0x9c6d47Ff73e0F5E51BE5FD53236e3F595C5793F2
2022-06-01,,"['0x7f39C581F595B53c5cb19bD0b3f8dA6c935E2Ca0', '0xBe9895146f7AF43049ca1c1AE358B0541Ea49704']",,,,,,,,,,,,,,,,,,,,,,,,,,,,,,,,0x9c6d47Ff73e0F5E51BE5FD53236e3F595C5793F2
2022-06-02,,"['0x7f39C581F595B53c5cb19bD0b3f8dA6c935E2Ca0', '0xBe9895146f7AF43049ca1c1AE358B0541Ea49704']",,,,,,,,,,,,,,,,,,,,,,,,,,,,,,,,0x9c6d47Ff73e0F5E51BE5FD53236e3F595C5793F2
2022-06-03,,"['0x7f39C581F595B53c5cb19bD0b3f8dA6c935E2Ca0', '0xBe9895146f7AF43049ca1c1AE358B0541Ea49704']",,,,,,,,,,,,,,,,,,,,,,,,,,,,,,,,0x9c6d47Ff73e0F5E51BE5FD53236e3F595C5793F2
2022-06-04,,"['0x7f39C581F595B53c5cb19bD0b3f8dA6c935E2Ca0', '0xBe9895146f7AF43049ca1c1AE358B0541Ea49704']",,,,,,,,,,,,,,,,,,,,,,,,,,,,,,,,0x9c6d47Ff73e0F5E51BE5FD53236e3F595C5793F2
2022-06-05,,"['0x7f39C581F595B53c5cb19bD0b3f8dA6c935E2Ca0', '0xBe9895146f7AF43049ca1c1AE358B0541Ea49704']",,,,,,,,,,,,,,,,,,,,,,,,,,,,,,,,0x9c6d47Ff73e0F5E51BE5FD53236e3F595C5793F2
2022-06-06,,"['0x7f39C581F595B53c5cb19bD0b3f8dA6c935E2Ca0', '0xBe9895146f7AF43049ca1c1AE358B0541Ea49704']",,,,,,,,,,,,,,,,,,,,,,,,,,,,,,,,0x9c6d47Ff73e0F5E51BE5FD53236e3F595C5793F2
2022-06-07,,"['0x7f39C581F595B53c5cb19bD0b3f8dA6c935E2Ca0', '0xBe9895146f7AF43049ca1c1AE358B0541Ea49704']",,,,,,,,,,,,,,,,,,,,,,,,,,,,,,,,0x9c6d47Ff73e0F5E51BE5FD53236e3F595C5793F2
2022-06-08,,"['0x7f39C581F595B53c5cb19bD0b3f8dA6c935E2Ca0', '0xBe9895146f7AF43049ca1c1AE358B0541Ea49704']",,,,,,,,,,,,,,,,,,,,,,,,,,,,,,,,0x9c6d47Ff73e0F5E51BE5FD53236e3F595C5793F2
2022-06-09,,"['0x7f39C581F595B53c5cb19bD0b3f8dA6c935E2Ca0', '0xBe9895146f7AF43049ca1c1AE358B0541Ea49704']",,,,,,,,,,,,,,,,,,,,,,,,,,,,,,,,0x9c6d47Ff73e0F5E51BE5FD53236e3F595C5793F2
2022-06-10,,"['0x7f39C581F595B53c5cb19bD0b3f8dA6c935E2Ca0', '0xBe9895146f7AF43049ca1c1AE358B0541Ea49704']",,,,,,,,,,,,,,,,,,,,,,,,,,,,,,,,0x9c6d47Ff73e0F5E51BE5FD53236e3F595C5793F2
2022-06-11,,"['0x7f39C581F595B53c5cb19bD0b3f8dA6c935E2Ca0', '0xBe9895146f7AF43049ca1c1AE358B0541Ea49704']",,,,,,,,,,,,,,,,,,,,,,,,,,,,,,,,0x9c6d47Ff73e0F5E51BE5FD53236e3F595C5793F2
2022-06-12,,"['0x7f39C581F595B53c5cb19bD0b3f8dA6c935E2Ca0', '0xBe9895146f7AF43049ca1c1AE358B0541Ea49704']",,,,,,,,,,,,,,,,,,,,,,,,,,,,,,,,0x9c6d47Ff73e0F5E51BE5FD53236e3F595C5793F2
2022-06-13,,"['0x7f39C581F595B53c5cb19bD0b3f8dA6c935E2Ca0', '0xBe9895146f7AF43049ca1c1AE358B0541Ea49704']",,,,,,,,,,,,,,,,,,,,,,,,,,,,,,,,0x9c6d47Ff73e0F5E51BE5FD53236e3F595C5793F2
2022-06-14,,"['0x7f39C581F595B53c5cb19bD0b3f8dA6c935E2Ca0', '0xBe9895146f7AF43049ca1c1AE358B0541Ea49704']",,,,,,,,,,,,,,,,,,,,,,,,,,,,,,,,0x9c6d47Ff73e0F5E51BE5FD53236e3F595C5793F2
2022-06-15,,"['0x7f39C581F595B53c5cb19bD0b3f8dA6c935E2Ca0', '0xBe9895146f7AF43049ca1c1AE358B0541Ea49704']",,,,,,,,,,,,,,,,,,,,,,,,,,,,,,,,0x9c6d47Ff73e0F5E51BE5FD53236e3F595C5793F2
2022-06-16,,"['0x7f39C581F595B53c5cb19bD0b3f8dA6c935E2Ca0', '0xBe9895146f7AF43049ca1c1AE358B0541Ea49704']",,,,,,,,,,,,,,,,,,,,,,,,,,,,,,,,0x9c6d47Ff73e0F5E51BE5FD53236e3F595C5793F2
2022-06-17,,"['0x7f39C581F595B53c5cb19bD0b3f8dA6c935E2Ca0', '0xBe9895146f7AF43049ca1c1AE358B0541Ea49704']",,,,,,,,,,,,,,,,,,,,,,,,,,,,,,,,0x9c6d47Ff73e0F5E51BE5FD53236e3F595C5793F2
2022-06-18,,"['0x7f39C581F595B53c5cb19bD0b3f8dA6c935E2Ca0', '0xBe9895146f7AF43049ca1c1AE358B0541Ea49704']",,,,,,,,,,,,,,,,,,,,,,,,,,,,,,,,0x9c6d47Ff73e0F5E51BE5FD53236e3F595C5793F2
2022-06-19,,"['0x7f39C581F595B53c5cb19bD0b3f8dA6c935E2Ca0', '0xBe9895146f7AF43049ca1c1AE358B0541Ea49704']",,,,,,,,,,,,,,,,,,,,,,,,,,,,,,,,0x9c6d47Ff73e0F5E51BE5FD53236e3F595C5793F2
2022-06-20,,"['0x7f39C581F595B53c5cb19bD0b3f8dA6c935E2Ca0', '0xBe9895146f7AF43049ca1c1AE358B0541Ea49704']",,,,,,,,,,,,,,,,,,,,,,,,,,,,,,,,0x9c6d47Ff73e0F5E51BE5FD53236e3F595C5793F2
2022-06-21,,"['0x7f39C581F595B53c5cb19bD0b3f8dA6c935E2Ca0', '0xBe9895146f7AF43049ca1c1AE358B0541Ea49704']",,,,,,,,,,,,,,,,,,,,,,,,,,,,,,,,0x9c6d47Ff73e0F5E51BE5FD53236e3F595C5793F2
2022-06-22,,"['0x7f39C581F595B53c5cb19bD0b3f8dA6c935E2Ca0', '0xBe9895146f7AF43049ca1c1AE358B0541Ea49704']",,,,,,,,,,,,,,,,,,,,,,,,,,,,,,,,0x9c6d47Ff73e0F5E51BE5FD53236e3F595C5793F2
2022-06-23,,"['0x7f39C581F595B53c5cb19bD0b3f8dA6c935E2Ca0', '0xBe9895146f7AF43049ca1c1AE358B0541Ea49704']",,,,,,,,,,,,,,,,,,,,,,,,,,,,,,,,0x9c6d47Ff73e0F5E51BE5FD53236e3F595C5793F2
2022-06-24,,"['0x7f39C581F595B53c5cb19bD0b3f8dA6c935E2Ca0', '0xBe9895146f7AF43049ca1c1AE358B0541Ea49704']",,,,,,,,,,,,,,,,,,,,,,,,,,,,,,,,0x9c6d47Ff73e0F5E51BE5FD53236e3F595C5793F2
2022-06-25,,"['0x7f39C581F595B53c5cb19bD0b3f8dA6c935E2Ca0', '0xBe9895146f7AF43049ca1c1AE358B0541Ea49704']",,,,,,,,,,,,,,,,,,,,,,,,,,,,,,,,0x9c6d47Ff73e0F5E51BE5FD53236e3F595C5793F2
2022-06-26,,"['0x7f39C581F595B53c5cb19bD0b3f8dA6c935E2Ca0', '0xBe9895146f7AF43049ca1c1AE358B0541Ea49704']",,,,,,,,,,,,,,,,,,,,,,,,,,,,,,,,0x9c6d47Ff73e0F5E51BE5FD53236e3F595C5793F2
2022-06-27,,"['0x7f39C581F595B53c5cb19bD0b3f8dA6c935E2Ca0', '0xBe9895146f7AF43049ca1c1AE358B0541Ea49704']",,,,,,,,,,,,,,,,,,,,,,,,,,,,,,,,0x9c6d47Ff73e0F5E51BE5FD53236e3F595C5793F2
2022-06-28,,"['0x7f39C581F595B53c5cb19bD0b3f8dA6c935E2Ca0', '0xBe9895146f7AF43049ca1c1AE358B0541Ea49704']",,,,,,,,,,,,,,,,,,,,,,,,,,,,,,,,0x9c6d47Ff73e0F5E51BE5FD53236e3F595C5793F2
2022-06-29,,"['0x7f39C581F595B53c5cb19bD0b3f8dA6c935E2Ca0', '0xBe9895146f7AF43049ca1c1AE358B0541Ea49704']",,,,,,,,,,,,,,,,,,,,,,,,,,,,,,,,0x9c6d47Ff73e0F5E51BE5FD53236e3F595C5793F2
2022-06-30,,"['0x7f39C581F595B53c5cb19bD0b3f8dA6c935E2Ca0', '0xBe9895146f7AF43049ca1c1AE358B0541Ea49704']",,,,,,,,,,,,,,,,,,,,,,,,,,,,,,,,0x9c6d47Ff73e0F5E51BE5FD53236e3F595C5793F2
2022-07-01,,"['0x7f39C581F595B53c5cb19bD0b3f8dA6c935E2Ca0', '0xBe9895146f7AF43049ca1c1AE358B0541Ea49704']",,,,,,,,,,,,,,,,,,,,,,,,,,,,,,,,0x9c6d47Ff73e0F5E51BE5FD53236e3F595C5793F2
2022-07-02,,"['0x7f39C581F595B53c5cb19bD0b3f8dA6c935E2Ca0', '0xBe9895146f7AF43049ca1c1AE358B0541Ea49704']",,,,,,,,,,,,,,,,,,,,,,,,,,,,,,,,0x9c6d47Ff73e0F5E51BE5FD53236e3F595C5793F2
2022-07-03,,"['0x7f39C581F595B53c5cb19bD0b3f8dA6c935E2Ca0', '0xBe9895146f7AF43049ca1c1AE358B0541Ea49704']",,,,,,,,,,,,,,,,,,,,,,,,,,,,,,,,0x9c6d47Ff73e0F5E51BE5FD53236e3F595C5793F2
2022-07-04,,"['0x7f39C581F595B53c5cb19bD0b3f8dA6c935E2Ca0', '0xBe9895146f7AF43049ca1c1AE358B0541Ea49704']",,,,,,,,,,,,,,,,,,,,,,,,,,,,,,,,0x9c6d47Ff73e0F5E51BE5FD53236e3F595C5793F2
2022-07-05,,"['0x7f39C581F595B53c5cb19bD0b3f8dA6c935E2Ca0', '0xBe9895146f7AF43049ca1c1AE358B0541Ea49704']",,,,,,,,,,,,,,,,,,,,,,,,,,,,,,,,0x9c6d47Ff73e0F5E51BE5FD53236e3F595C5793F2
2022-07-06,,"['0x7f39C581F595B53c5cb19bD0b3f8dA6c935E2Ca0', '0xBe9895146f7AF43049ca1c1AE358B0541Ea49704']",,,,,,,,,,,,,,,,,,,,,,,,,,,,,,,,0x9c6d47Ff73e0F5E51BE5FD53236e3F595C5793F2
2022-07-07,,"['0x7f39C581F595B53c5cb19bD0b3f8dA6c935E2Ca0', '0xBe9895146f7AF43049ca1c1AE358B0541Ea49704']",,,,,,,,,,,,,,,,,,,,,,,,,,,,,,,,0x9c6d47Ff73e0F5E51BE5FD53236e3F595C5793F2
2022-07-08,,"['0x7f39C581F595B53c5cb19bD0b3f8dA6c935E2Ca0', '0xBe9895146f7AF43049ca1c1AE358B0541Ea49704']",,,,,,,,,,,,,,,,,,,,,,,,,,,,,,,,0x9c6d47Ff73e0F5E51BE5FD53236e3F595C5793F2
2022-07-09,,"['0x7f39C581F595B53c5cb19bD0b3f8dA6c935E2Ca0', '0xBe9895146f7AF43049ca1c1AE358B0541Ea49704']",,,,,,,,,,,,,,,,,,,,,,,,,,,,,,,,0x9c6d47Ff73e0F5E51BE5FD53236e3F595C5793F2
2022-07-10,,"['0x7f39C581F595B53c5cb19bD0b3f8dA6c935E2Ca0', '0xBe9895146f7AF43049ca1c1AE358B0541Ea49704']",,,,,,,,,,,,,,,,,,,,,,,,,,,,,,,,0x9c6d47Ff73e0F5E51BE5FD53236e3F595C5793F2
2022-07-11,,"['0x7f39C581F595B53c5cb19bD0b3f8dA6c935E2Ca0', '0xBe9895146f7AF43049ca1c1AE358B0541Ea49704']",,,,,,,,,,,,,,,,,,,,,,,,,,,,,,,,0x9c6d47Ff73e0F5E51BE5FD53236e3F595C5793F2
2022-07-12,,"['0x7f39C581F595B53c5cb19bD0b3f8dA6c935E2Ca0', '0xBe9895146f7AF43049ca1c1AE358B0541Ea49704']",,,,,,,,,,,,,,,,,,,,,,,,,,,,,,,,0x9c6d47Ff73e0F5E51BE5FD53236e3F595C5793F2
2022-07-13,,"['0x7f39C581F595B53c5cb19bD0b3f8dA6c935E2Ca0', '0xBe9895146f7AF43049ca1c1AE358B0541Ea49704']",,,,,,,,,,,,,,,,,,,,,,,,,,,,,,,,0x9c6d47Ff73e0F5E51BE5FD53236e3F595C5793F2
2022-07-14,,"['0x7f39C581F595B53c5cb19bD0b3f8dA6c935E2Ca0', '0xBe9895146f7AF43049ca1c1AE358B0541Ea49704']",,,,,,,,,,,,,,,,,,,,,,,,,,,,,,,,0x9c6d47Ff73e0F5E51BE5FD53236e3F595C5793F2
2022-07-15,,"['0x7f39C581F595B53c5cb19bD0b3f8dA6c935E2Ca0', '0xBe9895146f7AF43049ca1c1AE358B0541Ea49704']",,,,,,,,,,,,,,,,,,,,,,,,,,,,,,,,0x9c6d47Ff73e0F5E51BE5FD53236e3F595C5793F2
2022-07-16,,"['0x7f39C581F595B53c5cb19bD0b3f8dA6c935E2Ca0', '0xBe9895146f7AF43049ca1c1AE358B0541Ea49704']",,,,,,,,,,,,,,,,,,,,,,,,,,,,,,,,0x9c6d47Ff73e0F5E51BE5FD53236e3F595C5793F2
2022-07-17,,"['0x7f39C581F595B53c5cb19bD0b3f8dA6c935E2Ca0', '0xBe9895146f7AF43049ca1c1AE358B0541Ea49704']",,,,,,,,,,,,,,,,,,,,,,,,,,,,,,,,0x9c6d47Ff73e0F5E51BE5FD53236e3F595C5793F2
2022-07-18,,"['0x7f39C581F595B53c5cb19bD0b3f8dA6c935E2Ca0', '0xBe9895146f7AF43049ca1c1AE358B0541Ea49704']",,,,,,,,,,,,,,,,,,,,,,,,,,,,,,,,0x9c6d47Ff73e0F5E51BE5FD53236e3F595C5793F2
2022-07-19,,"['0x7f39C581F595B53c5cb19bD0b3f8dA6c935E2Ca0', '0xBe9895146f7AF43049ca1c1AE358B0541Ea49704']",,,,,,,,,,,,,,,,,,,,,,,,,,,,,,,,0x9c6d47Ff73e0F5E51BE5FD53236e3F595C5793F2
2022-07-20,,"['0x7f39C581F595B53c5cb19bD0b3f8dA6c935E2Ca0', '0xBe9895146f7AF43049ca1c1AE358B0541Ea49704']",,,,,,,,,,,,,,,,,,,,,,,,,,,,,,,,0x9c6d47Ff73e0F5E51BE5FD53236e3F595C5793F2
2022-07-21,,"['0x7f39C581F595B53c5cb19bD0b3f8dA6c935E2Ca0', '0xBe9895146f7AF43049ca1c1AE358B0541Ea49704']",,,,,,,,,,,,,,,,,,,,,,,,,,,,,,,,0x9c6d47Ff73e0F5E51BE5FD53236e3F595C5793F2
2022-07-22,,"['0x7f39C581F595B53c5cb19bD0b3f8dA6c935E2Ca0', '0xBe9895146f7AF43049ca1c1AE358B0541Ea49704']",,,,,,,,,,,,,,,,,,,,,,,,,,,,,,,,0x9c6d47Ff73e0F5E51BE5FD53236e3F595C5793F2
2022-07-23,,"['0x7f39C581F595B53c5cb19bD0b3f8dA6c935E2Ca0', '0xBe9895146f7AF43049ca1c1AE358B0541Ea49704']",,,,,,,,,,,,,,,,,,,,,,,,,,,,,,,,0x9c6d47Ff73e0F5E51BE5FD53236e3F595C5793F2
2022-07-24,,"['0x7f39C581F595B53c5cb19bD0b3f8dA6c935E2Ca0', '0xBe9895146f7AF43049ca1c1AE358B0541Ea49704']",,,,,,,,,,,,,,,,,,,,,,,,,,,,,,,,0x9c6d47Ff73e0F5E51BE5FD53236e3F595C5793F2
2022-07-25,,"['0x7f39C581F595B53c5cb19bD0b3f8dA6c935E2Ca0', '0xBe9895146f7AF43049ca1c1AE358B0541Ea49704']",,,,,,,,,,,,,,,,,,,,,,,,,,,,,,,,0x9c6d47Ff73e0F5E51BE5FD53236e3F595C5793F2
2022-07-26,,"['0x7f39C581F595B53c5cb19bD0b3f8dA6c935E2Ca0', '0xBe9895146f7AF43049ca1c1AE358B0541Ea49704']",,,,,,,,,,,,,,,,,,,,,,,,,,,,,,,,0x9c6d47Ff73e0F5E51BE5FD53236e3F595C5793F2
2022-07-27,,"['0x7f39C581F595B53c5cb19bD0b3f8dA6c935E2Ca0', '0xBe9895146f7AF43049ca1c1AE358B0541Ea49704']",,,,,,,,,,,,,,,,,,,,,,,,,,,,,,,,0x9c6d47Ff73e0F5E51BE5FD53236e3F595C5793F2
2022-07-28,,"['0x7f39C581F595B53c5cb19bD0b3f8dA6c935E2Ca0', '0xBe9895146f7AF43049ca1c1AE358B0541Ea49704']",,,,,,,,,,,,,,,,,,,,,,,,,,,,,,,,0x9c6d47Ff73e0F5E51BE5FD53236e3F595C5793F2
2022-07-29,,"['0x7f39C581F595B53c5cb19bD0b3f8dA6c935E2Ca0', '0xBe9895146f7AF43049ca1c1AE358B0541Ea49704']",,,,,,,,,,,,,,,,,,,,,,,,,,,,,,,,0x9c6d47Ff73e0F5E51BE5FD53236e3F595C5793F2
2022-07-30,,"['0x7f39C581F595B53c5cb19bD0b3f8dA6c935E2Ca0', '0xBe9895146f7AF43049ca1c1AE358B0541Ea49704']",,,,,,,,,,,,,,,,,,,,,,,,,,,,,,,,0x9c6d47Ff73e0F5E51BE5FD53236e3F595C5793F2
2022-07-31,,"['0x7f39C581F595B53c5cb19bD0b3f8dA6c935E2Ca0', '0xBe9895146f7AF43049ca1c1AE358B0541Ea49704']",,,,,,,,,,,,,,,,,,,,,,,,,,,,,,,,0x9c6d47Ff73e0F5E51BE5FD53236e3F595C5793F2
2022-08-01,,"['0x7f39C581F595B53c5cb19bD0b3f8dA6c935E2Ca0', '0xBe9895146f7AF43049ca1c1AE358B0541Ea49704']",,,,,,,,,,,,,,,,,,,,,,,,,,,,,,,,0x9c6d47Ff73e0F5E51BE5FD53236e3F595C5793F2
2022-08-02,,"['0x7f39C581F595B53c5cb19bD0b3f8dA6c935E2Ca0', '0xBe9895146f7AF43049ca1c1AE358B0541Ea49704']",,,,,,,,,,,,,,,,,,,,,,,,,,,,,,,,0x9c6d47Ff73e0F5E51BE5FD53236e3F595C5793F2
2022-08-03,,"['0x7f39C581F595B53c5cb19bD0b3f8dA6c935E2Ca0', '0xBe9895146f7AF43049ca1c1AE358B0541Ea49704']",,,,,,,,,,,,,,,,,,,,,,,,,,,,,,,,0x9c6d47Ff73e0F5E51BE5FD53236e3F595C5793F2
2022-08-04,,"['0x7f39C581F595B53c5cb19bD0b3f8dA6c935E2Ca0', '0xBe9895146f7AF43049ca1c1AE358B0541Ea49704']",,,,,,,,,,,,,,,,,,,,,,,,,,,,,,,,0x9c6d47Ff73e0F5E51BE5FD53236e3F595C5793F2
2022-08-05,,"['0x7f39C581F595B53c5cb19bD0b3f8dA6c935E2Ca0', '0xBe9895146f7AF43049ca1c1AE358B0541Ea49704']",,,,,,,,,,,,,,,,,,,,,,,,,,,,,,,,0x9c6d47Ff73e0F5E51BE5FD53236e3F595C5793F2
2022-08-06,,"['0x7f39C581F595B53c5cb19bD0b3f8dA6c935E2Ca0', '0xBe9895146f7AF43049ca1c1AE358B0541Ea49704']",,,,,,,,,,,,,,,,,,,,,,,,,,,,,,,,0x9c6d47Ff73e0F5E51BE5FD53236e3F595C5793F2
2022-08-07,,"['0x7f39C581F595B53c5cb19bD0b3f8dA6c935E2Ca0', '0xBe9895146f7AF43049ca1c1AE358B0541Ea49704']",,,,,,,,,,,,,,,,,,,,,,,,,,,,,,,,0x9c6d47Ff73e0F5E51BE5FD53236e3F595C5793F2
2022-08-08,,"['0x7f39C581F595B53c5cb19bD0b3f8dA6c935E2Ca0', '0xBe9895146f7AF43049ca1c1AE358B0541Ea49704']",,,,,,,,,,,,,,,,,,,,,,,,,,,,,,,,0x9c6d47Ff73e0F5E51BE5FD53236e3F595C5793F2
2022-08-09,,"['0x7f39C581F595B53c5cb19bD0b3f8dA6c935E2Ca0', '0xBe9895146f7AF43049ca1c1AE358B0541Ea49704']",,,,,,,,,,,,,,,,,,,,,,,,,,,,,,,,0x9c6d47Ff73e0F5E51BE5FD53236e3F595C5793F2
2022-08-10,,"['0x7f39C581F595B53c5cb19bD0b3f8dA6c935E2Ca0', '0xBe9895146f7AF43049ca1c1AE358B0541Ea49704']",,,,,,,,,,,,,,,,,,,,,,,,,,,,,,,,0x9c6d47Ff73e0F5E51BE5FD53236e3F595C5793F2
2022-08-11,,"['0x7f39C581F595B53c5cb19bD0b3f8dA6c935E2Ca0', '0xBe9895146f7AF43049ca1c1AE358B0541Ea49704']",,,,,,,,,,,,,,,,,,,,,,,,,,,,,,,,0x9c6d47Ff73e0F5E51BE5FD53236e3F595C5793F2
2022-08-12,,"['0x7f39C581F595B53c5cb19bD0b3f8dA6c935E2Ca0', '0xBe9895146f7AF43049ca1c1AE358B0541Ea49704']",,,,,,,,,,,,,,,,,,,,,,,,,,,,,,,,0x9c6d47Ff73e0F5E51BE5FD53236e3F595C5793F2
2022-08-13,,"['0x7f39C581F595B53c5cb19bD0b3f8dA6c935E2Ca0', '0xBe9895146f7AF43049ca1c1AE358B0541Ea49704']",,,,,,,,,,,,,,,,,,,,,,,,,,,,,,,,0x9c6d47Ff73e0F5E51BE5FD53236e3F595C5793F2
2022-08-14,,"['0x7f39C581F595B53c5cb19bD0b3f8dA6c935E2Ca0', '0xBe9895146f7AF43049ca1c1AE358B0541Ea49704']",,,,,,,,,,,,,,,,,,,,,,,,,,,,,,,,0x9c6d47Ff73e0F5E51BE5FD53236e3F595C5793F2
2022-08-15,,"['0x7f39C581F595B53c5cb19bD0b3f8dA6c935E2Ca0', '0xBe9895146f7AF43049ca1c1AE358B0541Ea49704']",,,,,,,,,,,,,,,,,,,,,,,,,,,,,,,,0x9c6d47Ff73e0F5E51BE5FD53236e3F595C5793F2
2022-08-16,,"['0x7f39C581F595B53c5cb19bD0b3f8dA6c935E2Ca0', '0xBe9895146f7AF43049ca1c1AE358B0541Ea49704']",,,,,,,,,,,,,,,,,,,,,,,,,,,,,,,,0x9c6d47Ff73e0F5E51BE5FD53236e3F595C5793F2
2022-08-17,,"['0x7f39C581F595B53c5cb19bD0b3f8dA6c935E2Ca0', '0xBe9895146f7AF43049ca1c1AE358B0541Ea49704']",,,,,,,,,,,,,,,,,,,,,,,,,,,,,,,,0x9c6d47Ff73e0F5E51BE5FD53236e3F595C5793F2
2022-08-18,,"['0x7f39C581F595B53c5cb19bD0b3f8dA6c935E2Ca0', '0xBe9895146f7AF43049ca1c1AE358B0541Ea49704']",,,,,,,,,,,,,,,,,,,,,,,,,,,,,,,,0x9c6d47Ff73e0F5E51BE5FD53236e3F595C5793F2
2022-08-19,,"['0x7f39C581F595B53c5cb19bD0b3f8dA6c935E2Ca0', '0xBe9895146f7AF43049ca1c1AE358B0541Ea49704']",,,,,,,,,,,,,,,,,,,,,,,,,,,,,,,,0x9c6d47Ff73e0F5E51BE5FD53236e3F595C5793F2
2022-08-20,,"['0x7f39C581F595B53c5cb19bD0b3f8dA6c935E2Ca0', '0xBe9895146f7AF43049ca1c1AE358B0541Ea49704']",,,,,,,,,,,,,,,,,,,,,,,,,,,,,,,,0x9c6d47Ff73e0F5E51BE5FD53236e3F595C5793F2
2022-08-21,,"['0x7f39C581F595B53c5cb19bD0b3f8dA6c935E2Ca0', '0xBe9895146f7AF43049ca1c1AE358B0541Ea49704']",,,,,,,,,,,,,,,,,,,,,,,,,,,,,,,,0x9c6d47Ff73e0F5E51BE5FD53236e3F595C5793F2
2022-08-22,,"['0x7f39C581F595B53c5cb19bD0b3f8dA6c935E2Ca0', '0xBe9895146f7AF43049ca1c1AE358B0541Ea49704']",,,,,,,,,,,,,,,,,,,,,,,,,,,,,,,,0x9c6d47Ff73e0F5E51BE5FD53236e3F595C5793F2
2022-08-23,,"['0x7f39C581F595B53c5cb19bD0b3f8dA6c935E2Ca0', '0xBe9895146f7AF43049ca1c1AE358B0541Ea49704']",,,,,,,,,,,,,,,,,,,,,,,,,,,,,,,,0x9c6d47Ff73e0F5E51BE5FD53236e3F595C5793F2
2022-08-24,,"['0x7f39C581F595B53c5cb19bD0b3f8dA6c935E2Ca0', '0xBe9895146f7AF43049ca1c1AE358B0541Ea49704']",,,,,,,,,,,,,,,,,,,,,,,,,,,,,,,,0x9c6d47Ff73e0F5E51BE5FD53236e3F595C5793F2
2022-08-25,,"['0x7f39C581F595B53c5cb19bD0b3f8dA6c935E2Ca0', '0xBe9895146f7AF43049ca1c1AE358B0541Ea49704']",,,,,,,,,,,,,,,,,,,,,,,,,,,,,,,,0x9c6d47Ff73e0F5E51BE5FD53236e3F595C5793F2
2022-08-26,,"['0x7f39C581F595B53c5cb19bD0b3f8dA6c935E2Ca0', '0xBe9895146f7AF43049ca1c1AE358B0541Ea49704']",,,,,,,,,,,,,,,,,,,,,,,,,,,,,,,,0x9c6d47Ff73e0F5E51BE5FD53236e3F595C5793F2
2022-08-27,,"['0x7f39C581F595B53c5cb19bD0b3f8dA6c935E2Ca0', '0xBe9895146f7AF43049ca1c1AE358B0541Ea49704']",,,,,,,,,,,,,,,,,,,,,,,,,,,,,,,,0x9c6d47Ff73e0F5E51BE5FD53236e3F595C5793F2
2022-08-28,,"['0x7f39C581F595B53c5cb19bD0b3f8dA6c935E2Ca0', '0xBe9895146f7AF43049ca1c1AE358B0541Ea49704']",,,,,,,,,,,,,,,,,,,,,,,,,,,,,,,,0x9c6d47Ff73e0F5E51BE5FD53236e3F595C5793F2
2022-08-29,,"['0x7f39C581F595B53c5cb19bD0b3f8dA6c935E2Ca0', '0xBe9895146f7AF43049ca1c1AE358B0541Ea49704']",,,,,,,,,,,,,,,,,,,,,,,,,,,,,,,,0x9c6d47Ff73e0F5E51BE5FD53236e3F595C5793F2
2022-08-30,,"['0x7f39C581F595B53c5cb19bD0b3f8dA6c935E2Ca0', '0xBe9895146f7AF43049ca1c1AE358B0541Ea49704']",,,,,,,,,,,,,,,,,,,,,,,,,,,,,,,,0x9c6d47Ff73e0F5E51BE5FD53236e3F595C5793F2
2022-08-31,,"['0x7f39C581F595B53c5cb19bD0b3f8dA6c935E2Ca0', '0xBe9895146f7AF43049ca1c1AE358B0541Ea49704']",,,,,,,,,,,,,,,,,,,,,,,,,,,,,,,,0x9c6d47Ff73e0F5E51BE5FD53236e3F595C5793F2
2022-09-01,,"['0x7f39C581F595B53c5cb19bD0b3f8dA6c935E2Ca0', '0xBe9895146f7AF43049ca1c1AE358B0541Ea49704']",,,,,,,,,,,,,,,,,,,,,,,,,,,,,,,,0x9c6d47Ff73e0F5E51BE5FD53236e3F595C5793F2
2022-09-02,,"['0x7f39C581F595B53c5cb19bD0b3f8dA6c935E2Ca0', '0xBe9895146f7AF43049ca1c1AE358B0541Ea49704']",,,,,,,,,,,,,,,,,,,,,,,,,,,,,,,,0x9c6d47Ff73e0F5E51BE5FD53236e3F595C5793F2
2022-09-03,,"['0x7f39C581F595B53c5cb19bD0b3f8dA6c935E2Ca0', '0xBe9895146f7AF43049ca1c1AE358B0541Ea49704']",,,,,,,,,,,,,,,,,,,,,,,,,,,,,,,,0x9c6d47Ff73e0F5E51BE5FD53236e3F595C5793F2
2022-09-04,,"['0x7f39C581F595B53c5cb19bD0b3f8dA6c935E2Ca0', '0xBe9895146f7AF43049ca1c1AE358B0541Ea49704']",,,,,,,,,,,,,,,,,,,,,,,,,,,,,,,,0x9c6d47Ff73e0F5E51BE5FD53236e3F595C5793F2
2022-09-05,,"['0x7f39C581F595B53c5cb19bD0b3f8dA6c935E2Ca0', '0xBe9895146f7AF43049ca1c1AE358B0541Ea49704']",,,,,,,,,,,,,,,,,,,,,,,,,,,,,,,,0x9c6d47Ff73e0F5E51BE5FD53236e3F595C5793F2
2022-09-06,,"['0x7f39C581F595B53c5cb19bD0b3f8dA6c935E2Ca0', '0xBe9895146f7AF43049ca1c1AE358B0541Ea49704']",,,,,,,,,,,,,,,,,,,,,,,,,,,,,,,,0x9c6d47Ff73e0F5E51BE5FD53236e3F595C5793F2
2022-09-07,,"['0x7f39C581F595B53c5cb19bD0b3f8dA6c935E2Ca0', '0xBe9895146f7AF43049ca1c1AE358B0541Ea49704']",,,,,,,,,,,,,,,,,,,,,,,,,,,,,,,,0x9c6d47Ff73e0F5E51BE5FD53236e3F595C5793F2
2022-09-08,,"['0x7f39C581F595B53c5cb19bD0b3f8dA6c935E2Ca0', '0xBe9895146f7AF43049ca1c1AE358B0541Ea49704']",,,,,,,,,,,,,,,,,,,,,,,,,,,,,,,,0x9c6d47Ff73e0F5E51BE5FD53236e3F595C5793F2
2022-09-09,,"['0x7f39C581F595B53c5cb19bD0b3f8dA6c935E2Ca0', '0xBe9895146f7AF43049ca1c1AE358B0541Ea49704']",,,,,,,,,,,,,,,,,,,,,,,,,,,,,,,,0x9c6d47Ff73e0F5E51BE5FD53236e3F595C5793F2
2022-09-10,,"['0x7f39C581F595B53c5cb19bD0b3f8dA6c935E2Ca0', '0xBe9895146f7AF43049ca1c1AE358B0541Ea49704']",,,,,,,,,,,,,,,,,,,,,,,,,,,,,,,,0x9c6d47Ff73e0F5E51BE5FD53236e3F595C5793F2
2022-09-11,,"['0x7f39C581F595B53c5cb19bD0b3f8dA6c935E2Ca0', '0xBe9895146f7AF43049ca1c1AE358B0541Ea49704']",,,,,,,,,,,,,,,,,,,,,,,,,,,,,,,,0x9c6d47Ff73e0F5E51BE5FD53236e3F595C5793F2
2022-09-12,,"['0x7f39C581F595B53c5cb19bD0b3f8dA6c935E2Ca0', '0xBe9895146f7AF43049ca1c1AE358B0541Ea49704']",,,,,,,,,,,,,,,,,,,,,,,,,,,,,,,,0x9c6d47Ff73e0F5E51BE5FD53236e3F595C5793F2
2022-09-13,,"['0x7f39C581F595B53c5cb19bD0b3f8dA6c935E2Ca0', '0xBe9895146f7AF43049ca1c1AE358B0541Ea49704']",,,,,,,,,,,,,,,,,,,,,,,,,,,,,,,,0x9c6d47Ff73e0F5E51BE5FD53236e3F595C5793F2
2022-09-14,,"['0x7f39C581F595B53c5cb19bD0b3f8dA6c935E2Ca0', '0xBe9895146f7AF43049ca1c1AE358B0541Ea49704']",,,,,,,,,,,,,,,,,,,,,,,,,,,,,,,,0x9c6d47Ff73e0F5E51BE5FD53236e3F595C5793F2
2022-09-15,,"['0x7f39C581F595B53c5cb19bD0b3f8dA6c935E2Ca0', '0xBe9895146f7AF43049ca1c1AE358B0541Ea49704']",,,,,,,,,,,,,,,,,,,,,,,,,,,,,,,,0x9c6d47Ff73e0F5E51BE5FD53236e3F595C5793F2
2022-09-16,,"['0x7f39C581F595B53c5cb19bD0b3f8dA6c935E2Ca0', '0xBe9895146f7AF43049ca1c1AE358B0541Ea49704']",,,,,,,,,,,,,,,,,,,,,,,,,,,,,,,,0x9c6d47Ff73e0F5E51BE5FD53236e3F595C5793F2
2022-09-17,,"['0x7f39C581F595B53c5cb19bD0b3f8dA6c935E2Ca0', '0xBe9895146f7AF43049ca1c1AE358B0541Ea49704']",,,,,,,,,,,,,,,,,,,,,,,,,,,,,,,,0x9c6d47Ff73e0F5E51BE5FD53236e3F595C5793F2
2022-09-18,,"['0x7f39C581F595B53c5cb19bD0b3f8dA6c935E2Ca0', '0xBe9895146f7AF43049ca1c1AE358B0541Ea49704']",,,,,,,,,,,,,,,,,,,,,,,,,,,,,,,,0x9c6d47Ff73e0F5E51BE5FD53236e3F595C5793F2
2022-09-19,,"['0x7f39C581F595B53c5cb19bD0b3f8dA6c935E2Ca0', '0xBe9895146f7AF43049ca1c1AE358B0541Ea49704']",,,,,,,,,,,,,,,,,,,,,,,,,,,,,,,,0x9c6d47Ff73e0F5E51BE5FD53236e3F595C5793F2
2022-09-20,,"['0x7f39C581F595B53c5cb19bD0b3f8dA6c935E2Ca0', '0xBe9895146f7AF43049ca1c1AE358B0541Ea49704']",,,,,,,,,,,,,,,,,,,,,,,,,,,,,,,,0x9c6d47Ff73e0F5E51BE5FD53236e3F595C5793F2
2022-09-21,,"['0x7f39C581F595B53c5cb19bD0b3f8dA6c935E2Ca0', '0xBe9895146f7AF43049ca1c1AE358B0541Ea49704']",,,,,,,,,,,,,,,,,,,,,,,,,,,,,,,,0x9c6d47Ff73e0F5E51BE5FD53236e3F595C5793F2
2022-09-22,,"['0x7f39C581F595B53c5cb19bD0b3f8dA6c935E2Ca0', '0xBe9895146f7AF43049ca1c1AE358B0541Ea49704']",,,,,,,,,,,,,,,,,,,,,,,,,,,,,,,,0x9c6d47Ff73e0F5E51BE5FD53236e3F595C5793F2
2022-09-23,,"['0x7f39C581F595B53c5cb19bD0b3f8dA6c935E2Ca0', '0xBe9895146f7AF43049ca1c1AE358B0541Ea49704']",,,,,,,,,,,,,,,,,,,,,,,,,,,,,,,,0x9c6d47Ff73e0F5E51BE5FD53236e3F595C5793F2
2022-09-24,,"['0x7f39C581F595B53c5cb19bD0b3f8dA6c935E2Ca0', '0xBe9895146f7AF43049ca1c1AE358B0541Ea49704']",,,,,,,,,,,,,,,,,,,,,,,,,,,,,,,,0x9c6d47Ff73e0F5E51BE5FD53236e3F595C5793F2
2022-09-25,,"['0x7f39C581F595B53c5cb19bD0b3f8dA6c935E2Ca0', '0xBe9895146f7AF43049ca1c1AE358B0541Ea49704']",,,,,,,,,,,,,,,,,,,,,,,,,,,,,,,,0x9c6d47Ff73e0F5E51BE5FD53236e3F595C5793F2
2022-09-26,,"['0x7f39C581F595B53c5cb19bD0b3f8dA6c935E2Ca0', '0xBe9895146f7AF43049ca1c1AE358B0541Ea49704']",,,,,,,,,,,,,,,,,,,,,,,,,,,,,,,,0x9c6d47Ff73e0F5E51BE5FD53236e3F595C5793F2
2022-09-27,,"['0x7f39C581F595B53c5cb19bD0b3f8dA6c935E2Ca0', '0xBe9895146f7AF43049ca1c1AE358B0541Ea49704']",,,,,,,,,,,,,,,,,,,,,,,,,,,,,,,,0x9c6d47Ff73e0F5E51BE5FD53236e3F595C5793F2
2022-09-28,,"['0x7f39C581F595B53c5cb19bD0b3f8dA6c935E2Ca0', '0xBe9895146f7AF43049ca1c1AE358B0541Ea49704']",,,,,,,,,,,,,,,,,,,,,,,,,,,,,,,,0x9c6d47Ff73e0F5E51BE5FD53236e3F595C5793F2
2022-09-29,,"['0x7f39C581F595B53c5cb19bD0b3f8dA6c935E2Ca0', '0xBe9895146f7AF43049ca1c1AE358B0541Ea49704']",,,,,,,,,,,,,,,,,,,,,,,,,,,,,,,,0x9c6d47Ff73e0F5E51BE5FD53236e3F595C5793F2
2022-09-30,,"['0x7f39C581F595B53c5cb19bD0b3f8dA6c935E2Ca0', '0xBe9895146f7AF43049ca1c1AE358B0541Ea49704']",,,,,,,,,,,,,,,,,,,,,,,,,,,,,,,,0x9c6d47Ff73e0F5E51BE5FD53236e3F595C5793F2
2022-10-01,,"['0x7f39C581F595B53c5cb19bD0b3f8dA6c935E2Ca0', '0xBe9895146f7AF43049ca1c1AE358B0541Ea49704']",,,,,,,,,,,,,,,,,,,,,,,,,,,,,,,,0x9c6d47Ff73e0F5E51BE5FD53236e3F595C5793F2
2022-10-02,,"['0x7f39C581F595B53c5cb19bD0b3f8dA6c935E2Ca0', '0xBe9895146f7AF43049ca1c1AE358B0541Ea49704']",,,,,,,,,,,,,,,,,,,,,,,,,,,,,,,,0x9c6d47Ff73e0F5E51BE5FD53236e3F595C5793F2
2022-10-03,,"['0x7f39C581F595B53c5cb19bD0b3f8dA6c935E2Ca0', '0xBe9895146f7AF43049ca1c1AE358B0541Ea49704']",,,,,,,,,,,,,,,,,,,,,,,,,,,,,,,,0x9c6d47Ff73e0F5E51BE5FD53236e3F595C5793F2
2022-10-04,,"['0x7f39C581F595B53c5cb19bD0b3f8dA6c935E2Ca0', '0xBe9895146f7AF43049ca1c1AE358B0541Ea49704']",,,,,,,,,,,,,,,,,,,,,,,,,,,,,,,,0x9c6d47Ff73e0F5E51BE5FD53236e3F595C5793F2
2022-10-05,,"['0x7f39C581F595B53c5cb19bD0b3f8dA6c935E2Ca0', '0xBe9895146f7AF43049ca1c1AE358B0541Ea49704']",,,,,,,,,,,,,,,,,,,,,,,,,,,,,,,,0x9c6d47Ff73e0F5E51BE5FD53236e3F595C5793F2
2022-10-06,,"['0x7f39C581F595B53c5cb19bD0b3f8dA6c935E2Ca0', '0xBe9895146f7AF43049ca1c1AE358B0541Ea49704']",,,,,,,,,,,,,,,,,,,,,,,,,,,,,,,,0x9c6d47Ff73e0F5E51BE5FD53236e3F595C5793F2
2022-10-07,,"['0x7f39C581F595B53c5cb19bD0b3f8dA6c935E2Ca0', '0xBe9895146f7AF43049ca1c1AE358B0541Ea49704']",,,,,,,,,,,,,,,,,,,,,,,,,,,,,,,,0x9c6d47Ff73e0F5E51BE5FD53236e3F595C5793F2
2022-10-08,,"['0x7f39C581F595B53c5cb19bD0b3f8dA6c935E2Ca0', '0xBe9895146f7AF43049ca1c1AE358B0541Ea49704']",,,,,,,,,,,,,,,,,,,,,,,,,,,,,,,,0x9c6d47Ff73e0F5E51BE5FD53236e3F595C5793F2
2022-10-09,,"['0x7f39C581F595B53c5cb19bD0b3f8dA6c935E2Ca0', '0xBe9895146f7AF43049ca1c1AE358B0541Ea49704']",,,,,,,,,,,,,,,,,,,,,,,,,,,,,,,,0x9c6d47Ff73e0F5E51BE5FD53236e3F595C5793F2
2022-10-10,,"['0x7f39C581F595B53c5cb19bD0b3f8dA6c935E2Ca0', '0xBe9895146f7AF43049ca1c1AE358B0541Ea49704']",,,,,,,,,,,,,,,,,,,,,,,,,,,,,,,,0x9c6d47Ff73e0F5E51BE5FD53236e3F595C5793F2
2022-10-11,,"['0x7f39C581F595B53c5cb19bD0b3f8dA6c935E2Ca0', '0xBe9895146f7AF43049ca1c1AE358B0541Ea49704']",,,,,,,,,,,,,,,,,,,,,,,,,,,,,,,,0x9c6d47Ff73e0F5E51BE5FD53236e3F595C5793F2
2022-10-12,,"['0x7f39C581F595B53c5cb19bD0b3f8dA6c935E2Ca0', '0xBe9895146f7AF43049ca1c1AE358B0541Ea49704']",,,,,,,,,,,,,,,,,,,,,,,,,,,,,,,,0x9c6d47Ff73e0F5E51BE5FD53236e3F595C5793F2
2022-10-13,,"['0x7f39C581F595B53c5cb19bD0b3f8dA6c935E2Ca0', '0xBe9895146f7AF43049ca1c1AE358B0541Ea49704']",,,,,,,,,,,,,,,,,,,,,,,,,,,,,,,,0x9c6d47Ff73e0F5E51BE5FD53236e3F595C5793F2
2022-10-14,,"['0x7f39C581F595B53c5cb19bD0b3f8dA6c935E2Ca0', '0xBe9895146f7AF43049ca1c1AE358B0541Ea49704']",,,,,,,,,,,,,,,,,,,,,,,,,,,,,,,,0x9c6d47Ff73e0F5E51BE5FD53236e3F595C5793F2
2022-10-15,,"['0x7f39C581F595B53c5cb19bD0b3f8dA6c935E2Ca0', '0xBe9895146f7AF43049ca1c1AE358B0541Ea49704']",,,,,,,,,,,,,,,,,,,,,,,,,,,,,,,,0x9c6d47Ff73e0F5E51BE5FD53236e3F595C5793F2
2022-10-16,,"['0x7f39C581F595B53c5cb19bD0b3f8dA6c935E2Ca0', '0xBe9895146f7AF43049ca1c1AE358B0541Ea49704']",,,,,,,,,,,,,,,,,,,,,,,,,,,,,,,,0x9c6d47Ff73e0F5E51BE5FD53236e3F595C5793F2
2022-10-17,,"['0x7f39C581F595B53c5cb19bD0b3f8dA6c935E2Ca0', '0xBe9895146f7AF43049ca1c1AE358B0541Ea49704']",,,,,,,,,,,,,,,,,,,,,,,,,,,,,,,,0x9c6d47Ff73e0F5E51BE5FD53236e3F595C5793F2
2022-10-18,,"['0x7f39C581F595B53c5cb19bD0b3f8dA6c935E2Ca0', '0xBe9895146f7AF43049ca1c1AE358B0541Ea49704']",,,,,,,,,,,,,,,,,,,,,,,,,,,,,,,,0x9c6d47Ff73e0F5E51BE5FD53236e3F595C5793F2
2022-10-19,,"['0x7f39C581F595B53c5cb19bD0b3f8dA6c935E2Ca0', '0xBe9895146f7AF43049ca1c1AE358B0541Ea49704']",,,,,,,,,,,,,,,,,,,,,,,,,,,,,,,,0x9c6d47Ff73e0F5E51BE5FD53236e3F595C5793F2
2022-10-20,,"['0x7f39C581F595B53c5cb19bD0b3f8dA6c935E2Ca0', '0xBe9895146f7AF43049ca1c1AE358B0541Ea49704']",,,,,,,,,,,,,,,,,,,,,,,,,,,,,,,,0x9c6d47Ff73e0F5E51BE5FD53236e3F595C5793F2
2022-10-21,,"['0x7f39C581F595B53c5cb19bD0b3f8dA6c935E2Ca0', '0xBe9895146f7AF43049ca1c1AE358B0541Ea49704']",,,,,,,,,,,,,,,,,,,,,,,,,,,,,,,,0x9c6d47Ff73e0F5E51BE5FD53236e3F595C5793F2
2022-10-22,,"['0x7f39C581F595B53c5cb19bD0b3f8dA6c935E2Ca0', '0xBe9895146f7AF43049ca1c1AE358B0541Ea49704']",,,,,,,,,,,,,,,,,,,,,,,,,,,,,,,,0x9c6d47Ff73e0F5E51BE5FD53236e3F595C5793F2
2022-10-23,,"['0x7f39C581F595B53c5cb19bD0b3f8dA6c935E2Ca0', '0xBe9895146f7AF43049ca1c1AE358B0541Ea49704']",,,,,,,,,,,,,,,,,,,,,,,,,,,,,,,,0x9c6d47Ff73e0F5E51BE5FD53236e3F595C5793F2
2022-10-24,,"['0x7f39C581F595B53c5cb19bD0b3f8dA6c935E2Ca0', '0xBe9895146f7AF43049ca1c1AE358B0541Ea49704']",,,,,,,,,,,,,,,,,,,,,,,,,,,,,,,,0x9c6d47Ff73e0F5E51BE5FD53236e3F595C5793F2
2022-10-25,,"['0x7f39C581F595B53c5cb19bD0b3f8dA6c935E2Ca0', '0xBe9895146f7AF43049ca1c1AE358B0541Ea49704']",,,,,,,,,,,,,,,,,,,,,,,,,,,,,,,,0x9c6d47Ff73e0F5E51BE5FD53236e3F595C5793F2
2022-10-26,,"['0x7f39C581F595B53c5cb19bD0b3f8dA6c935E2Ca0', '0xBe9895146f7AF43049ca1c1AE358B0541Ea49704']",,,,,,,,,,,,,,,,,,,,,,,,,,,,,,,,0x9c6d47Ff73e0F5E51BE5FD53236e3F595C5793F2
2022-10-27,,"['0x7f39C581F595B53c5cb19bD0b3f8dA6c935E2Ca0', '0xBe9895146f7AF43049ca1c1AE358B0541Ea49704']",,,,,,,,,,,,,,,,,,,,,,,,,,,,,,,,0x9c6d47Ff73e0F5E51BE5FD53236e3F595C5793F2
2022-10-28,,"['0x7f39C581F595B53c5cb19bD0b3f8dA6c935E2Ca0', '0xBe9895146f7AF43049ca1c1AE358B0541Ea49704']",,,,,,,,,,,,,,,,,,,,,,,,,,,,,,,,0x9c6d47Ff73e0F5E51BE5FD53236e3F595C5793F2
2022-10-29,,"['0x7f39C581F595B53c5cb19bD0b3f8dA6c935E2Ca0', '0xBe9895146f7AF43049ca1c1AE358B0541Ea49704']",,,,,,,,,,,,,,,,,,,,,,,,,,,,,,,,0x9c6d47Ff73e0F5E51BE5FD53236e3F595C5793F2
2022-10-30,,"['0x7f39C581F595B53c5cb19bD0b3f8dA6c935E2Ca0', '0xBe9895146f7AF43049ca1c1AE358B0541Ea49704']",,,,,,,,,,,,,,,,,,,,,,,,,,,,,,,,0x9c6d47Ff73e0F5E51BE5FD53236e3F595C5793F2
2022-10-31,,"['0x7f39C581F595B53c5cb19bD0b3f8dA6c935E2Ca0', '0xBe9895146f7AF43049ca1c1AE358B0541Ea49704']",,,,,,,,,,,,,,,,,,,,,,,,,,,,,,,,0x9c6d47Ff73e0F5E51BE5FD53236e3F595C5793F2
2022-11-01,,"['0x7f39C581F595B53c5cb19bD0b3f8dA6c935E2Ca0', '0xBe9895146f7AF43049ca1c1AE358B0541Ea49704']",,,,,,,,,,,,,,,,,,,,,,,,,,,,,,,,0x9c6d47Ff73e0F5E51BE5FD53236e3F595C5793F2
2022-11-02,,"['0x7f39C581F595B53c5cb19bD0b3f8dA6c935E2Ca0', '0xBe9895146f7AF43049ca1c1AE358B0541Ea49704']",,,,,,,,,,,,,,,,,,,,,,,,,,,,,,,,0x9c6d47Ff73e0F5E51BE5FD53236e3F595C5793F2
2022-11-03,,"['0x7f39C581F595B53c5cb19bD0b3f8dA6c935E2Ca0', '0xBe9895146f7AF43049ca1c1AE358B0541Ea49704']",,,,,,,,,,,,,,,,,,,,,,,,,,,,,,,,0x9c6d47Ff73e0F5E51BE5FD53236e3F595C5793F2
2022-11-04,,"['0x7f39C581F595B53c5cb19bD0b3f8dA6c935E2Ca0', '0xBe9895146f7AF43049ca1c1AE358B0541Ea49704']",,,,,,,,,,,,,,,,,,,,,,,,,,,,,,,,0x9c6d47Ff73e0F5E51BE5FD53236e3F595C5793F2
2022-11-05,,"['0x7f39C581F595B53c5cb19bD0b3f8dA6c935E2Ca0', '0xBe9895146f7AF43049ca1c1AE358B0541Ea49704']",,,,,,,,,,,,,,,,,,,,,,,,,,,,,,,,0x9c6d47Ff73e0F5E51BE5FD53236e3F595C5793F2
2022-11-06,,"['0x7f39C581F595B53c5cb19bD0b3f8dA6c935E2Ca0', '0xBe9895146f7AF43049ca1c1AE358B0541Ea49704']",,,,,,,,,,,,,,,,,,,,,,,,,,,,,,,,0x9c6d47Ff73e0F5E51BE5FD53236e3F595C5793F2
2022-11-07,,"['0x7f39C581F595B53c5cb19bD0b3f8dA6c935E2Ca0', '0xBe9895146f7AF43049ca1c1AE358B0541Ea49704']",,,,,,,,,,,,,,,,,,,,,,,,,,,,,,,,0x9c6d47Ff73e0F5E51BE5FD53236e3F595C5793F2
2022-11-08,,"['0x7f39C581F595B53c5cb19bD0b3f8dA6c935E2Ca0', '0xBe9895146f7AF43049ca1c1AE358B0541Ea49704']",,,,,,,,,,,,,,,,,,,,,,,,,,,,,,,,0x9c6d47Ff73e0F5E51BE5FD53236e3F595C5793F2
2022-11-09,,"['0x7f39C581F595B53c5cb19bD0b3f8dA6c935E2Ca0', '0xBe9895146f7AF43049ca1c1AE358B0541Ea49704']",,,,,,,,,,,,,,,,,,,,,,,,,,,,,,,,0x9c6d47Ff73e0F5E51BE5FD53236e3F595C5793F2
2022-11-10,,"['0x7f39C581F595B53c5cb19bD0b3f8dA6c935E2Ca0', '0xBe9895146f7AF43049ca1c1AE358B0541Ea49704']",,,,,,,,,,,,,,,,,,,,,,,,,,,,,,,,0x9c6d47Ff73e0F5E51BE5FD53236e3F595C5793F2
2022-11-11,,"['0x7f39C581F595B53c5cb19bD0b3f8dA6c935E2Ca0', '0xBe9895146f7AF43049ca1c1AE358B0541Ea49704']",,,,,,,,,,,,,,,,,,,,,,,,,,,,,,,,0x9c6d47Ff73e0F5E51BE5FD53236e3F595C5793F2
2022-11-12,,"['0x7f39C581F595B53c5cb19bD0b3f8dA6c935E2Ca0', '0xBe9895146f7AF43049ca1c1AE358B0541Ea49704']",,,,,,,,,,,,,,,,,,,,,,,,,,,,,,,,0x9c6d47Ff73e0F5E51BE5FD53236e3F595C5793F2
2022-11-13,,"['0x7f39C581F595B53c5cb19bD0b3f8dA6c935E2Ca0', '0xBe9895146f7AF43049ca1c1AE358B0541Ea49704']",,,,,,,,,,,,,,,,,,,,,,,,,,,,,,,,0x9c6d47Ff73e0F5E51BE5FD53236e3F595C5793F2
2022-11-14,,"['0x7f39C581F595B53c5cb19bD0b3f8dA6c935E2Ca0', '0xBe9895146f7AF43049ca1c1AE358B0541Ea49704']",,,,,,,,,,,,,,,,,,,,,,,,,,,,,,,,0x9c6d47Ff73e0F5E51BE5FD53236e3F595C5793F2
2022-11-15,,"['0x7f39C581F595B53c5cb19bD0b3f8dA6c935E2Ca0', '0xBe9895146f7AF43049ca1c1AE358B0541Ea49704']",,,,,,,,,,,,,,,,,,,,,,,,,,,,,,,,0x9c6d47Ff73e0F5E51BE5FD53236e3F595C5793F2
2022-11-16,,"['0x7f39C581F595B53c5cb19bD0b3f8dA6c935E2Ca0', '0xBe9895146f7AF43049ca1c1AE358B0541Ea49704']",,,,,,,,,,,,,,,,,,,,,,,,,,,,,,,,0x9c6d47Ff73e0F5E51BE5FD53236e3F595C5793F2
2022-11-17,,"['0x7f39C581F595B53c5cb19bD0b3f8dA6c935E2Ca0', '0xBe9895146f7AF43049ca1c1AE358B0541Ea49704']",,,,,,,,,,,,,,,,,,,,,,,,,,,,,,,,0x9c6d47Ff73e0F5E51BE5FD53236e3F595C5793F2
2022-11-18,,"['0x7f39C581F595B53c5cb19bD0b3f8dA6c935E2Ca0', '0xBe9895146f7AF43049ca1c1AE358B0541Ea49704']",,,,,,,,,,,,,,,,,,,,,,,,,,,,,,,,0x9c6d47Ff73e0F5E51BE5FD53236e3F595C5793F2
2022-11-19,,"['0x7f39C581F595B53c5cb19bD0b3f8dA6c935E2Ca0', '0xBe9895146f7AF43049ca1c1AE358B0541Ea49704']",,,,,,,,,,,,,,,,,,,,,,,,,,,,,,,,0x9c6d47Ff73e0F5E51BE5FD53236e3F595C5793F2
2022-11-20,,"['0x7f39C581F595B53c5cb19bD0b3f8dA6c935E2Ca0', '0xBe9895146f7AF43049ca1c1AE358B0541Ea49704']",,,,,,,,,,,,,,,,,,,,,,,,,,,,,,,,0x9c6d47Ff73e0F5E51BE5FD53236e3F595C5793F2
2022-11-21,,"['0x7f39C581F595B53c5cb19bD0b3f8dA6c935E2Ca0', '0xBe9895146f7AF43049ca1c1AE358B0541Ea49704']",,,,,,,,,,,,,,,,,,,,,,,,,,,,,,,,0x9c6d47Ff73e0F5E51BE5FD53236e3F595C5793F2
2022-11-22,,"['0x7f39C581F595B53c5cb19bD0b3f8dA6c935E2Ca0', '0xBe9895146f7AF43049ca1c1AE358B0541Ea49704']",,,,,,,,,,,,,,,,,,,,,,,,,,,,,,,,0x9c6d47Ff73e0F5E51BE5FD53236e3F595C5793F2
2022-11-23,,"['0x7f39C581F595B53c5cb19bD0b3f8dA6c935E2Ca0', '0xBe9895146f7AF43049ca1c1AE358B0541Ea49704']",,,,,,,,,,,,,,,,,,,,,,,,,,,,,,,,0x9c6d47Ff73e0F5E51BE5FD53236e3F595C5793F2
2022-11-24,,"['0x7f39C581F595B53c5cb19bD0b3f8dA6c935E2Ca0', '0xBe9895146f7AF43049ca1c1AE358B0541Ea49704']",,,,,,,,,,,,,,,,,,,,,,,,,,,,,,,,0x9c6d47Ff73e0F5E51BE5FD53236e3F595C5793F2
2022-11-25,,"['0x7f39C581F595B53c5cb19bD0b3f8dA6c935E2Ca0', '0xBe9895146f7AF43049ca1c1AE358B0541Ea49704']",,,,,,,,,,,,,,,,,,,,,,,,,,,,,,,,0x9c6d47Ff73e0F5E51BE5FD53236e3F595C5793F2
2022-11-26,,"['0x7f39C581F595B53c5cb19bD0b3f8dA6c935E2Ca0', '0xBe9895146f7AF43049ca1c1AE358B0541Ea49704']",,,,,,,,,,,,,,,,,,,,,,,,,,,,,,,,0x9c6d47Ff73e0F5E51BE5FD53236e3F595C5793F2
2022-11-27,,"['0x7f39C581F595B53c5cb19bD0b3f8dA6c935E2Ca0', '0xBe9895146f7AF43049ca1c1AE358B0541Ea49704']",,,,,,,,,,,,,,,,,,,,,,,,,,,,,,,,0x9c6d47Ff73e0F5E51BE5FD53236e3F595C5793F2
2022-11-28,,"['0x7f39C581F595B53c5cb19bD0b3f8dA6c935E2Ca0', '0xBe9895146f7AF43049ca1c1AE358B0541Ea49704']",,,,,,,,,,,,,,,,,,,,,,,,,,,,,,,,0x9c6d47Ff73e0F5E51BE5FD53236e3F595C5793F2
2022-11-29,,"['0x7f39C581F595B53c5cb19bD0b3f8dA6c935E2Ca0', '0xBe9895146f7AF43049ca1c1AE358B0541Ea49704']",,,,,,,,,,,,,,,,,,,,,,,,,,,,,,,,0x9c6d47Ff73e0F5E51BE5FD53236e3F595C5793F2
2022-11-30,,"['0x7f39C581F595B53c5cb19bD0b3f8dA6c935E2Ca0', '0xBe9895146f7AF43049ca1c1AE358B0541Ea49704']",,,,,,,,,,,,,,,,,,,,,,,,,,,,,,,,0x9c6d47Ff73e0F5E51BE5FD53236e3F595C5793F2
2022-12-01,,"['0x7f39C581F595B53c5cb19bD0b3f8dA6c935E2Ca0', '0xBe9895146f7AF43049ca1c1AE358B0541Ea49704']",,,,,,,,,,,,,,,,,,,,,,,,,,,,,,,,0x9c6d47Ff73e0F5E51BE5FD53236e3F595C5793F2
2022-12-02,,"['0x7f39C581F595B53c5cb19bD0b3f8dA6c935E2Ca0', '0xBe9895146f7AF43049ca1c1AE358B0541Ea49704']",,,,,,,,,,,,,,,,,,,,,,,,,,,,,,,,0x9c6d47Ff73e0F5E51BE5FD53236e3F595C5793F2
2022-12-03,,"['0x7f39C581F595B53c5cb19bD0b3f8dA6c935E2Ca0', '0xBe9895146f7AF43049ca1c1AE358B0541Ea49704']",,,,,,,,,,,,,,,,,,,,,,,,,,,,,,,,0x9c6d47Ff73e0F5E51BE5FD53236e3F595C5793F2
2022-12-04,,"['0x7f39C581F595B53c5cb19bD0b3f8dA6c935E2Ca0', '0xBe9895146f7AF43049ca1c1AE358B0541Ea49704']",,,,,,,,,,,,,,,,,,,,,,,,,,,,,,,,0x9c6d47Ff73e0F5E51BE5FD53236e3F595C5793F2
2022-12-05,,"['0x7f39C581F595B53c5cb19bD0b3f8dA6c935E2Ca0', '0xBe9895146f7AF43049ca1c1AE358B0541Ea49704']",,,,,,,,,,,,,,,,,,,,,,,,,,,,,,,,0x9c6d47Ff73e0F5E51BE5FD53236e3F595C5793F2
2022-12-06,,"['0x7f39C581F595B53c5cb19bD0b3f8dA6c935E2Ca0', '0xBe9895146f7AF43049ca1c1AE358B0541Ea49704']",,,,,,,,,,,,,,,,,,,,,,,,,,,,,,,,0x9c6d47Ff73e0F5E51BE5FD53236e3F595C5793F2
2022-12-07,,"['0x7f39C581F595B53c5cb19bD0b3f8dA6c935E2Ca0', '0xBe9895146f7AF43049ca1c1AE358B0541Ea49704']",,,,,,,,,,,,,,,,,,,,,,,,,,,,,,,,0x9c6d47Ff73e0F5E51BE5FD53236e3F595C5793F2
2022-12-08,,"['0x7f39C581F595B53c5cb19bD0b3f8dA6c935E2Ca0', '0xBe9895146f7AF43049ca1c1AE358B0541Ea49704']",,,,,,,,,,,,,,,,,,,,,,,,,,,,,,,,0x9c6d47Ff73e0F5E51BE5FD53236e3F595C5793F2
2022-12-09,,"['0x7f39C581F595B53c5cb19bD0b3f8dA6c935E2Ca0', '0xBe9895146f7AF43049ca1c1AE358B0541Ea49704']",,,,,,,,,,,,,,,,,,,,,,,,,,,,,,,,0x9c6d47Ff73e0F5E51BE5FD53236e3F595C5793F2
2022-12-10,,"['0x7f39C581F595B53c5cb19bD0b3f8dA6c935E2Ca0', '0xBe9895146f7AF43049ca1c1AE358B0541Ea49704']",,,,,,,,,,,,,,,,,,,,,,,,,,,,,,,,0x9c6d47Ff73e0F5E51BE5FD53236e3F595C5793F2
2022-12-11,,"['0x7f39C581F595B53c5cb19bD0b3f8dA6c935E2Ca0', '0xBe9895146f7AF43049ca1c1AE358B0541Ea49704']",,,,,,,,,,,,,,,,,,,,,,,,,,,,,,,,0x9c6d47Ff73e0F5E51BE5FD53236e3F595C5793F2
2022-12-12,,"['0x7f39C581F595B53c5cb19bD0b3f8dA6c935E2Ca0', '0xBe9895146f7AF43049ca1c1AE358B0541Ea49704']",,,,,,,,,,,,,,,,,,,,,,,,,,,,,,,,0x9c6d47Ff73e0F5E51BE5FD53236e3F595C5793F2
2022-12-13,,"['0x7f39C581F595B53c5cb19bD0b3f8dA6c935E2Ca0', '0xBe9895146f7AF43049ca1c1AE358B0541Ea49704']",,,,,,,,,,,,,,,,,,,,,,,,,,,,,,,,0x9c6d47Ff73e0F5E51BE5FD53236e3F595C5793F2
2022-12-14,,"['0x7f39C581F595B53c5cb19bD0b3f8dA6c935E2Ca0', '0xBe9895146f7AF43049ca1c1AE358B0541Ea49704']",,,,,,,,,,,,,,,,,,,,,,,,,,,,,,,,0x9c6d47Ff73e0F5E51BE5FD53236e3F595C5793F2
2022-12-15,,"['0x7f39C581F595B53c5cb19bD0b3f8dA6c935E2Ca0', '0xBe9895146f7AF43049ca1c1AE358B0541Ea49704']",,,,,,,,,,,,,,,,,,,,,,,,,,,,,,,,0x9c6d47Ff73e0F5E51BE5FD53236e3F595C5793F2
2022-12-16,,"['0x7f39C581F595B53c5cb19bD0b3f8dA6c935E2Ca0', '0xBe9895146f7AF43049ca1c1AE358B0541Ea49704']",,,,,,,,,,,,,,,,,,,,,,,,,,,,,,,,0x9c6d47Ff73e0F5E51BE5FD53236e3F595C5793F2
2022-12-17,,"['0x7f39C581F595B53c5cb19bD0b3f8dA6c935E2Ca0', '0xBe9895146f7AF43049ca1c1AE358B0541Ea49704']",,,,,,,,,,,,,,,,,,,,,,,,,,,,,,,,0x9c6d47Ff73e0F5E51BE5FD53236e3F595C5793F2
2022-12-18,,"['0x7f39C581F595B53c5cb19bD0b3f8dA6c935E2Ca0', '0xBe9895146f7AF43049ca1c1AE358B0541Ea49704']",,,,,,,,,,,,,,,,,,,,,,,,,,,,,,,,0x9c6d47Ff73e0F5E51BE5FD53236e3F595C5793F2
2022-12-19,,"['0x7f39C581F595B53c5cb19bD0b3f8dA6c935E2Ca0', '0xBe9895146f7AF43049ca1c1AE358B0541Ea49704']",,,,,,,,,,,,,,,,,,,,,,,,,,,,,,,,0x9c6d47Ff73e0F5E51BE5FD53236e3F595C5793F2
2022-12-20,,"['0x7f39C581F595B53c5cb19bD0b3f8dA6c935E2Ca0', '0xBe9895146f7AF43049ca1c1AE358B0541Ea49704']",,,,,,,,,,,,,,,,,,,,,,,,,,,,,,,,0x9c6d47Ff73e0F5E51BE5FD53236e3F595C5793F2
2022-12-21,,"['0x7f39C581F595B53c5cb19bD0b3f8dA6c935E2Ca0', '0xBe9895146f7AF43049ca1c1AE358B0541Ea49704']",,,,,,,,,,,,,,,,,,,,,,,,,,,,,,,,0x9c6d47Ff73e0F5E51BE5FD53236e3F595C5793F2
2022-12-22,,"['0x7f39C581F595B53c5cb19bD0b3f8dA6c935E2Ca0', '0xBe9895146f7AF43049ca1c1AE358B0541Ea49704']",,,,,,,,,,,,,,,,,,,,,,,,,,,,,,,,0x9c6d47Ff73e0F5E51BE5FD53236e3F595C5793F2
2022-12-23,,"['0x7f39C581F595B53c5cb19bD0b3f8dA6c935E2Ca0', '0xBe9895146f7AF43049ca1c1AE358B0541Ea49704']",,,,,,,,,,,,,,,,,,,,,,,,,,,,,,,,0x9c6d47Ff73e0F5E51BE5FD53236e3F595C5793F2
2022-12-24,,"['0x7f39C581F595B53c5cb19bD0b3f8dA6c935E2Ca0', '0xBe9895146f7AF43049ca1c1AE358B0541Ea49704']",,,,,,,,,,,,,,,,,,,,,,,,,,,,,,,,0x9c6d47Ff73e0F5E51BE5FD53236e3F595C5793F2
2022-12-25,,"['0x7f39C581F595B53c5cb19bD0b3f8dA6c935E2Ca0', '0xBe9895146f7AF43049ca1c1AE358B0541Ea49704']",,,,,,,,,,,,,,,,,,,,,,,,,,,,,,,,0x9c6d47Ff73e0F5E51BE5FD53236e3F595C5793F2
2022-12-26,,"['0x7f39C581F595B53c5cb19bD0b3f8dA6c935E2Ca0', '0xBe9895146f7AF43049ca1c1AE358B0541Ea49704']",,,,,,,,,,,,,,,,,,,,,,,,,,,,,,,,0x9c6d47Ff73e0F5E51BE5FD53236e3F595C5793F2
2022-12-27,,"['0x7f39C581F595B53c5cb19bD0b3f8dA6c935E2Ca0', '0xBe9895146f7AF43049ca1c1AE358B0541Ea49704']",,,,,,,,,,,,,,,,,,,,,,,,,,,,,,,,0x9c6d47Ff73e0F5E51BE5FD53236e3F595C5793F2
2022-12-28,,"['0x7f39C581F595B53c5cb19bD0b3f8dA6c935E2Ca0', '0xBe9895146f7AF43049ca1c1AE358B0541Ea49704']",,,,,,,,,,,,,,,,,,,,,,,,,,,,,,,,0x9c6d47Ff73e0F5E51BE5FD53236e3F595C5793F2
2022-12-29,,"['0x7f39C581F595B53c5cb19bD0b3f8dA6c935E2Ca0', '0xBe9895146f7AF43049ca1c1AE358B0541Ea49704']",,,,,,,,,,,,,,,,,,,,,,,,,,,,,,,,0x9c6d47Ff73e0F5E51BE5FD53236e3F595C5793F2
2022-12-30,,"['0x7f39C581F595B53c5cb19bD0b3f8dA6c935E2Ca0', '0xBe9895146f7AF43049ca1c1AE358B0541Ea49704']",,,,,,,,,,,,,,,,,,,,,,,,,,,,,,,,0x9c6d47Ff73e0F5E51BE5FD53236e3F595C5793F2
2022-12-31,,"['0x7f39C581F595B53c5cb19bD0b3f8dA6c935E2Ca0', '0xBe9895146f7AF43049ca1c1AE358B0541Ea49704']",,,,,,,,,,,,,,,,,,,,,,,,,,,,,,,,0x9c6d47Ff73e0F5E51BE5FD53236e3F595C5793F2
2023-01-01,,"['0x7f39C581F595B53c5cb19bD0b3f8dA6c935E2Ca0', '0xBe9895146f7AF43049ca1c1AE358B0541Ea49704']",,,,,,,,,,,,,,,,,,,,,,,,,,,,,,,,0x9c6d47Ff73e0F5E51BE5FD53236e3F595C5793F2
2023-01-02,,"['0x7f39C581F595B53c5cb19bD0b3f8dA6c935E2Ca0', '0xBe9895146f7AF43049ca1c1AE358B0541Ea49704']",,,,,,,,,,,,,,,,,,,,,,,,,,,,,,,,0x9c6d47Ff73e0F5E51BE5FD53236e3F595C5793F2
2023-01-03,,"['0x7f39C581F595B53c5cb19bD0b3f8dA6c935E2Ca0', '0xBe9895146f7AF43049ca1c1AE358B0541Ea49704']",,,,,,,,,,,,,,,,,,,,,,,,,,,,,,,,0x9c6d47Ff73e0F5E51BE5FD53236e3F595C5793F2
2023-01-04,,"['0x7f39C581F595B53c5cb19bD0b3f8dA6c935E2Ca0', '0xBe9895146f7AF43049ca1c1AE358B0541Ea49704']",,,,,,,,,,,,,,,,,,,,,,,,,,,,,,,,0x9c6d47Ff73e0F5E51BE5FD53236e3F595C5793F2
2023-01-05,,"['0x7f39C581F595B53c5cb19bD0b3f8dA6c935E2Ca0', '0xBe9895146f7AF43049ca1c1AE358B0541Ea49704']",,,,,,,,,,,,,,,,,,,,,,,,,,,,,,,,0x9c6d47Ff73e0F5E51BE5FD53236e3F595C5793F2
2023-01-06,,"['0x7f39C581F595B53c5cb19bD0b3f8dA6c935E2Ca0', '0xBe9895146f7AF43049ca1c1AE358B0541Ea49704']",,,,,,,,,,,,,,,,,,,,,,,,,,,,,,,,0x9c6d47Ff73e0F5E51BE5FD53236e3F595C5793F2
2023-01-07,,"['0x7f39C581F595B53c5cb19bD0b3f8dA6c935E2Ca0', '0xBe9895146f7AF43049ca1c1AE358B0541Ea49704']",,,,,,,,,,,,,,,,,,,,,,,,,,,,,,,,0x9c6d47Ff73e0F5E51BE5FD53236e3F595C5793F2
2023-01-08,,"['0x7f39C581F595B53c5cb19bD0b3f8dA6c935E2Ca0', '0xBe9895146f7AF43049ca1c1AE358B0541Ea49704']",,,,,,,,,,,,,,,,,,,,,,,,,,,,,,,,0x9c6d47Ff73e0F5E51BE5FD53236e3F595C5793F2
2023-01-09,,"['0x7f39C581F595B53c5cb19bD0b3f8dA6c935E2Ca0', '0xBe9895146f7AF43049ca1c1AE358B0541Ea49704']",,,,,,,,,,,,,,,,,,,,,,,,,,,,,,,,0x9c6d47Ff73e0F5E51BE5FD53236e3F595C5793F2
2023-01-10,,"['0x7f39C581F595B53c5cb19bD0b3f8dA6c935E2Ca0', '0xBe9895146f7AF43049ca1c1AE358B0541Ea49704']",,,,,,,,,,,,,,,,,,,,,,,,,,,,,,,,0x9c6d47Ff73e0F5E51BE5FD53236e3F595C5793F2
2023-01-11,,"['0x7f39C581F595B53c5cb19bD0b3f8dA6c935E2Ca0', '0xBe9895146f7AF43049ca1c1AE358B0541Ea49704']",,,,,,,,,,,,,,,,,,,,,,,,,,,,,,,,0x9c6d47Ff73e0F5E51BE5FD53236e3F595C5793F2
2023-01-12,,"['0x7f39C581F595B53c5cb19bD0b3f8dA6c935E2Ca0', '0xBe9895146f7AF43049ca1c1AE358B0541Ea49704']",,,,,,,,,,,,,,,,,,,,,,,,,,,,,,,,0x9c6d47Ff73e0F5E51BE5FD53236e3F595C5793F2
2023-01-13,,"['0x7f39C581F595B53c5cb19bD0b3f8dA6c935E2Ca0', '0xBe9895146f7AF43049ca1c1AE358B0541Ea49704']",,,,,,,,,,,,,,,,,,,,,,,,,,,,,,,,0x9c6d47Ff73e0F5E51BE5FD53236e3F595C5793F2
2023-01-14,,"['0x7f39C581F595B53c5cb19bD0b3f8dA6c935E2Ca0', '0xBe9895146f7AF43049ca1c1AE358B0541Ea49704']",,,,,,,,,,,,,,,,,,,,,,,,,,,,,,,,0x9c6d47Ff73e0F5E51BE5FD53236e3F595C5793F2
2023-01-15,,"['0x7f39C581F595B53c5cb19bD0b3f8dA6c935E2Ca0', '0xBe9895146f7AF43049ca1c1AE358B0541Ea49704']",,,,,,,,,,,,,,,,,,,,,,,,,,,,,,,,0x9c6d47Ff73e0F5E51BE5FD53236e3F595C5793F2
2023-01-16,,"['0x7f39C581F595B53c5cb19bD0b3f8dA6c935E2Ca0', '0xBe9895146f7AF43049ca1c1AE358B0541Ea49704']",,,,,,,,,,,,,,,,,,,,,,,,,,,,,,,,0x9c6d47Ff73e0F5E51BE5FD53236e3F595C5793F2
2023-01-17,,"['0x7f39C581F595B53c5cb19bD0b3f8dA6c935E2Ca0', '0xBe9895146f7AF43049ca1c1AE358B0541Ea49704']",,,,,,,,,,,,,,,,,,,,,,,,,,,,,,,,0x9c6d47Ff73e0F5E51BE5FD53236e3F595C5793F2
2023-01-18,,"['0x7f39C581F595B53c5cb19bD0b3f8dA6c935E2Ca0', '0xBe9895146f7AF43049ca1c1AE358B0541Ea49704']",,,,,,,,,,,,,,,,,,,,,,,,,,,,,,,,0x9c6d47Ff73e0F5E51BE5FD53236e3F595C5793F2
2023-01-19,,"['0x7f39C581F595B53c5cb19bD0b3f8dA6c935E2Ca0', '0xBe9895146f7AF43049ca1c1AE358B0541Ea49704']",,,,,,,,,,,,,,,,,,,,,,,,,,,,,,,,0x9c6d47Ff73e0F5E51BE5FD53236e3F595C5793F2
2023-01-20,,"['0x7f39C581F595B53c5cb19bD0b3f8dA6c935E2Ca0', '0xBe9895146f7AF43049ca1c1AE358B0541Ea49704']",,,,,,,,,,,,,,,,,,,,,,,,,,,,,,,,0x9c6d47Ff73e0F5E51BE5FD53236e3F595C5793F2
2023-01-21,,"['0x7f39C581F595B53c5cb19bD0b3f8dA6c935E2Ca0', '0xBe9895146f7AF43049ca1c1AE358B0541Ea49704']",,,,,,,,,,,,,,,,,,,,,,,,,,,,,,,,0x9c6d47Ff73e0F5E51BE5FD53236e3F595C5793F2
2023-01-22,,"['0x7f39C581F595B53c5cb19bD0b3f8dA6c935E2Ca0', '0xBe9895146f7AF43049ca1c1AE358B0541Ea49704']",,,,,,,,,,,,,,,,,,,,,,,,,,,,,,,,0x9c6d47Ff73e0F5E51BE5FD53236e3F595C5793F2
2023-01-23,,"['0x7f39C581F595B53c5cb19bD0b3f8dA6c935E2Ca0', '0xBe9895146f7AF43049ca1c1AE358B0541Ea49704']",,,,,,,,,,,,,,,,,,,,,,,,,,,,,,,,0x9c6d47Ff73e0F5E51BE5FD53236e3F595C5793F2
2023-01-24,,"['0x7f39C581F595B53c5cb19bD0b3f8dA6c935E2Ca0', '0xBe9895146f7AF43049ca1c1AE358B0541Ea49704']",,,,,,,,,,,,,,,,,,,,,,,,,,,,,,,,0x9c6d47Ff73e0F5E51BE5FD53236e3F595C5793F2
2023-01-25,,"['0x7f39C581F595B53c5cb19bD0b3f8dA6c935E2Ca0', '0xBe9895146f7AF43049ca1c1AE358B0541Ea49704']",,,,,,,,,,,,,,,,,,,,,,,,,,,,,,,,0x9c6d47Ff73e0F5E51BE5FD53236e3F595C5793F2
2023-01-26,,"['0x7f39C581F595B53c5cb19bD0b3f8dA6c935E2Ca0', '0xBe9895146f7AF43049ca1c1AE358B0541Ea49704']",,,,,,,,,,,,,,,,,,,,,,,,,,,,,,,,0x9c6d47Ff73e0F5E51BE5FD53236e3F595C5793F2
2023-01-27,,"['0x7f39C581F595B53c5cb19bD0b3f8dA6c935E2Ca0', '0xBe9895146f7AF43049ca1c1AE358B0541Ea49704']",,,,,,,,,,,,,,,,,,,,,,,,,,,,,,,,0x9c6d47Ff73e0F5E51BE5FD53236e3F595C5793F2
2023-01-28,,"['0x7f39C581F595B53c5cb19bD0b3f8dA6c935E2Ca0', '0xBe9895146f7AF43049ca1c1AE358B0541Ea49704']",,,,,,,,,,,,,,,,,,,,,,,,,,,,,,,,0x9c6d47Ff73e0F5E51BE5FD53236e3F595C5793F2
2023-01-29,,"['0x7f39C581F595B53c5cb19bD0b3f8dA6c935E2Ca0', '0xBe9895146f7AF43049ca1c1AE358B0541Ea49704']",,,,,,,,,,,,,,,,,,,,,,,,,,,,,,,,0x9c6d47Ff73e0F5E51BE5FD53236e3F595C5793F2
2023-01-30,,"['0x7f39C581F595B53c5cb19bD0b3f8dA6c935E2Ca0', '0xBe9895146f7AF43049ca1c1AE358B0541Ea49704']",,,,,,,,,,,,,,,,,,,,,,,,,,,,,,,,0x9c6d47Ff73e0F5E51BE5FD53236e3F595C5793F2
2023-01-31,,"['0x7f39C581F595B53c5cb19bD0b3f8dA6c935E2Ca0', '0xBe9895146f7AF43049ca1c1AE358B0541Ea49704']",,,,,,,,,,,,,,,,,,,,,,,,,,,,,,,,0x9c6d47Ff73e0F5E51BE5FD53236e3F595C5793F2
2023-02-01,,"['0x7f39C581F595B53c5cb19bD0b3f8dA6c935E2Ca0', '0xBe9895146f7AF43049ca1c1AE358B0541Ea49704']",,,,,,,,,,,,,,,,,,,,,,,,,,,,,,,,0x9c6d47Ff73e0F5E51BE5FD53236e3F595C5793F2
2023-02-02,,"['0x7f39C581F595B53c5cb19bD0b3f8dA6c935E2Ca0', '0xBe9895146f7AF43049ca1c1AE358B0541Ea49704']",,,,,,,,,,,,,,,,,,,,,,,,,,,,,,,,0x9c6d47Ff73e0F5E51BE5FD53236e3F595C5793F2
2023-02-03,,"['0x7f39C581F595B53c5cb19bD0b3f8dA6c935E2Ca0', '0xBe9895146f7AF43049ca1c1AE358B0541Ea49704']",,,,,,,,,,,,,,,,,,,,,,,,,,,,,,,,0x9c6d47Ff73e0F5E51BE5FD53236e3F595C5793F2
2023-02-04,,"['0x7f39C581F595B53c5cb19bD0b3f8dA6c935E2Ca0', '0xBe9895146f7AF43049ca1c1AE358B0541Ea49704']",,,,,,,,,,,,,,,,,,,,,,,,,,,,,,,,0x9c6d47Ff73e0F5E51BE5FD53236e3F595C5793F2
2023-02-05,,"['0x7f39C581F595B53c5cb19bD0b3f8dA6c935E2Ca0', '0xBe9895146f7AF43049ca1c1AE358B0541Ea49704']",,,,,,,,,,,,,,,,,,,,,,,,,,,,,,,,0x9c6d47Ff73e0F5E51BE5FD53236e3F595C5793F2
2023-02-06,,"['0x7f39C581F595B53c5cb19bD0b3f8dA6c935E2Ca0', '0xBe9895146f7AF43049ca1c1AE358B0541Ea49704']",,,,,,,,,,,,,,,,,,,,,,,,,,,,,,,,0x9c6d47Ff73e0F5E51BE5FD53236e3F595C5793F2
2023-02-07,,"['0x7f39C581F595B53c5cb19bD0b3f8dA6c935E2Ca0', '0xBe9895146f7AF43049ca1c1AE358B0541Ea49704']",,,,,,,,,,,,,,,,,,,,,,,,,,,,,,,,0x9c6d47Ff73e0F5E51BE5FD53236e3F595C5793F2
2023-02-08,,"['0x7f39C581F595B53c5cb19bD0b3f8dA6c935E2Ca0', '0xBe9895146f7AF43049ca1c1AE358B0541Ea49704']",,,,,,,,,,,,,,,,,,,,,,,,,,,,,,,,0x9c6d47Ff73e0F5E51BE5FD53236e3F595C5793F2
2023-02-09,,"['0x7f39C581F595B53c5cb19bD0b3f8dA6c935E2Ca0', '0xBe9895146f7AF43049ca1c1AE358B0541Ea49704']",,,,,,,,,,,,,,,,,,,,,,,,,,,,,,,,0x9c6d47Ff73e0F5E51BE5FD53236e3F595C5793F2
2023-02-10,,"['0x7f39C581F595B53c5cb19bD0b3f8dA6c935E2Ca0', '0xBe9895146f7AF43049ca1c1AE358B0541Ea49704']",,,,,,,,,,,,,,,,,,,,,,,,,,,,,,,,0x9c6d47Ff73e0F5E51BE5FD53236e3F595C5793F2
2023-02-11,,"['0x7f39C581F595B53c5cb19bD0b3f8dA6c935E2Ca0', '0xBe9895146f7AF43049ca1c1AE358B0541Ea49704']",,,,,,,,,,,,,,,,,,,,,,,,,,,,,,,,0x9c6d47Ff73e0F5E51BE5FD53236e3F595C5793F2
2023-02-12,,"['0x7f39C581F595B53c5cb19bD0b3f8dA6c935E2Ca0', '0xBe9895146f7AF43049ca1c1AE358B0541Ea49704']",,,,,,,,,,,,,,,,,,,,,,,,,,,,,,,,0x9c6d47Ff73e0F5E51BE5FD53236e3F595C5793F2
2023-02-13,,"['0x7f39C581F595B53c5cb19bD0b3f8dA6c935E2Ca0', '0xBe9895146f7AF43049ca1c1AE358B0541Ea49704']",,,,,,,,,,,,,,,,,,,,,,,,,,,,,,,,0x9c6d47Ff73e0F5E51BE5FD53236e3F595C5793F2
2023-02-14,,"['0x7f39C581F595B53c5cb19bD0b3f8dA6c935E2Ca0', '0xBe9895146f7AF43049ca1c1AE358B0541Ea49704']",,,,,,,,,,,,,,,,,,,,,,,,,,,,,,,,0x9c6d47Ff73e0F5E51BE5FD53236e3F595C5793F2
2023-02-15,,"['0x7f39C581F595B53c5cb19bD0b3f8dA6c935E2Ca0', '0xBe9895146f7AF43049ca1c1AE358B0541Ea49704']",,,,,,,,,,,,,,,,,,,,,,,,,,,,,,,,0x9c6d47Ff73e0F5E51BE5FD53236e3F595C5793F2
2023-02-16,,"['0x7f39C581F595B53c5cb19bD0b3f8dA6c935E2Ca0', '0xBe9895146f7AF43049ca1c1AE358B0541Ea49704']",,,,,,,,,,,,,,,,,,,,,,,,,,,,,,,,0x9c6d47Ff73e0F5E51BE5FD53236e3F595C5793F2
2023-02-17,,"['0x7f39C581F595B53c5cb19bD0b3f8dA6c935E2Ca0', '0xBe9895146f7AF43049ca1c1AE358B0541Ea49704']",,,,,,,,,,,,,,,,,,,,,,,,,,,,,,,,0x9c6d47Ff73e0F5E51BE5FD53236e3F595C5793F2
2023-02-18,,"['0x7f39C581F595B53c5cb19bD0b3f8dA6c935E2Ca0', '0xBe9895146f7AF43049ca1c1AE358B0541Ea49704']",,,,,,,,,,,,,,,,,,,,,,,,,,,,,,,,0x9c6d47Ff73e0F5E51BE5FD53236e3F595C5793F2
2023-02-19,,"['0x7f39C581F595B53c5cb19bD0b3f8dA6c935E2Ca0', '0xBe9895146f7AF43049ca1c1AE358B0541Ea49704']",,,,,,,,,,,,,,,,,,,,,,,,,,,,,,,,0x9c6d47Ff73e0F5E51BE5FD53236e3F595C5793F2
2023-02-20,,"['0x7f39C581F595B53c5cb19bD0b3f8dA6c935E2Ca0', '0xBe9895146f7AF43049ca1c1AE358B0541Ea49704']",,,,,,,,,,,,,,,,,,,,,,,,,,,,,,,,0x9c6d47Ff73e0F5E51BE5FD53236e3F595C5793F2
2023-02-21,,"['0x7f39C581F595B53c5cb19bD0b3f8dA6c935E2Ca0', '0xBe9895146f7AF43049ca1c1AE358B0541Ea49704']",,,,,,,,,,,,,,,,,,,,,,,,,,,,,,,,0x9c6d47Ff73e0F5E51BE5FD53236e3F595C5793F2
2023-02-22,,"['0x7f39C581F595B53c5cb19bD0b3f8dA6c935E2Ca0', '0xBe9895146f7AF43049ca1c1AE358B0541Ea49704']",,,,,,,,,,,,,,,,,,,,,,,,,,,,,,,,0x9c6d47Ff73e0F5E51BE5FD53236e3F595C5793F2
2023-02-23,,"['0x7f39C581F595B53c5cb19bD0b3f8dA6c935E2Ca0', '0xBe9895146f7AF43049ca1c1AE358B0541Ea49704']",,,,,,,,,,,,,,,,,,,,,,,,,,,,,,,,0x9c6d47Ff73e0F5E51BE5FD53236e3F595C5793F2
2023-02-24,,"['0x7f39C581F595B53c5cb19bD0b3f8dA6c935E2Ca0', '0xBe9895146f7AF43049ca1c1AE358B0541Ea49704']",,,,,,,,,,,,,,,,,,,,,,,,,,,,,,,,0x9c6d47Ff73e0F5E51BE5FD53236e3F595C5793F2
2023-02-25,,"['0x7f39C581F595B53c5cb19bD0b3f8dA6c935E2Ca0', '0xBe9895146f7AF43049ca1c1AE358B0541Ea49704']",,,,,,,,,,,,,,,,,,,,,,,,,,,,,,,,0x9c6d47Ff73e0F5E51BE5FD53236e3F595C5793F2
2023-02-26,,"['0x7f39C581F595B53c5cb19bD0b3f8dA6c935E2Ca0', '0xBe9895146f7AF43049ca1c1AE358B0541Ea49704']",,,,,,,,,,,,,,,,,,,,,,,,,,,,,,,,0x9c6d47Ff73e0F5E51BE5FD53236e3F595C5793F2
2023-02-27,,"['0x7f39C581F595B53c5cb19bD0b3f8dA6c935E2Ca0', '0xBe9895146f7AF43049ca1c1AE358B0541Ea49704']",,,,,,,,,,,,,,,,,,,,,,,,,,,,,,,,0x9c6d47Ff73e0F5E51BE5FD53236e3F595C5793F2
2023-02-28,,"['0x7f39C581F595B53c5cb19bD0b3f8dA6c935E2Ca0', '0xBe9895146f7AF43049ca1c1AE358B0541Ea49704']",,,,,,,,,,,,,,,,,,,,,,,,,,,,,,,,0x9c6d47Ff73e0F5E51BE5FD53236e3F595C5793F2
2023-03-01,,"['0x7f39C581F595B53c5cb19bD0b3f8dA6c935E2Ca0', '0xBe9895146f7AF43049ca1c1AE358B0541Ea49704']",,,,,,,,,,,,,,,,,,,,,,,,,,,,,,,,0x9c6d47Ff73e0F5E51BE5FD53236e3F595C5793F2
2023-03-02,,"['0x7f39C581F595B53c5cb19bD0b3f8dA6c935E2Ca0', '0xBe9895146f7AF43049ca1c1AE358B0541Ea49704']",,,,,,,,,,,,,,,,,,,,,,,,,,,,,,,,0x9c6d47Ff73e0F5E51BE5FD53236e3F595C5793F2
2023-03-03,,"['0x7f39C581F595B53c5cb19bD0b3f8dA6c935E2Ca0', '0xBe9895146f7AF43049ca1c1AE358B0541Ea49704']",,,,,,,,,,,,,,,,,,,,,,,,,,,,,,,,0x9c6d47Ff73e0F5E51BE5FD53236e3F595C5793F2
2023-03-04,,"['0x7f39C581F595B53c5cb19bD0b3f8dA6c935E2Ca0', '0xBe9895146f7AF43049ca1c1AE358B0541Ea49704']",,,,,,,,,,,,,,,,,,,,,,,,,,,,,,,,0x9c6d47Ff73e0F5E51BE5FD53236e3F595C5793F2
2023-03-05,,"['0x7f39C581F595B53c5cb19bD0b3f8dA6c935E2Ca0', '0xBe9895146f7AF43049ca1c1AE358B0541Ea49704']",,,,,,,,,,,,,,,,,,,,,,,,,,,,,,,,0x9c6d47Ff73e0F5E51BE5FD53236e3F595C5793F2
2023-03-06,,"['0x7f39C581F595B53c5cb19bD0b3f8dA6c935E2Ca0', '0xBe9895146f7AF43049ca1c1AE358B0541Ea49704']",,,,,,,,,,,,,,,,,,,,,,,,,,,,,,,,0x9c6d47Ff73e0F5E51BE5FD53236e3F595C5793F2
2023-03-07,,"['0x7f39C581F595B53c5cb19bD0b3f8dA6c935E2Ca0', '0xBe9895146f7AF43049ca1c1AE358B0541Ea49704']",,,,,,,,,,,,,,,,,,,,,,,,,,,,,,,,0x9c6d47Ff73e0F5E51BE5FD53236e3F595C5793F2
2023-03-08,,"['0x7f39C581F595B53c5cb19bD0b3f8dA6c935E2Ca0', '0xBe9895146f7AF43049ca1c1AE358B0541Ea49704']",,,,,,,,,,,,,,,,,,,,,,,,,,,,,,,,0x9c6d47Ff73e0F5E51BE5FD53236e3F595C5793F2
2023-03-09,,"['0x7f39C581F595B53c5cb19bD0b3f8dA6c935E2Ca0', '0xBe9895146f7AF43049ca1c1AE358B0541Ea49704']",,,,,,,,,,,,,,,,,,,,,,,,,,,,,,,,0x9c6d47Ff73e0F5E51BE5FD53236e3F595C5793F2
2023-03-10,,"['0x7f39C581F595B53c5cb19bD0b3f8dA6c935E2Ca0', '0xBe9895146f7AF43049ca1c1AE358B0541Ea49704']",,,,,,,,,,,,,,,,,,,,,,,,,,,,,,,,0x9c6d47Ff73e0F5E51BE5FD53236e3F595C5793F2
2023-03-11,,"['0x7f39C581F595B53c5cb19bD0b3f8dA6c935E2Ca0', '0xBe9895146f7AF43049ca1c1AE358B0541Ea49704']",,,,,,,,,,,,,,,,,,,,,,,,,,,,,,,,0x9c6d47Ff73e0F5E51BE5FD53236e3F595C5793F2
2023-03-12,,"['0x7f39C581F595B53c5cb19bD0b3f8dA6c935E2Ca0', '0xBe9895146f7AF43049ca1c1AE358B0541Ea49704']",,,,,,,,,,,,,,,,,,,,,,,,,,,,,,,,0x9c6d47Ff73e0F5E51BE5FD53236e3F595C5793F2
2023-03-13,,"['0x7f39C581F595B53c5cb19bD0b3f8dA6c935E2Ca0', '0xBe9895146f7AF43049ca1c1AE358B0541Ea49704']",,,,,,,,,,,,,,,,,,,,,,,,,,,,,,,,0x9c6d47Ff73e0F5E51BE5FD53236e3F595C5793F2
2023-03-14,,"['0x7f39C581F595B53c5cb19bD0b3f8dA6c935E2Ca0', '0xBe9895146f7AF43049ca1c1AE358B0541Ea49704']",,,,,,,,,,,,,,,,,,,,,,,,,,,,,,,,0x9c6d47Ff73e0F5E51BE5FD53236e3F595C5793F2
2023-03-15,,"['0x7f39C581F595B53c5cb19bD0b3f8dA6c935E2Ca0', '0xBe9895146f7AF43049ca1c1AE358B0541Ea49704']",,,,,,,,,,,,,,,,,,,,,,,,,,,,,,,,0x9c6d47Ff73e0F5E51BE5FD53236e3F595C5793F2
2023-03-16,,"['0x7f39C581F595B53c5cb19bD0b3f8dA6c935E2Ca0', '0xBe9895146f7AF43049ca1c1AE358B0541Ea49704']",,,,,,,,,,,,,,,,,,,,,,,,,,,,,,,,0x9c6d47Ff73e0F5E51BE5FD53236e3F595C5793F2
2023-03-17,,"['0x7f39C581F595B53c5cb19bD0b3f8dA6c935E2Ca0', '0xBe9895146f7AF43049ca1c1AE358B0541Ea49704']",,,,,,,,,,,,,,,,,,,,,,,,,,,,,,,,0x9c6d47Ff73e0F5E51BE5FD53236e3F595C5793F2
2023-03-18,,"['0x7f39C581F595B53c5cb19bD0b3f8dA6c935E2Ca0', '0xBe9895146f7AF43049ca1c1AE358B0541Ea49704']",,,,,,,,,,,,,,,,,,,,,,,,,,,,,,,,0x9c6d47Ff73e0F5E51BE5FD53236e3F595C5793F2
2023-03-19,,"['0x7f39C581F595B53c5cb19bD0b3f8dA6c935E2Ca0', '0xBe9895146f7AF43049ca1c1AE358B0541Ea49704']",,,,,,,,,,,,,,,,,,,,,,,,,,,,,,,,0x9c6d47Ff73e0F5E51BE5FD53236e3F595C5793F2
2023-03-20,,"['0x7f39C581F595B53c5cb19bD0b3f8dA6c935E2Ca0', '0xBe9895146f7AF43049ca1c1AE358B0541Ea49704']",,,,,,,,,,,,,,,,,,,,,,,,,,,,,,,,0x9c6d47Ff73e0F5E51BE5FD53236e3F595C5793F2
2023-03-21,,"['0x7f39C581F595B53c5cb19bD0b3f8dA6c935E2Ca0', '0xBe9895146f7AF43049ca1c1AE358B0541Ea49704']",,,,,,,,,,,,,,,,,,,,,,,,,,,,,,,,0x9c6d47Ff73e0F5E51BE5FD53236e3F595C5793F2
2023-03-22,,"['0x7f39C581F595B53c5cb19bD0b3f8dA6c935E2Ca0', '0xBe9895146f7AF43049ca1c1AE358B0541Ea49704']",,,,,,,,,,,,,,,,,,,,,,,,,,,,,,,,0x9c6d47Ff73e0F5E51BE5FD53236e3F595C5793F2
2023-03-23,,"['0x7f39C581F595B53c5cb19bD0b3f8dA6c935E2Ca0', '0xBe9895146f7AF43049ca1c1AE358B0541Ea49704']",,,,,,,,,,,,,,,,,,,,,,,,,,,,,,,,0x9c6d47Ff73e0F5E51BE5FD53236e3F595C5793F2
2023-03-24,,"['0x7f39C581F595B53c5cb19bD0b3f8dA6c935E2Ca0', '0xBe9895146f7AF43049ca1c1AE358B0541Ea49704']",,,,,,,,,,,,,,,,,,,,,,,,,,,,,,,,0x9c6d47Ff73e0F5E51BE5FD53236e3F595C5793F2
2023-03-25,,"['0x7f39C581F595B53c5cb19bD0b3f8dA6c935E2Ca0', '0xBe9895146f7AF43049ca1c1AE358B0541Ea49704']",,,,,,,,,,,,,,,,,,,,,,,,,,,,,,,,0x9c6d47Ff73e0F5E51BE5FD53236e3F595C5793F2
2023-03-26,,"['0x7f39C581F595B53c5cb19bD0b3f8dA6c935E2Ca0', '0xBe9895146f7AF43049ca1c1AE358B0541Ea49704']",,,,,,,,,,,,,,,,,,,,,,,,,,,,,,,,0x9c6d47Ff73e0F5E51BE5FD53236e3F595C5793F2
2023-03-27,,"['0x7f39C581F595B53c5cb19bD0b3f8dA6c935E2Ca0', '0xBe9895146f7AF43049ca1c1AE358B0541Ea49704']",,,,,,,,,,,,,,,,,,,,,,,,,,,,,,,,0x9c6d47Ff73e0F5E51BE5FD53236e3F595C5793F2
2023-03-28,,"['0x7f39C581F595B53c5cb19bD0b3f8dA6c935E2Ca0', '0xBe9895146f7AF43049ca1c1AE358B0541Ea49704']",,,,,,,,,,,,,,,,,,,,,,,,,,,,,,,,0x9c6d47Ff73e0F5E51BE5FD53236e3F595C5793F2
2023-03-29,,"['0x7f39C581F595B53c5cb19bD0b3f8dA6c935E2Ca0', '0xBe9895146f7AF43049ca1c1AE358B0541Ea49704']",,,,,,,,,,,,,,,,,,,,,,,,,,,,,,,,0x9c6d47Ff73e0F5E51BE5FD53236e3F595C5793F2
2023-03-30,,"['0x7f39C581F595B53c5cb19bD0b3f8dA6c935E2Ca0', '0xBe9895146f7AF43049ca1c1AE358B0541Ea49704']",,,,,,,,,,,,,,,,,,,,,,,,,,,,,,,,0x9c6d47Ff73e0F5E51BE5FD53236e3F595C5793F2
2023-03-31,,"['0x7f39C581F595B53c5cb19bD0b3f8dA6c935E2Ca0', '0xBe9895146f7AF43049ca1c1AE358B0541Ea49704']",,,,,,,,,,,,,,,,,,,,,,,,,,,,,,,,0x9c6d47Ff73e0F5E51BE5FD53236e3F595C5793F2
2023-04-01,,"['0x7f39C581F595B53c5cb19bD0b3f8dA6c935E2Ca0', '0xBe9895146f7AF43049ca1c1AE358B0541Ea49704']",,,,,,,,,,,,,,,,,,,,,,,,,,,,,,,,0x9c6d47Ff73e0F5E51BE5FD53236e3F595C5793F2
2023-04-02,,"['0x7f39C581F595B53c5cb19bD0b3f8dA6c935E2Ca0', '0xBe9895146f7AF43049ca1c1AE358B0541Ea49704']",,,,,,,,,,,,,,,,,,,,,,,,,,,,,,,,0x9c6d47Ff73e0F5E51BE5FD53236e3F595C5793F2
2023-04-03,,"['0x7f39C581F595B53c5cb19bD0b3f8dA6c935E2Ca0', '0xBe9895146f7AF43049ca1c1AE358B0541Ea49704']",,,,,,,,,,,,,,,,,,,,,,,,,,,,,,,,0x9c6d47Ff73e0F5E51BE5FD53236e3F595C5793F2
2023-04-04,,"['0x7f39C581F595B53c5cb19bD0b3f8dA6c935E2Ca0', '0xBe9895146f7AF43049ca1c1AE358B0541Ea49704']",,,,,,,,,,,,,,,,,,,,,,,,,,,,,,,,0x9c6d47Ff73e0F5E51BE5FD53236e3F595C5793F2
2023-04-05,16978915.0,"['0x7f39C581F595B53c5cb19bD0b3f8dA6c935E2Ca0', '0xBe9895146f7AF43049ca1c1AE358B0541Ea49704']",['6025256875297785754018' '10854478595410423369545'],16977866.0,1006697189601604709,17802.1246463915,['17920994700981858051576' '50000'],0.5,17920994700981858051576,50000,17921348850459785037364,3.541494779269858e+17,1.7921171775720822e+22,1.006687242769837,6025.256875297786,10854.478595410423,6721.159472760441,11048.577232619125,17769.736705379568,0.37823630052580876,0.6217636994741912,0.9981806699113019,6732.791730930282,11200.167368162973,17932.959099093256,0.3754423178978149,0.6245576821021851,1.0073493729147815,-0.910181040461644,1.9390449895381878,2.2353658863196304,6.05440051484669,0.2685466300481069,0x9c6d47Ff73e0F5E51BE5FD53236e3F595C5793F2
2023-04-06,16985957.0,"['0x7f39C581F595B53c5cb19bD0b3f8dA6c935E2Ca0', '0xBe9895146f7AF43049ca1c1AE358B0541Ea49704']",['5942631155493875984888' '10947130892029021640282'],16985886.0,1006742782273177759,17805.40793280942,['17925465921785465894764' '50000'],0.5,17925465921785465894764,50000,17925465921785465880117,0.0,1.7925465921785466e+22,1.0067427822731778,5942.631155493876,10947.130892029021,6627.992012675906,11163.824013217818,17791.816025893724,0.3725303815546264,0.6274696184453736,0.9992366416446629,6641.257146676063,11296.883913205662,17938.141059881724,0.37023106934581396,0.6297689306541862,1.0074546524052235,-0.8157201657603863,1.9379576431489243,0.07576795683161919,5.927538308809011,0.24913404140068757,0x9c6d47Ff73e0F5E51BE5FD53236e3F595C5793F2
2023-04-07,16992952.0,"['0x7f39C581F595B53c5cb19bD0b3f8dA6c935E2Ca0', '0xBe9895146f7AF43049ca1c1AE358B0541Ea49704']",['6175657463085976348413' '10595232809490880747815'],16992752.0,1006796568116117194,17707.428961239315,['17827753407870133555519' '50000'],0.5,17827753407870133555519,50000,17827778708335686015864,2.5300465552460344e+16,1.782776605810291e+22,1.0067958537135462,6175.657463085976,10595.23280949088,6887.146425703268,10803.439012681432,17690.5854383847,0.38931139106112717,0.6106886089388729,0.9990487877776336,6902.461497837887,10934.720307639445,17837.181805477332,0.386970406710679,0.613029593289321,1.0073275936626396,-0.8218583445038221,1.9420690456225125,0.0,6.1444822091218585,0.2566214676963204,0x9c6d47Ff73e0F5E51BE5FD53236e3F595C5793F2
2023-04-08,17000010.0,"['0x7f39C581F595B53c5cb19bD0b3f8dA6c935E2Ca0', '0xBe9895146f7AF43049ca1c1AE358B0541Ea49704']",['6186260481751063039744' '10583996590482250580084'],16997311.0,1006862685064250253,17707.428961239315,['17827753407870133555519' '50000'],0.5,17827753407870133555519,50000,17828949469497886102570,1.196061627752547e+18,1.782835143868401e+22,1.0068289121876126,6186.260481751063,10583.996590482251,6901.479631213448,10784.419563114838,17685.899194328285,0.3902249784069047,0.6097750215930954,0.9987841393034439,6915.1093557422255,10924.118309837371,17839.227665579598,0.3876350190364339,0.6123649809635661,1.0074431304865763,-0.8595017347480717,1.860711183493958,0.0,6.036223355087023,0.25767911208024463,0x9c6d47Ff73e0F5E51BE5FD53236e3F595C5793F2
2023-04-09,17007072.0,"['0x7f39C581F595B53c5cb19bD0b3f8dA6c935E2Ca0', '0xBe9895146f7AF43049ca1c1AE358B0541Ea49704']",['6131374175539533938372' '10250735924000321793472'],17006462.0,1006959433624676723,17306.969533602638,['17425673463697693949826' '50000'],0.5,17425673463697693949826,50000,17427416239316047418840,1.742775618353469e+18,1.742654485150687e+22,1.0069090846708935,6131.374175539534,10250.735924000322,6836.135040253531,10463.658523696657,17299.79356395019,0.39515702976357286,0.6048429702364271,0.9995853711050616,6854.492161257517,10581.09539506733,17435.58755632485,0.3931322726644228,0.6068677273355771,1.0074315738796726,-0.7788323274795593,1.800465062273713,1.105982700924521,6.115841660386433,0.2556197930444031,0x9c6d47Ff73e0F5E51BE5FD53236e3F595C5793F2
2023-04-10,17014117.0,"['0x7f39C581F595B53c5cb19bD0b3f8dA6c935E2Ca0', '0xBe9895146f7AF43049ca1c1AE358B0541Ea49704']",['6536035189125319093889' '9823748231056151648714'],17012819.0,1007017954792879343,17323.65363595985,['17444236597345119267717' '50000'],0.5,17444236597345119267717,50000,17445230254024518219891,9.936566793989522e+17,1.744473342568482e+22,1.0069892756037118,6536.035189125319,9823.748231056152,7286.344187133489,10034.39131390924,17320.735501042727,0.42067175419281955,0.5793282458071806,0.9998315519936819,7308.61326899662,10141.243384845331,17449.85665384195,0.4188351465562026,0.5811648534437974,1.0072850116109533,-0.7399553782053265,2.123503658214303,0.7833814741457048,6.179122647560323,0.25963777344062705,0x9c6d47Ff73e0F5E51BE5FD53236e3F595C5793F2
2023-04-11,,"['0x7f39C581F595B53c5cb19bD0b3f8dA6c935E2Ca0', '0xBe9895146f7AF43049ca1c1AE358B0541Ea49704']",,,,,,,,,,,,,,,,,,,,,,,,,,,,,,,,0x9c6d47Ff73e0F5E51BE5FD53236e3F595C5793F2
2023-04-12,,"['0x7f39C581F595B53c5cb19bD0b3f8dA6c935E2Ca0', '0xBe9895146f7AF43049ca1c1AE358B0541Ea49704']",,,,,,,,,,,,,,,,,,,,,,,,,,,,,,,,0x9c6d47Ff73e0F5E51BE5FD53236e3F595C5793F2
2023-04-13,,"['0x7f39C581F595B53c5cb19bD0b3f8dA6c935E2Ca0', '0xBe9895146f7AF43049ca1c1AE358B0541Ea49704']",,,,,,,,,,,,,,,,,,,,,,,,,,,,,,,,0x9c6d47Ff73e0F5E51BE5FD53236e3F595C5793F2
2023-04-14,,"['0x7f39C581F595B53c5cb19bD0b3f8dA6c935E2Ca0', '0xBe9895146f7AF43049ca1c1AE358B0541Ea49704']",,,,,,,,,,,,,,,,,,,,,,,,,,,,,,,,0x9c6d47Ff73e0F5E51BE5FD53236e3F595C5793F2
2023-04-15,,"['0x7f39C581F595B53c5cb19bD0b3f8dA6c935E2Ca0', '0xBe9895146f7AF43049ca1c1AE358B0541Ea49704']",,,,,,,,,,,,,,,,,,,,,,,,,,,,,,,,0x9c6d47Ff73e0F5E51BE5FD53236e3F595C5793F2
2023-04-16,,"['0x7f39C581F595B53c5cb19bD0b3f8dA6c935E2Ca0', '0xBe9895146f7AF43049ca1c1AE358B0541Ea49704']",,,,,,,,,,,,,,,,,,,,,,,,,,,,,,,,0x9c6d47Ff73e0F5E51BE5FD53236e3F595C5793F2
2023-04-17,,"['0x7f39C581F595B53c5cb19bD0b3f8dA6c935E2Ca0', '0xBe9895146f7AF43049ca1c1AE358B0541Ea49704']",,,,,,,,,,,,,,,,,,,,,,,,,,,,,,,,0x9c6d47Ff73e0F5E51BE5FD53236e3F595C5793F2
2023-04-18,,"['0x7f39C581F595B53c5cb19bD0b3f8dA6c935E2Ca0', '0xBe9895146f7AF43049ca1c1AE358B0541Ea49704']",,,,,,,,,,,,,,,,,,,,,,,,,,,,,,,,0x9c6d47Ff73e0F5E51BE5FD53236e3F595C5793F2
2023-04-19,,"['0x7f39C581F595B53c5cb19bD0b3f8dA6c935E2Ca0', '0xBe9895146f7AF43049ca1c1AE358B0541Ea49704']",,,,,,,,,,,,,,,,,,,,,,,,,,,,,,,,0x9c6d47Ff73e0F5E51BE5FD53236e3F595C5793F2
2023-04-20,,"['0x7f39C581F595B53c5cb19bD0b3f8dA6c935E2Ca0', '0xBe9895146f7AF43049ca1c1AE358B0541Ea49704']",,,,,,,,,,,,,,,,,,,,,,,,,,,,,,,,0x9c6d47Ff73e0F5E51BE5FD53236e3F595C5793F2
2023-04-21,,"['0x7f39C581F595B53c5cb19bD0b3f8dA6c935E2Ca0', '0xBe9895146f7AF43049ca1c1AE358B0541Ea49704']",,,,,,,,,,,,,,,,,,,,,,,,,,,,,,,,0x9c6d47Ff73e0F5E51BE5FD53236e3F595C5793F2
2023-04-22,,"['0x7f39C581F595B53c5cb19bD0b3f8dA6c935E2Ca0', '0xBe9895146f7AF43049ca1c1AE358B0541Ea49704']",,,,,,,,,,,,,,,,,,,,,,,,,,,,,,,,0x9c6d47Ff73e0F5E51BE5FD53236e3F595C5793F2
2023-04-23,,"['0x7f39C581F595B53c5cb19bD0b3f8dA6c935E2Ca0', '0xBe9895146f7AF43049ca1c1AE358B0541Ea49704']",,,,,,,,,,,,,,,,,,,,,,,,,,,,,,,,0x9c6d47Ff73e0F5E51BE5FD53236e3F595C5793F2
2023-04-24,,"['0x7f39C581F595B53c5cb19bD0b3f8dA6c935E2Ca0', '0xBe9895146f7AF43049ca1c1AE358B0541Ea49704']",,,,,,,,,,,,,,,,,,,,,,,,,,,,,,,,0x9c6d47Ff73e0F5E51BE5FD53236e3F595C5793F2
2023-04-25,,"['0x7f39C581F595B53c5cb19bD0b3f8dA6c935E2Ca0', '0xBe9895146f7AF43049ca1c1AE358B0541Ea49704']",,,,,,,,,,,,,,,,,,,,,,,,,,,,,,,,0x9c6d47Ff73e0F5E51BE5FD53236e3F595C5793F2
2023-04-26,,"['0x7f39C581F595B53c5cb19bD0b3f8dA6c935E2Ca0', '0xBe9895146f7AF43049ca1c1AE358B0541Ea49704']",,,,,,,,,,,,,,,,,,,,,,,,,,,,,,,,0x9c6d47Ff73e0F5E51BE5FD53236e3F595C5793F2
2023-04-27,,"['0x7f39C581F595B53c5cb19bD0b3f8dA6c935E2Ca0', '0xBe9895146f7AF43049ca1c1AE358B0541Ea49704']",,,,,,,,,,,,,,,,,,,,,,,,,,,,,,,,0x9c6d47Ff73e0F5E51BE5FD53236e3F595C5793F2
2023-04-28,,"['0x7f39C581F595B53c5cb19bD0b3f8dA6c935E2Ca0', '0xBe9895146f7AF43049ca1c1AE358B0541Ea49704']",,,,,,,,,,,,,,,,,,,,,,,,,,,,,,,,0x9c6d47Ff73e0F5E51BE5FD53236e3F595C5793F2
2023-04-29,,"['0x7f39C581F595B53c5cb19bD0b3f8dA6c935E2Ca0', '0xBe9895146f7AF43049ca1c1AE358B0541Ea49704']",,,,,,,,,,,,,,,,,,,,,,,,,,,,,,,,0x9c6d47Ff73e0F5E51BE5FD53236e3F595C5793F2
2023-04-30,,"['0x7f39C581F595B53c5cb19bD0b3f8dA6c935E2Ca0', '0xBe9895146f7AF43049ca1c1AE358B0541Ea49704']",,,,,,,,,,,,,,,,,,,,,,,,,,,,,,,,0x9c6d47Ff73e0F5E51BE5FD53236e3F595C5793F2
2023-05-01,,"['0x7f39C581F595B53c5cb19bD0b3f8dA6c935E2Ca0', '0xBe9895146f7AF43049ca1c1AE358B0541Ea49704']",,,,,,,,,,,,,,,,,,,,,,,,,,,,,,,,0x9c6d47Ff73e0F5E51BE5FD53236e3F595C5793F2
2023-05-02,,"['0x7f39C581F595B53c5cb19bD0b3f8dA6c935E2Ca0', '0xBe9895146f7AF43049ca1c1AE358B0541Ea49704']",,,,,,,,,,,,,,,,,,,,,,,,,,,,,,,,0x9c6d47Ff73e0F5E51BE5FD53236e3F595C5793F2
2023-05-03,,"['0x7f39C581F595B53c5cb19bD0b3f8dA6c935E2Ca0', '0xBe9895146f7AF43049ca1c1AE358B0541Ea49704']",,,,,,,,,,,,,,,,,,,,,,,,,,,,,,,,0x9c6d47Ff73e0F5E51BE5FD53236e3F595C5793F2
2023-05-04,,"['0x7f39C581F595B53c5cb19bD0b3f8dA6c935E2Ca0', '0xBe9895146f7AF43049ca1c1AE358B0541Ea49704']",,,,,,,,,,,,,,,,,,,,,,,,,,,,,,,,0x9c6d47Ff73e0F5E51BE5FD53236e3F595C5793F2
2023-05-05,,"['0x7f39C581F595B53c5cb19bD0b3f8dA6c935E2Ca0', '0xBe9895146f7AF43049ca1c1AE358B0541Ea49704']",,,,,,,,,,,,,,,,,,,,,,,,,,,,,,,,0x9c6d47Ff73e0F5E51BE5FD53236e3F595C5793F2
2023-05-06,,"['0x7f39C581F595B53c5cb19bD0b3f8dA6c935E2Ca0', '0xBe9895146f7AF43049ca1c1AE358B0541Ea49704']",,,,,,,,,,,,,,,,,,,,,,,,,,,,,,,,0x9c6d47Ff73e0F5E51BE5FD53236e3F595C5793F2
2023-05-07,,"['0x7f39C581F595B53c5cb19bD0b3f8dA6c935E2Ca0', '0xBe9895146f7AF43049ca1c1AE358B0541Ea49704']",,,,,,,,,,,,,,,,,,,,,,,,,,,,,,,,0x9c6d47Ff73e0F5E51BE5FD53236e3F595C5793F2
2023-05-08,,"['0x7f39C581F595B53c5cb19bD0b3f8dA6c935E2Ca0', '0xBe9895146f7AF43049ca1c1AE358B0541Ea49704']",,,,,,,,,,,,,,,,,,,,,,,,,,,,,,,,0x9c6d47Ff73e0F5E51BE5FD53236e3F595C5793F2
2023-05-09,,"['0x7f39C581F595B53c5cb19bD0b3f8dA6c935E2Ca0', '0xBe9895146f7AF43049ca1c1AE358B0541Ea49704']",,,,,,,,,,,,,,,,,,,,,,,,,,,,,,,,0x9c6d47Ff73e0F5E51BE5FD53236e3F595C5793F2
2023-05-10,,"['0x7f39C581F595B53c5cb19bD0b3f8dA6c935E2Ca0', '0xBe9895146f7AF43049ca1c1AE358B0541Ea49704']",,,,,,,,,,,,,,,,,,,,,,,,,,,,,,,,0x9c6d47Ff73e0F5E51BE5FD53236e3F595C5793F2
2023-05-11,,"['0x7f39C581F595B53c5cb19bD0b3f8dA6c935E2Ca0', '0xBe9895146f7AF43049ca1c1AE358B0541Ea49704']",,,,,,,,,,,,,,,,,,,,,,,,,,,,,,,,0x9c6d47Ff73e0F5E51BE5FD53236e3F595C5793F2
2023-05-12,,"['0x7f39C581F595B53c5cb19bD0b3f8dA6c935E2Ca0', '0xBe9895146f7AF43049ca1c1AE358B0541Ea49704']",,,,,,,,,,,,,,,,,,,,,,,,,,,,,,,,0x9c6d47Ff73e0F5E51BE5FD53236e3F595C5793F2
2023-05-13,,"['0x7f39C581F595B53c5cb19bD0b3f8dA6c935E2Ca0', '0xBe9895146f7AF43049ca1c1AE358B0541Ea49704']",,,,,,,,,,,,,,,,,,,,,,,,,,,,,,,,0x9c6d47Ff73e0F5E51BE5FD53236e3F595C5793F2
2023-05-14,,"['0x7f39C581F595B53c5cb19bD0b3f8dA6c935E2Ca0', '0xBe9895146f7AF43049ca1c1AE358B0541Ea49704']",,,,,,,,,,,,,,,,,,,,,,,,,,,,,,,,0x9c6d47Ff73e0F5E51BE5FD53236e3F595C5793F2
2023-05-15,,"['0x7f39C581F595B53c5cb19bD0b3f8dA6c935E2Ca0', '0xBe9895146f7AF43049ca1c1AE358B0541Ea49704']",,,,,,,,,,,,,,,,,,,,,,,,,,,,,,,,0x9c6d47Ff73e0F5E51BE5FD53236e3F595C5793F2
2023-05-16,,"['0x7f39C581F595B53c5cb19bD0b3f8dA6c935E2Ca0', '0xBe9895146f7AF43049ca1c1AE358B0541Ea49704']",,,,,,,,,,,,,,,,,,,,,,,,,,,,,,,,0x9c6d47Ff73e0F5E51BE5FD53236e3F595C5793F2
2023-05-17,,"['0x7f39C581F595B53c5cb19bD0b3f8dA6c935E2Ca0', '0xBe9895146f7AF43049ca1c1AE358B0541Ea49704']",,,,,,,,,,,,,,,,,,,,,,,,,,,,,,,,0x9c6d47Ff73e0F5E51BE5FD53236e3F595C5793F2
2023-05-18,,"['0x7f39C581F595B53c5cb19bD0b3f8dA6c935E2Ca0', '0xBe9895146f7AF43049ca1c1AE358B0541Ea49704']",,,,,,,,,,,,,,,,,,,,,,,,,,,,,,,,0x9c6d47Ff73e0F5E51BE5FD53236e3F595C5793F2
2023-05-19,,"['0x7f39C581F595B53c5cb19bD0b3f8dA6c935E2Ca0', '0xBe9895146f7AF43049ca1c1AE358B0541Ea49704']",,,,,,,,,,,,,,,,,,,,,,,,,,,,,,,,0x9c6d47Ff73e0F5E51BE5FD53236e3F595C5793F2
2023-05-20,,"['0x7f39C581F595B53c5cb19bD0b3f8dA6c935E2Ca0', '0xBe9895146f7AF43049ca1c1AE358B0541Ea49704']",,,,,,,,,,,,,,,,,,,,,,,,,,,,,,,,0x9c6d47Ff73e0F5E51BE5FD53236e3F595C5793F2
2023-05-21,,"['0x7f39C581F595B53c5cb19bD0b3f8dA6c935E2Ca0', '0xBe9895146f7AF43049ca1c1AE358B0541Ea49704']",,,,,,,,,,,,,,,,,,,,,,,,,,,,,,,,0x9c6d47Ff73e0F5E51BE5FD53236e3F595C5793F2
2023-05-22,,"['0x7f39C581F595B53c5cb19bD0b3f8dA6c935E2Ca0', '0xBe9895146f7AF43049ca1c1AE358B0541Ea49704']",,,,,,,,,,,,,,,,,,,,,,,,,,,,,,,,0x9c6d47Ff73e0F5E51BE5FD53236e3F595C5793F2
2023-05-23,,"['0x7f39C581F595B53c5cb19bD0b3f8dA6c935E2Ca0', '0xBe9895146f7AF43049ca1c1AE358B0541Ea49704']",,,,,,,,,,,,,,,,,,,,,,,,,,,,,,,,0x9c6d47Ff73e0F5E51BE5FD53236e3F595C5793F2
2023-05-24,,"['0x7f39C581F595B53c5cb19bD0b3f8dA6c935E2Ca0', '0xBe9895146f7AF43049ca1c1AE358B0541Ea49704']",,,,,,,,,,,,,,,,,,,,,,,,,,,,,,,,0x9c6d47Ff73e0F5E51BE5FD53236e3F595C5793F2
2023-05-25,,"['0x7f39C581F595B53c5cb19bD0b3f8dA6c935E2Ca0', '0xBe9895146f7AF43049ca1c1AE358B0541Ea49704']",,,,,,,,,,,,,,,,,,,,,,,,,,,,,,,,0x9c6d47Ff73e0F5E51BE5FD53236e3F595C5793F2
2023-05-26,,"['0x7f39C581F595B53c5cb19bD0b3f8dA6c935E2Ca0', '0xBe9895146f7AF43049ca1c1AE358B0541Ea49704']",,,,,,,,,,,,,,,,,,,,,,,,,,,,,,,,0x9c6d47Ff73e0F5E51BE5FD53236e3F595C5793F2
2023-05-27,,"['0x7f39C581F595B53c5cb19bD0b3f8dA6c935E2Ca0', '0xBe9895146f7AF43049ca1c1AE358B0541Ea49704']",,,,,,,,,,,,,,,,,,,,,,,,,,,,,,,,0x9c6d47Ff73e0F5E51BE5FD53236e3F595C5793F2
2023-05-28,,"['0x7f39C581F595B53c5cb19bD0b3f8dA6c935E2Ca0', '0xBe9895146f7AF43049ca1c1AE358B0541Ea49704']",,,,,,,,,,,,,,,,,,,,,,,,,,,,,,,,0x9c6d47Ff73e0F5E51BE5FD53236e3F595C5793F2
2023-05-29,,"['0x7f39C581F595B53c5cb19bD0b3f8dA6c935E2Ca0', '0xBe9895146f7AF43049ca1c1AE358B0541Ea49704']",,,,,,,,,,,,,,,,,,,,,,,,,,,,,,,,0x9c6d47Ff73e0F5E51BE5FD53236e3F595C5793F2
2023-05-30,,"['0x7f39C581F595B53c5cb19bD0b3f8dA6c935E2Ca0', '0xBe9895146f7AF43049ca1c1AE358B0541Ea49704']",,,,,,,,,,,,,,,,,,,,,,,,,,,,,,,,0x9c6d47Ff73e0F5E51BE5FD53236e3F595C5793F2
2023-05-31,,"['0x7f39C581F595B53c5cb19bD0b3f8dA6c935E2Ca0', '0xBe9895146f7AF43049ca1c1AE358B0541Ea49704']",,,,,,,,,,,,,,,,,,,,,,,,,,,,,,,,0x9c6d47Ff73e0F5E51BE5FD53236e3F595C5793F2
