timestamp,block,tokens,balances,lastChangeBlock,rate,lp_token_total_supply,invariant_data,protocol_swap_fee_percent,lastInvariant,amplificationParameter,unscaled_invariant,delta,scaled_invariant,lp_token_virtual_price,pool_balance_0,pool_balance_1,pool_balance_market_0,pool_balance_market_1,market_eth_tvl,pool_balance_market_portion_0,pool_balance_market_portion_1,lp_token_market_eth_value,pool_balance_equilibrium_0,pool_balance_equilibrium_1,equilibrium_eth_tvl,pool_balance_equilibrium_portion_0,pool_balance_equilibrium_portion_1,lp_token_equilibrium_eth_value,lp_token_discount_percent,fee_apr,base_apr,incentive_apr,price_apr,total_apr,pool_address
2022-12-02,,"['0x9559Aaa82d9649C7A7b220E7c461d2E74c9a3593', '0xC02aaA39b223FE8D0A0e5C4F27eAD9083C756Cc2']",,,,,,,,,,,,,,,,,,,,,,,,,,,,,,,,,0xB08885e6026bab4333A80024Ec25a1a3e1FF2b8A
2022-12-03,,"['0x9559Aaa82d9649C7A7b220E7c461d2E74c9a3593', '0xC02aaA39b223FE8D0A0e5C4F27eAD9083C756Cc2']",,,,,,,,,,,,,,,,,,,,,,,,,,,,,,,,,0xB08885e6026bab4333A80024Ec25a1a3e1FF2b8A
2022-12-04,,"['0x9559Aaa82d9649C7A7b220E7c461d2E74c9a3593', '0xC02aaA39b223FE8D0A0e5C4F27eAD9083C756Cc2']",,,,,,,,,,,,,,,,,,,,,,,,,,,,,,,,,0xB08885e6026bab4333A80024Ec25a1a3e1FF2b8A
2022-12-05,,"['0x9559Aaa82d9649C7A7b220E7c461d2E74c9a3593', '0xC02aaA39b223FE8D0A0e5C4F27eAD9083C756Cc2']",,,,,,,,,,,,,,,,,,,,,,,,,,,,,,,,,0xB08885e6026bab4333A80024Ec25a1a3e1FF2b8A
2022-12-06,,"['0x9559Aaa82d9649C7A7b220E7c461d2E74c9a3593', '0xC02aaA39b223FE8D0A0e5C4F27eAD9083C756Cc2']",,,,,,,,,,,,,,,,,,,,,,,,,,,,,,,,,0xB08885e6026bab4333A80024Ec25a1a3e1FF2b8A
2022-12-07,,"['0x9559Aaa82d9649C7A7b220E7c461d2E74c9a3593', '0xC02aaA39b223FE8D0A0e5C4F27eAD9083C756Cc2']",,,,,,,,,,,,,,,,,,,,,,,,,,,,,,,,,0xB08885e6026bab4333A80024Ec25a1a3e1FF2b8A
2022-12-08,,"['0x9559Aaa82d9649C7A7b220E7c461d2E74c9a3593', '0xC02aaA39b223FE8D0A0e5C4F27eAD9083C756Cc2']",,,,,,,,,,,,,,,,,,,,,,,,,,,,,,,,,0xB08885e6026bab4333A80024Ec25a1a3e1FF2b8A
2022-12-09,,"['0x9559Aaa82d9649C7A7b220E7c461d2E74c9a3593', '0xC02aaA39b223FE8D0A0e5C4F27eAD9083C756Cc2']",,,,,,,,,,,,,,,,,,,,,,,,,,,,,,,,,0xB08885e6026bab4333A80024Ec25a1a3e1FF2b8A
2022-12-10,,"['0x9559Aaa82d9649C7A7b220E7c461d2E74c9a3593', '0xC02aaA39b223FE8D0A0e5C4F27eAD9083C756Cc2']",,,,,,,,,,,,,,,,,,,,,,,,,,,,,,,,,0xB08885e6026bab4333A80024Ec25a1a3e1FF2b8A
2022-12-11,,"['0x9559Aaa82d9649C7A7b220E7c461d2E74c9a3593', '0xC02aaA39b223FE8D0A0e5C4F27eAD9083C756Cc2']",,,,,,,,,,,,,,,,,,,,,,,,,,,,,,,,,0xB08885e6026bab4333A80024Ec25a1a3e1FF2b8A
2022-12-12,,"['0x9559Aaa82d9649C7A7b220E7c461d2E74c9a3593', '0xC02aaA39b223FE8D0A0e5C4F27eAD9083C756Cc2']",,,,,,,,,,,,,,,,,,,,,,,,,,,,,,,,,0xB08885e6026bab4333A80024Ec25a1a3e1FF2b8A
2022-12-13,,"['0x9559Aaa82d9649C7A7b220E7c461d2E74c9a3593', '0xC02aaA39b223FE8D0A0e5C4F27eAD9083C756Cc2']",,,,,,,,,,,,,,,,,,,,,,,,,,,,,,,,,0xB08885e6026bab4333A80024Ec25a1a3e1FF2b8A
2022-12-14,,"['0x9559Aaa82d9649C7A7b220E7c461d2E74c9a3593', '0xC02aaA39b223FE8D0A0e5C4F27eAD9083C756Cc2']",,,,,,,,,,,,,,,,,,,,,,,,,,,,,,,,,0xB08885e6026bab4333A80024Ec25a1a3e1FF2b8A
2022-12-15,,"['0x9559Aaa82d9649C7A7b220E7c461d2E74c9a3593', '0xC02aaA39b223FE8D0A0e5C4F27eAD9083C756Cc2']",,,,,,,,,,,,,,,,,,,,,,,,,,,,,,,,,0xB08885e6026bab4333A80024Ec25a1a3e1FF2b8A
2022-12-16,,"['0x9559Aaa82d9649C7A7b220E7c461d2E74c9a3593', '0xC02aaA39b223FE8D0A0e5C4F27eAD9083C756Cc2']",,,,,,,,,,,,,,,,,,,,,,,,,,,,,,,,,0xB08885e6026bab4333A80024Ec25a1a3e1FF2b8A
2022-12-17,,"['0x9559Aaa82d9649C7A7b220E7c461d2E74c9a3593', '0xC02aaA39b223FE8D0A0e5C4F27eAD9083C756Cc2']",,,,,,,,,,,,,,,,,,,,,,,,,,,,,,,,,0xB08885e6026bab4333A80024Ec25a1a3e1FF2b8A
2022-12-18,,"['0x9559Aaa82d9649C7A7b220E7c461d2E74c9a3593', '0xC02aaA39b223FE8D0A0e5C4F27eAD9083C756Cc2']",,,,,,,,,,,,,,,,,,,,,,,,,,,,,,,,,0xB08885e6026bab4333A80024Ec25a1a3e1FF2b8A
2022-12-19,,"['0x9559Aaa82d9649C7A7b220E7c461d2E74c9a3593', '0xC02aaA39b223FE8D0A0e5C4F27eAD9083C756Cc2']",,,,,,,,,,,,,,,,,,,,,,,,,,,,,,,,,0xB08885e6026bab4333A80024Ec25a1a3e1FF2b8A
2022-12-20,,"['0x9559Aaa82d9649C7A7b220E7c461d2E74c9a3593', '0xC02aaA39b223FE8D0A0e5C4F27eAD9083C756Cc2']",,,,,,,,,,,,,,,,,,,,,,,,,,,,,,,,,0xB08885e6026bab4333A80024Ec25a1a3e1FF2b8A
2022-12-21,,"['0x9559Aaa82d9649C7A7b220E7c461d2E74c9a3593', '0xC02aaA39b223FE8D0A0e5C4F27eAD9083C756Cc2']",,,,,,,,,,,,,,,,,,,,,,,,,,,,,,,,,0xB08885e6026bab4333A80024Ec25a1a3e1FF2b8A
2022-12-22,,"['0x9559Aaa82d9649C7A7b220E7c461d2E74c9a3593', '0xC02aaA39b223FE8D0A0e5C4F27eAD9083C756Cc2']",,,,,,,,,,,,,,,,,,,,,,,,,,,,,,,,,0xB08885e6026bab4333A80024Ec25a1a3e1FF2b8A
2022-12-23,,"['0x9559Aaa82d9649C7A7b220E7c461d2E74c9a3593', '0xC02aaA39b223FE8D0A0e5C4F27eAD9083C756Cc2']",,,,,,,,,,,,,,,,,,,,,,,,,,,,,,,,,0xB08885e6026bab4333A80024Ec25a1a3e1FF2b8A
2022-12-24,,"['0x9559Aaa82d9649C7A7b220E7c461d2E74c9a3593', '0xC02aaA39b223FE8D0A0e5C4F27eAD9083C756Cc2']",,,,,,,,,,,,,,,,,,,,,,,,,,,,,,,,,0xB08885e6026bab4333A80024Ec25a1a3e1FF2b8A
2022-12-25,,"['0x9559Aaa82d9649C7A7b220E7c461d2E74c9a3593', '0xC02aaA39b223FE8D0A0e5C4F27eAD9083C756Cc2']",,,,,,,,,,,,,,,,,,,,,,,,,,,,,,,,,0xB08885e6026bab4333A80024Ec25a1a3e1FF2b8A
2022-12-26,,"['0x9559Aaa82d9649C7A7b220E7c461d2E74c9a3593', '0xC02aaA39b223FE8D0A0e5C4F27eAD9083C756Cc2']",,,,,,,,,,,,,,,,,,,,,,,,,,,,,,,,,0xB08885e6026bab4333A80024Ec25a1a3e1FF2b8A
2022-12-27,,"['0x9559Aaa82d9649C7A7b220E7c461d2E74c9a3593', '0xC02aaA39b223FE8D0A0e5C4F27eAD9083C756Cc2']",,,,,,,,,,,,,,,,,,,,,,,,,,,,,,,,,0xB08885e6026bab4333A80024Ec25a1a3e1FF2b8A
2022-12-28,,"['0x9559Aaa82d9649C7A7b220E7c461d2E74c9a3593', '0xC02aaA39b223FE8D0A0e5C4F27eAD9083C756Cc2']",,,,,,,,,,,,,,,,,,,,,,,,,,,,,,,,,0xB08885e6026bab4333A80024Ec25a1a3e1FF2b8A
2022-12-29,,"['0x9559Aaa82d9649C7A7b220E7c461d2E74c9a3593', '0xC02aaA39b223FE8D0A0e5C4F27eAD9083C756Cc2']",,,,,,,,,,,,,,,,,,,,,,,,,,,,,,,,,0xB08885e6026bab4333A80024Ec25a1a3e1FF2b8A
2022-12-30,,"['0x9559Aaa82d9649C7A7b220E7c461d2E74c9a3593', '0xC02aaA39b223FE8D0A0e5C4F27eAD9083C756Cc2']",,,,,,,,,,,,,,,,,,,,,,,,,,,,,,,,,0xB08885e6026bab4333A80024Ec25a1a3e1FF2b8A
2022-12-31,,"['0x9559Aaa82d9649C7A7b220E7c461d2E74c9a3593', '0xC02aaA39b223FE8D0A0e5C4F27eAD9083C756Cc2']",,,,,,,,,,,,,,,,,,,,,,,,,,,,,,,,,0xB08885e6026bab4333A80024Ec25a1a3e1FF2b8A
2023-01-01,,"['0x9559Aaa82d9649C7A7b220E7c461d2E74c9a3593', '0xC02aaA39b223FE8D0A0e5C4F27eAD9083C756Cc2']",,,,,,,,,,,,,,,,,,,,,,,,,,,,,,,,,0xB08885e6026bab4333A80024Ec25a1a3e1FF2b8A
2023-01-02,,"['0x9559Aaa82d9649C7A7b220E7c461d2E74c9a3593', '0xC02aaA39b223FE8D0A0e5C4F27eAD9083C756Cc2']",,,,,,,,,,,,,,,,,,,,,,,,,,,,,,,,,0xB08885e6026bab4333A80024Ec25a1a3e1FF2b8A
2023-01-03,,"['0x9559Aaa82d9649C7A7b220E7c461d2E74c9a3593', '0xC02aaA39b223FE8D0A0e5C4F27eAD9083C756Cc2']",,,,,,,,,,,,,,,,,,,,,,,,,,,,,,,,,0xB08885e6026bab4333A80024Ec25a1a3e1FF2b8A
2023-01-04,,"['0x9559Aaa82d9649C7A7b220E7c461d2E74c9a3593', '0xC02aaA39b223FE8D0A0e5C4F27eAD9083C756Cc2']",,,,,,,,,,,,,,,,,,,,,,,,,,,,,,,,,0xB08885e6026bab4333A80024Ec25a1a3e1FF2b8A
2023-01-05,,"['0x9559Aaa82d9649C7A7b220E7c461d2E74c9a3593', '0xC02aaA39b223FE8D0A0e5C4F27eAD9083C756Cc2']",,,,,,,,,,,,,,,,,,,,,,,,,,,,,,,,,0xB08885e6026bab4333A80024Ec25a1a3e1FF2b8A
2023-01-06,,"['0x9559Aaa82d9649C7A7b220E7c461d2E74c9a3593', '0xC02aaA39b223FE8D0A0e5C4F27eAD9083C756Cc2']",,,,,,,,,,,,,,,,,,,,,,,,,,,,,,,,,0xB08885e6026bab4333A80024Ec25a1a3e1FF2b8A
2023-01-07,,"['0x9559Aaa82d9649C7A7b220E7c461d2E74c9a3593', '0xC02aaA39b223FE8D0A0e5C4F27eAD9083C756Cc2']",,,,,,,,,,,,,,,,,,,,,,,,,,,,,,,,,0xB08885e6026bab4333A80024Ec25a1a3e1FF2b8A
2023-01-08,,"['0x9559Aaa82d9649C7A7b220E7c461d2E74c9a3593', '0xC02aaA39b223FE8D0A0e5C4F27eAD9083C756Cc2']",,,,,,,,,,,,,,,,,,,,,,,,,,,,,,,,,0xB08885e6026bab4333A80024Ec25a1a3e1FF2b8A
2023-01-09,,"['0x9559Aaa82d9649C7A7b220E7c461d2E74c9a3593', '0xC02aaA39b223FE8D0A0e5C4F27eAD9083C756Cc2']",,,,,,,,,,,,,,,,,,,,,,,,,,,,,,,,,0xB08885e6026bab4333A80024Ec25a1a3e1FF2b8A
2023-01-10,,"['0x9559Aaa82d9649C7A7b220E7c461d2E74c9a3593', '0xC02aaA39b223FE8D0A0e5C4F27eAD9083C756Cc2']",,,,,,,,,,,,,,,,,,,,,,,,,,,,,,,,,0xB08885e6026bab4333A80024Ec25a1a3e1FF2b8A
2023-01-11,,"['0x9559Aaa82d9649C7A7b220E7c461d2E74c9a3593', '0xC02aaA39b223FE8D0A0e5C4F27eAD9083C756Cc2']",,,,,,,,,,,,,,,,,,,,,,,,,,,,,,,,,0xB08885e6026bab4333A80024Ec25a1a3e1FF2b8A
2023-01-12,,"['0x9559Aaa82d9649C7A7b220E7c461d2E74c9a3593', '0xC02aaA39b223FE8D0A0e5C4F27eAD9083C756Cc2']",,,,,,,,,,,,,,,,,,,,,,,,,,,,,,,,,0xB08885e6026bab4333A80024Ec25a1a3e1FF2b8A
2023-01-13,,"['0x9559Aaa82d9649C7A7b220E7c461d2E74c9a3593', '0xC02aaA39b223FE8D0A0e5C4F27eAD9083C756Cc2']",,,,,,,,,,,,,,,,,,,,,,,,,,,,,,,,,0xB08885e6026bab4333A80024Ec25a1a3e1FF2b8A
2023-01-14,,"['0x9559Aaa82d9649C7A7b220E7c461d2E74c9a3593', '0xC02aaA39b223FE8D0A0e5C4F27eAD9083C756Cc2']",,,,,,,,,,,,,,,,,,,,,,,,,,,,,,,,,0xB08885e6026bab4333A80024Ec25a1a3e1FF2b8A
2023-01-15,,"['0x9559Aaa82d9649C7A7b220E7c461d2E74c9a3593', '0xC02aaA39b223FE8D0A0e5C4F27eAD9083C756Cc2']",,,,,,,,,,,,,,,,,,,,,,,,,,,,,,,,,0xB08885e6026bab4333A80024Ec25a1a3e1FF2b8A
2023-01-16,,"['0x9559Aaa82d9649C7A7b220E7c461d2E74c9a3593', '0xC02aaA39b223FE8D0A0e5C4F27eAD9083C756Cc2']",,,,,,,,,,,,,,,,,,,,,,,,,,,,,,,,,0xB08885e6026bab4333A80024Ec25a1a3e1FF2b8A
2023-01-17,,"['0x9559Aaa82d9649C7A7b220E7c461d2E74c9a3593', '0xC02aaA39b223FE8D0A0e5C4F27eAD9083C756Cc2']",,,,,,,,,,,,,,,,,,,,,,,,,,,,,,,,,0xB08885e6026bab4333A80024Ec25a1a3e1FF2b8A
2023-01-18,,"['0x9559Aaa82d9649C7A7b220E7c461d2E74c9a3593', '0xC02aaA39b223FE8D0A0e5C4F27eAD9083C756Cc2']",,,,,,,,,,,,,,,,,,,,,,,,,,,,,,,,,0xB08885e6026bab4333A80024Ec25a1a3e1FF2b8A
2023-01-19,,"['0x9559Aaa82d9649C7A7b220E7c461d2E74c9a3593', '0xC02aaA39b223FE8D0A0e5C4F27eAD9083C756Cc2']",,,,,,,,,,,,,,,,,,,,,,,,,,,,,,,,,0xB08885e6026bab4333A80024Ec25a1a3e1FF2b8A
2023-01-20,,"['0x9559Aaa82d9649C7A7b220E7c461d2E74c9a3593', '0xC02aaA39b223FE8D0A0e5C4F27eAD9083C756Cc2']",,,,,,,,,,,,,,,,,,,,,,,,,,,,,,,,,0xB08885e6026bab4333A80024Ec25a1a3e1FF2b8A
2023-01-21,,"['0x9559Aaa82d9649C7A7b220E7c461d2E74c9a3593', '0xC02aaA39b223FE8D0A0e5C4F27eAD9083C756Cc2']",,,,,,,,,,,,,,,,,,,,,,,,,,,,,,,,,0xB08885e6026bab4333A80024Ec25a1a3e1FF2b8A
2023-01-22,,"['0x9559Aaa82d9649C7A7b220E7c461d2E74c9a3593', '0xC02aaA39b223FE8D0A0e5C4F27eAD9083C756Cc2']",,,,,,,,,,,,,,,,,,,,,,,,,,,,,,,,,0xB08885e6026bab4333A80024Ec25a1a3e1FF2b8A
2023-01-23,,"['0x9559Aaa82d9649C7A7b220E7c461d2E74c9a3593', '0xC02aaA39b223FE8D0A0e5C4F27eAD9083C756Cc2']",,,,,,,,,,,,,,,,,,,,,,,,,,,,,,,,,0xB08885e6026bab4333A80024Ec25a1a3e1FF2b8A
2023-01-24,,"['0x9559Aaa82d9649C7A7b220E7c461d2E74c9a3593', '0xC02aaA39b223FE8D0A0e5C4F27eAD9083C756Cc2']",,,,,,,,,,,,,,,,,,,,,,,,,,,,,,,,,0xB08885e6026bab4333A80024Ec25a1a3e1FF2b8A
2023-01-25,,"['0x9559Aaa82d9649C7A7b220E7c461d2E74c9a3593', '0xC02aaA39b223FE8D0A0e5C4F27eAD9083C756Cc2']",,,,,,,,,,,,,,,,,,,,,,,,,,,,,,,,,0xB08885e6026bab4333A80024Ec25a1a3e1FF2b8A
2023-01-26,,"['0x9559Aaa82d9649C7A7b220E7c461d2E74c9a3593', '0xC02aaA39b223FE8D0A0e5C4F27eAD9083C756Cc2']",,,,,,,,,,,,,,,,,,,,,,,,,,,,,,,,,0xB08885e6026bab4333A80024Ec25a1a3e1FF2b8A
2023-01-27,,"['0x9559Aaa82d9649C7A7b220E7c461d2E74c9a3593', '0xC02aaA39b223FE8D0A0e5C4F27eAD9083C756Cc2']",,,,,,,,,,,,,,,,,,,,,,,,,,,,,,,,,0xB08885e6026bab4333A80024Ec25a1a3e1FF2b8A
2023-01-28,,"['0x9559Aaa82d9649C7A7b220E7c461d2E74c9a3593', '0xC02aaA39b223FE8D0A0e5C4F27eAD9083C756Cc2']",,,,,,,,,,,,,,,,,,,,,,,,,,,,,,,,,0xB08885e6026bab4333A80024Ec25a1a3e1FF2b8A
2023-01-29,,"['0x9559Aaa82d9649C7A7b220E7c461d2E74c9a3593', '0xC02aaA39b223FE8D0A0e5C4F27eAD9083C756Cc2']",,,,,,,,,,,,,,,,,,,,,,,,,,,,,,,,,0xB08885e6026bab4333A80024Ec25a1a3e1FF2b8A
2023-01-30,,"['0x9559Aaa82d9649C7A7b220E7c461d2E74c9a3593', '0xC02aaA39b223FE8D0A0e5C4F27eAD9083C756Cc2']",,,,,,,,,,,,,,,,,,,,,,,,,,,,,,,,,0xB08885e6026bab4333A80024Ec25a1a3e1FF2b8A
2023-01-31,,"['0x9559Aaa82d9649C7A7b220E7c461d2E74c9a3593', '0xC02aaA39b223FE8D0A0e5C4F27eAD9083C756Cc2']",,,,,,,,,,,,,,,,,,,,,,,,,,,,,,,,,0xB08885e6026bab4333A80024Ec25a1a3e1FF2b8A
2023-02-01,16530248.0,"['0x9559Aaa82d9649C7A7b220E7c461d2E74c9a3593', '0xC02aaA39b223FE8D0A0e5C4F27eAD9083C756Cc2']",['10000000000000000' '10000000000000000'],16516936.0,999999999999999950,0.020365794249628092,['20365794249628093' '50000'],0.5,20365794249628093,50000,20365794249628091,0.0,2.0365794249628092e+16,1.0,0.01,0.01,0.009367545235455185,0.01,0.019367545235455183,0.4836723044439568,0.5163276955560433,0.9509840371587207,0.010367686052050042,0.01,0.02036768605205004,0.5090262107121647,0.49097378928783536,1.0000928911683364,-4.910429265450072,0.0,1.0003226478591094,0.0,2.299585797379489,3.2999084452385983,0xB08885e6026bab4333A80024Ec25a1a3e1FF2b8A
2023-02-02,16537407.0,"['0x9559Aaa82d9649C7A7b220E7c461d2E74c9a3593', '0xC02aaA39b223FE8D0A0e5C4F27eAD9083C756Cc2']",['10000000000000000' '10000000000000000'],16516936.0,999999999999999950,0.020365794249628092,['20365794249628093' '50000'],0.5,20365794249628093,50000,20365794249628091,0.0,2.0365794249628092e+16,1.0,0.01,0.01,0.009890091997459615,0.01,0.019890091997459614,0.4972371167877348,0.5027628832122653,0.9766420967266147,0.010368494804829103,0.01,0.020368494804829104,0.5090457053493648,0.4909542946506352,1.0001326024984791,-2.348739128509724,0.0,0.9897183070098085,0.0,1.0889304338168873,2.078648740826696,0xB08885e6026bab4333A80024Ec25a1a3e1FF2b8A
2023-02-03,16544548.0,"['0x9559Aaa82d9649C7A7b220E7c461d2E74c9a3593', '0xC02aaA39b223FE8D0A0e5C4F27eAD9083C756Cc2']",['10000000000000000' '10000000000000000'],16516936.0,999999999999999950,0.020365794249628092,['20365794249628093' '50000'],0.5,20365794249628093,50000,20365794249628091,0.0,2.0365794249628092e+16,1.0,0.01,0.01,0.0098166372112006,0.01,0.0198166372112006,0.49537351401135404,0.504626485988646,0.9730353242453326,0.01036963064369579,0.01,0.02036963064369579,0.5090730816420127,0.4909269183579873,1.0001883743899538,-2.714793616870693,0.0,0.9827854226141028,0.0,1.2460554437520217,2.2288408663661246,0xB08885e6026bab4333A80024Ec25a1a3e1FF2b8A
2023-02-04,16551701.0,"['0x9559Aaa82d9649C7A7b220E7c461d2E74c9a3593', '0xC02aaA39b223FE8D0A0e5C4F27eAD9083C756Cc2']",['10000000000000000' '10000000000000000'],16516936.0,999999999999999950,0.020365794249628092,['20365794249628093' '50000'],0.5,20365794249628093,50000,20365794249628091,0.0,2.0365794249628092e+16,1.0,0.01,0.01,0.009777905007887581,0.01,0.01977790500788758,0.4943852750828805,0.5056147249171196,0.9711334979360676,0.01037088970788065,0.01,0.02037088970788065,0.5091034243766281,0.49089657562337186,1.0002501968835638,-2.910941586236501,0.0,0.9815517685181832,0.0,1.3227239969768267,2.30427576549501,0xB08885e6026bab4333A80024Ec25a1a3e1FF2b8A
2023-02-05,16558857.0,"['0x9559Aaa82d9649C7A7b220E7c461d2E74c9a3593', '0xC02aaA39b223FE8D0A0e5C4F27eAD9083C756Cc2']",['10000000000000000' '10000000000000000'],16516936.0,999999999999999950,0.020365794249628092,['20365794249628093' '50000'],0.5,20365794249628093,50000,20365794249628091,0.0,2.0365794249628092e+16,1.0,0.01,0.01,0.009904250654633196,0.01,0.019904250654633197,0.49759475131648534,0.5024052486835147,0.9773373142565592,0.010371786293497769,0.01,0.02037178629349777,0.5091250292964351,0.4908749707035648,1.0002942209764192,-2.2950154303051935,0.0,0.9816738470109269,0.0,1.0324203266309222,2.014094173641849,0xB08885e6026bab4333A80024Ec25a1a3e1FF2b8A
2023-02-06,16566023.0,"['0x9559Aaa82d9649C7A7b220E7c461d2E74c9a3593', '0xC02aaA39b223FE8D0A0e5C4F27eAD9083C756Cc2']",['10000000000000000' '10000000000000000'],16516936.0,999999999999999950,0.020365794249628092,['20365794249628093' '50000'],0.5,20365794249628093,50000,20365794249628091,0.0,2.0365794249628092e+16,1.0,0.01,0.01,0.009904544443640945,0.01,0.019904544443640947,0.497602166765752,0.5023978332342479,0.9773517398666851,0.01037263794182399,0.01,0.020372637941823993,0.5091455496064892,0.4908544503935108,1.0003360385611293,-2.297657767834148,0.0,0.9775401948367292,0.0,1.0232729010495472,2.000813095886276,0xB08885e6026bab4333A80024Ec25a1a3e1FF2b8A
2023-02-07,16573190.0,"['0x9559Aaa82d9649C7A7b220E7c461d2E74c9a3593', '0xC02aaA39b223FE8D0A0e5C4F27eAD9083C756Cc2']",['10000000000000000' '10000000000000000'],16516936.0,999999999999999950,0.020365794249628092,['20365794249628093' '50000'],0.5,20365794249628093,50000,20365794249628091,0.0,2.0365794249628092e+16,1.0,0.01,0.01,0.009859912165920123,0.01,0.019859912165920125,0.49647310036143383,0.5035268996385661,0.9751602084599669,0.010373600968967795,0.01,0.020373600968967794,0.5091687515019276,0.4908312484980724,1.0003833250618175,-2.5213451653936736,0.0,0.9691937247106772,0.0,1.1116642242712926,2.08085794898197,0xB08885e6026bab4333A80024Ec25a1a3e1FF2b8A
2023-02-08,16580338.0,"['0x9559Aaa82d9649C7A7b220E7c461d2E74c9a3593', '0xC02aaA39b223FE8D0A0e5C4F27eAD9083C756Cc2']",['10000000000000000' '10000000000000000'],16516936.0,999999999999999950,0.020365794249628092,['20365794249628093' '50000'],0.5,20365794249628093,50000,20365794249628091,0.0,2.0365794249628092e+16,1.0,0.01,0.01,0.009956037277180998,0.01,0.019956037277180996,0.4988985107060992,0.5011014892939009,0.9798801378711475,0.010374217553753616,0.01,0.020374217553753616,0.5091836055241462,0.49081639447585385,1.000413600570755,-2.0524973558828767,0.0,0.9570656884858171,0.0,0.8958991546023579,1.8529648430881749,0xB08885e6026bab4333A80024Ec25a1a3e1FF2b8A
2023-02-09,16587477.0,"['0x9559Aaa82d9649C7A7b220E7c461d2E74c9a3593', '0xC02aaA39b223FE8D0A0e5C4F27eAD9083C756Cc2']",['10000000000000000' '10000000000000000'],16516936.0,999999999999999950,0.020365794249628092,['20365794249628093' '50000'],0.5,20365794249628093,50000,20365794249628091,0.0,2.0365794249628092e+16,1.0,0.01,0.01,0.010054221783744557,0.01,0.02005422178374456,0.501351879527644,0.49864812047235585,0.9847011875861791,0.010375775141302026,0.01,0.020375775141302024,0.5092211250540434,0.49077887494595673,1.0004900811405435,-1.5781159505714755,0.0,0.956125230781582,0.0,0.6819470020313922,1.6380722328129742,0xB08885e6026bab4333A80024Ec25a1a3e1FF2b8A
2023-02-10,16594632.0,"['0x9559Aaa82d9649C7A7b220E7c461d2E74c9a3593', '0xC02aaA39b223FE8D0A0e5C4F27eAD9083C756Cc2']",['49287990365997652790' '14379467867148540095'],16591181.0,1000371731839321469,65.20805833412652,['65225230492798384690' '50000'],0.5,65225230492798384690,50000,65232298245589649188,7067752791264498.0,6.522876436919402e+19,1.0003175379791467,49.28799036599765,14.37946786714854,49.216408150457895,14.37946786714854,63.595876017606436,0.7738930766018915,0.22610692339810842,0.975276333052899,51.14550931835249,14.37946786714854,65.52497718550103,0.7805498226051982,0.21945017739480177,1.0048601178975551,-2.9440699573741296,10.123008277692787,1.4671279611612882,0.0,1.259490903485363,12.849627142339438,0xB08885e6026bab4333A80024Ec25a1a3e1FF2b8A
2023-02-11,16601800.0,"['0x9559Aaa82d9649C7A7b220E7c461d2E74c9a3593', '0xC02aaA39b223FE8D0A0e5C4F27eAD9083C756Cc2']",['144384295149186954982' '47460085446668586407'],16598829.0,1000400516590111629,196.5114480651886,['196590154160285572804' '50000'],0.5,196590154160285572804,50000,196590154160285572660,0.0,1.9659015416028558e+20,1.0004005165901118,144.38429514918695,47.460085446668586,139.7854267638241,47.460085446668586,187.24551221049268,0.7465355250099871,0.25346447499001296,0.9528478572321031,149.8393284479079,47.460085446668586,197.29941389457647,0.7594514625774405,0.2405485374225595,1.0040097706120739,-5.095758515256378,1.591590642452439,1.4361672296564751,0.0,2.158196297423376,5.18595416953229,0xB08885e6026bab4333A80024Ec25a1a3e1FF2b8A
2023-02-12,16608958.0,"['0x9559Aaa82d9649C7A7b220E7c461d2E74c9a3593', '0xC02aaA39b223FE8D0A0e5C4F27eAD9083C756Cc2']",['144381657853039617592' '47460085446668586406'],16603651.0,1000421190287509124,196.51280723761678,['196595576523396430397' '50000'],0.5,196595576523396430397,50000,196595576523396430300,0.0,1.965955765233964e+20,1.000421190287509,144.38165785303963,47.460085446668586,139.68395396308748,47.460085446668586,187.14403940975606,0.7463980920987087,0.2536019079012913,0.952324899534246,149.84902952007516,47.460085446668586,197.30911496674375,0.7594632895967937,0.24053671040320634,1.0040521925279104,-5.151852999138439,0.0,1.4289406010939367,0.0,2.1601343419194987,3.5890749430134354,0xB08885e6026bab4333A80024Ec25a1a3e1FF2b8A
2023-02-13,16616116.0,"['0x9559Aaa82d9649C7A7b220E7c461d2E74c9a3593', '0xC02aaA39b223FE8D0A0e5C4F27eAD9083C756Cc2']",['151442107288930166584' '40451802469041120488'],16612031.0,1000498533486928625,196.51280723761678,['196595576523396430397' '50000'],0.5,196595576523396430397,50000,196610775452635095255,1.5198929238664858e+16,1.9660317598801576e+20,1.000459861887219,151.44210728893017,40.45180246904112,146.55723836264713,40.45180246904112,187.00904083168825,0.7836906585417518,0.21630934145824812,0.9516379286443306,157.1936388091937,40.45180246904112,197.6454412782348,0.7953314672606325,0.20466853273936741,1.0057636652620228,-5.381556173396983,0.0,1.4895314093763792,0.0,2.2338827334586395,3.7234141428350185,0xB08885e6026bab4333A80024Ec25a1a3e1FF2b8A
2023-02-14,16623275.0,"['0x9559Aaa82d9649C7A7b220E7c461d2E74c9a3593', '0xC02aaA39b223FE8D0A0e5C4F27eAD9083C756Cc2']",['152562299629920290716' '39350590563053598966'],16618997.0,1000583602736127755,196.51280723761678,['196595576523396430397' '50000'],0.5,196595576523396430397,50000,196627492649604812676,3.191612620838228e+16,1.966115345865006e+20,1.0005023965118185,152.5622996299203,39.3505905630536,146.96400906879103,39.3505905630536,186.31459963184463,0.7887949165507702,0.2112050834492299,0.9481041070598477,158.36943867559108,39.3505905630536,197.72002923864468,0.8009782280804839,0.19902177191951612,1.0061432230193943,-5.768474570188287,0.060331065492020164,1.4914691186312916,0.0,2.3705475465247705,3.9223477306480823,0xB08885e6026bab4333A80024Ec25a1a3e1FF2b8A
2023-02-15,16630423.0,"['0x9559Aaa82d9649C7A7b220E7c461d2E74c9a3593', '0xC02aaA39b223FE8D0A0e5C4F27eAD9083C756Cc2']",['152562299629920290716' '39350590563053598966'],16618997.0,1000583602736127755,196.51280723761678,['196595576523396430397' '50000'],0.5,196595576523396430397,50000,196627492649604812676,3.191612620838228e+16,1.966115345865006e+20,1.0005023965118185,152.5622996299203,39.3505905630536,139.02713356033004,39.3505905630536,178.37772412338364,0.779397395294522,0.22060260470547796,0.9077155154966322,158.3783179463279,39.3505905630536,197.7289085093815,0.8009871654089136,0.1990128345910864,1.0061884072028662,-9.786724931564432,0.0,1.4767141415126896,0.0,3.981624175996474,5.458338317509163,0xB08885e6026bab4333A80024Ec25a1a3e1FF2b8A
2023-02-16,16637575.0,"['0x9559Aaa82d9649C7A7b220E7c461d2E74c9a3593', '0xC02aaA39b223FE8D0A0e5C4F27eAD9083C756Cc2']",['152562299629920290716' '39350590563053598966'],16618997.0,1000583602736127755,196.51280723761678,['196595576523396430397' '50000'],0.5,196595576523396430397,50000,196627492649604812676,3.191612620838228e+16,1.966115345865006e+20,1.0005023965118185,152.5622996299203,39.3505905630536,151.39535910227093,39.3505905630536,190.74594966532453,0.7937015667588401,0.2062984332411599,0.9706540369894612,158.39376549654185,39.3505905630536,197.74435605959545,0.801002712051138,0.19899728794886196,1.0062670155665199,-3.5391181491732477,0.0,1.4604337097346263,0.0,1.4254537752070542,2.8858874849416805,0xB08885e6026bab4333A80024Ec25a1a3e1FF2b8A
2023-02-17,16644733.0,"['0x9559Aaa82d9649C7A7b220E7c461d2E74c9a3593', '0xC02aaA39b223FE8D0A0e5C4F27eAD9083C756Cc2']",['154923732327894625242' '37040600734422267963'],16639908.0,1000807169901989685,196.51280723761678,['196595576523396430397' '50000'],0.5,196595576523396430397,50000,196671426460974498428,7.584993757806803e+16,1.9663350149218546e+20,1.0006141800947495,154.9237323278946,37.04060073442227,147.1737777411297,37.04060073442227,184.21437847555197,0.7989266579463117,0.20107334205368838,0.9374166552554818,160.87091761126112,37.04060073442227,197.9115183456834,0.8128426225818496,0.18715737741815044,1.007117658781269,-6.920840173742316,2.5930172277909787,1.4850347501002699,0.0,2.7596378431204696,6.837689821011718,0xB08885e6026bab4333A80024Ec25a1a3e1FF2b8A
2023-02-18,16651830.0,"['0x9559Aaa82d9649C7A7b220E7c461d2E74c9a3593', '0xC02aaA39b223FE8D0A0e5C4F27eAD9083C756Cc2']",['154923732327894625242' '37040600734422267963'],16639908.0,1000807169901989685,196.51280723761678,['196595576523396430397' '50000'],0.5,196595576523396430397,50000,196671426460974498428,7.584993757806803e+16,1.9663350149218546e+20,1.0006141800947495,154.9237323278946,37.04060073442227,143.8343642676699,37.04060073442227,180.87496500209218,0.7952143308832496,0.20478566911675047,0.9204232922253467,160.88867950951968,37.04060073442227,197.92928024394195,0.812859417824534,0.18714058217546606,1.0072080442299742,-8.616368038539228,0.0,1.5013683617964102,0.0,3.4013608413649568,4.902729203161367,0xB08885e6026bab4333A80024Ec25a1a3e1FF2b8A
2023-02-19,16658939.0,"['0x9559Aaa82d9649C7A7b220E7c461d2E74c9a3593', '0xC02aaA39b223FE8D0A0e5C4F27eAD9083C756Cc2']",['154923732327894625242' '37040600734422267963'],16639908.0,1000807169901989685,196.51280723761678,['196595576523396430397' '50000'],0.5,196595576523396430397,50000,196671426460974498428,7.584993757806803e+16,1.9663350149218546e+20,1.0006141800947495,154.9237323278946,37.04060073442227,136.65112533981522,37.04060073442227,173.6917260742375,0.7867451629872642,0.21325483701273582,0.8838697513705314,160.9029125360851,37.04060073442227,197.94351327050737,0.8128728740718923,0.1871271259281076,1.007280472214519,-12.251872665879008,0.0,1.5146379294333034,0.0,4.788132231050076,6.302770160483379,0xB08885e6026bab4333A80024Ec25a1a3e1FF2b8A
2023-02-20,16666056.0,"['0x9559Aaa82d9649C7A7b220E7c461d2E74c9a3593', '0xC02aaA39b223FE8D0A0e5C4F27eAD9083C756Cc2']",['154923732327894625242' '37040600734422267963'],16639908.0,1000807169901989685,196.51280723761678,['196595576523396430397' '50000'],0.5,196595576523396430397,50000,196671426460974498428,7.584993757806803e+16,1.9663350149218546e+20,1.0006141800947495,154.9237323278946,37.04060073442227,148.47561105556494,37.04060073442227,185.5162117899872,0.8003376611831967,0.19966233881680331,0.9440413294064195,160.92006593683345,37.04060073442227,197.96066667125572,0.8128890887403712,0.18711091125962873,1.0073677611856018,-6.286327021687837,0.0,1.5144742343157833,0.0,2.4321806298377737,3.9466548641535573,0xB08885e6026bab4333A80024Ec25a1a3e1FF2b8A
2023-02-21,16673185.0,"['0x9559Aaa82d9649C7A7b220E7c461d2E74c9a3593', '0xC02aaA39b223FE8D0A0e5C4F27eAD9083C756Cc2']",['227906051230959308559' '59292250891668581326'],16670442.0,1000830531597902152,294.18497717821106,['294420591781978199065' '50000'],0.5,294420591781978199065,50000,294429307097385688074,8715315407489009.0,2.9442494943968195e+20,1.0008157189526559,227.90605123095932,59.29225089166858,220.13333651783907,59.29225089166858,279.42558740950767,0.7878066520630632,0.2121933479369367,0.9498295599242566,236.74506818441986,59.29225089166858,296.03731907608847,0.7997135932837268,0.20028640671627315,1.0062965210380383,-5.611364039650429,5.870375103194865,1.48127797140731,0.0,2.1493270026121323,9.500980077214308,0xB08885e6026bab4333A80024Ec25a1a3e1FF2b8A
2023-02-22,16680300.0,"['0x9559Aaa82d9649C7A7b220E7c461d2E74c9a3593', '0xC02aaA39b223FE8D0A0e5C4F27eAD9083C756Cc2']",['236755341521016058557' '50677089243212436169'],16677828.0,1000906034708492152,294.18497717821106,['294420591781978199065' '50000'],0.5,294420591781978199065,50000,294451518978251491169,3.0927196273292104e+16,2.9443605538011483e+20,1.0008534705079508,236.75534152101605,50.677089243212436,226.9289475117341,50.677089243212436,277.60603675494656,0.8174496137202266,0.1825503862797733,0.943644503596724,245.95719265513978,50.677089243212436,296.63428189835224,0.8291597015729355,0.17084029842706436,1.008325730102314,-6.414715460948011,0.0,1.5251157511445301,0.0,2.4324652341744195,3.9575809853189496,0xB08885e6026bab4333A80024Ec25a1a3e1FF2b8A
2023-02-23,16687396.0,"['0x9559Aaa82d9649C7A7b220E7c461d2E74c9a3593', '0xC02aaA39b223FE8D0A0e5C4F27eAD9083C756Cc2']",['223640219287417889101' '63512507098375553009'],16683126.0,1000968424969267038,294.18497717821106,['294420591781978199065' '50000'],0.5,294420591781978199065,50000,294469873255693693644,4.928147371549458e+16,2.9444523251883593e+20,1.0008846656383381,223.6402192874179,63.51250709837555,223.8241796556096,63.51250709837555,287.3366867539852,0.7789613717069329,0.22103862829306697,0.9767211416099018,232.3538451330434,63.51250709837555,295.86635223141894,0.7853337947375045,0.2146662052624954,1.005715366805387,-2.8829454289422145,0.0,1.4315262919660825,0.0,1.082283060707852,2.5138093526739347,0xB08885e6026bab4333A80024Ec25a1a3e1FF2b8A
2023-02-24,16694514.0,"['0x9559Aaa82d9649C7A7b220E7c461d2E74c9a3593', '0xC02aaA39b223FE8D0A0e5C4F27eAD9083C756Cc2']",['467085667410651171144' '157080521596859317691'],16692563.0,1001065693684506083,639.5099374890281,['640141059165264459259' '50000'],0.5,640141059165264459259,50000,640191459190589006079,5.040002532454682e+16,6.401662591779267e+20,1.0010262884912713,467.0856674106512,157.0805215968593,463.4350442660945,157.0805215968593,620.5155658629538,0.74685482486099,0.25314517513900997,0.9702985512615273,485.34031082954766,157.0805215968593,642.420832426407,0.7554865694445646,0.24451343055543548,1.0045517587245136,-3.409800158677524,3.790389939347708,1.374275190938945,5.31723018586043,1.26726826874235,11.749163584889432,0xB08885e6026bab4333A80024Ec25a1a3e1FF2b8A
2023-02-25,16701599.0,"['0x9559Aaa82d9649C7A7b220E7c461d2E74c9a3593', '0xC02aaA39b223FE8D0A0e5C4F27eAD9083C756Cc2']",['867037130929921242332' '267236807416610396962'],16698094.0,1001063101941247829,1162.2283571944226,['1163463924417129354424' '50000'],0.5,1163463924417129354424,50000,1163463924417129353323,0.0,1.1634639244171293e+21,1.001063101941248,867.0371309299212,267.2368074166104,821.0851196175144,267.2368074166104,1088.3219270341247,0.7544505896845437,0.24554941031545635,0.9364097169865091,900.9902841043008,267.2368074166104,1168.2270915209112,0.7712458396520357,0.22875416034796422,1.0051614076436488,-6.8398657304512875,0.0,1.3990654974841432,12.87339060897297,2.5166475908549155,16.78910369731203,0xB08885e6026bab4333A80024Ec25a1a3e1FF2b8A
2023-02-26,16708711.0,"['0x9559Aaa82d9649C7A7b220E7c461d2E74c9a3593', '0xC02aaA39b223FE8D0A0e5C4F27eAD9083C756Cc2']",['867037130929921242332' '267236807416610396962'],16698094.0,1001063101941247829,1162.2283571944226,['1163463924417129354424' '50000'],0.5,1163463924417129354424,50000,1163463924417129353323,0.0,1.1634639244171293e+21,1.001063101941248,867.0371309299212,267.2368074166104,792.2727984798305,267.2368074166104,1059.509605896441,0.7477731151002601,0.25222688489973993,0.9116191317634504,901.0692454694561,267.2368074166104,1168.3060528860665,0.7712613002761944,0.22873869972380553,1.005229347274158,-9.312324174035192,0.0,1.394246779232083,20.723517427660717,3.3920957998595758,25.509860006752376,0xB08885e6026bab4333A80024Ec25a1a3e1FF2b8A
2023-02-27,16715830.0,"['0x9559Aaa82d9649C7A7b220E7c461d2E74c9a3593', '0xC02aaA39b223FE8D0A0e5C4F27eAD9083C756Cc2']",['872763518116339562756' '271295836389308439397'],16712968.0,1001139497757170115,1172.3399986938714,['1173675877493023809019' '50000'],0.5,1173675877493023809019,50000,1173675877493023808990,0.0,1.1736758774930238e+21,1.0011394977571701,872.7635181163396,271.2958363893084,778.7447942608914,271.2958363893084,1050.0406306501998,0.7416330106947212,0.25836698930527885,0.8956792669533344,907.0926374817619,271.2958363893084,1178.3884738710703,0.7697738543741125,0.23022614562588756,1.005159318272803,-10.891810813393393,1.4067643205634957,1.3787217049966451,29.64510875440883,3.9277632922005283,36.3583580721695,0xB08885e6026bab4333A80024Ec25a1a3e1FF2b8A
2023-02-28,16722963.0,"['0x9559Aaa82d9649C7A7b220E7c461d2E74c9a3593', '0xC02aaA39b223FE8D0A0e5C4F27eAD9083C756Cc2']",['942573249679466757973' '287597077782204956245'],16719687.0,1001173331687765242,1260.608369038719,['1262087480783974141607' '50000'],0.5,1262087480783974141607,50000,1262087480783974141174,0.0,1.2620874807839742e+21,1.0011733316877653,942.5732496794668,287.59707778220496,819.1720448577414,287.59707778220496,1106.7691226399463,0.7401471798416209,0.25985282015837907,0.8779642828199821,979.7564386774329,287.59707778220496,1267.3535164596378,0.7730727267119519,0.22692727328804807,1.0053507081077546,-12.670844538174745,0.0,1.3807076178789235,30.609056766851452,4.5236185352258875,36.513382919956264,0xB08885e6026bab4333A80024Ec25a1a3e1FF2b8A
2023-03-01,16730072.0,"['0x9559Aaa82d9649C7A7b220E7c461d2E74c9a3593', '0xC02aaA39b223FE8D0A0e5C4F27eAD9083C756Cc2']",['1057076353986206285796' '317576145869251193991'],16728777.0,1001219850186794989,1408.699059339174,['1410417461149846821996' '50000'],0.5,1410417461149846821996,50000,1410417461149846821505,0.0,1.4104174611498467e+21,1.0012198501867948,1057.0763539862062,317.5761458692512,881.5998867397387,317.5761458692512,1199.17603260899,0.735171369979505,0.26482863002049495,0.8512648778025932,1098.8650842576546,317.5761458692512,1416.4412301269058,0.7757929244683184,0.22420707553168162,1.0054959721428107,-15.338807773793059,0.31577159993815207,1.3801637199865924,41.32110908774872,5.42134707716607,48.43839148483953,0xB08885e6026bab4333A80024Ec25a1a3e1FF2b8A
2023-03-02,16737190.0,"['0x9559Aaa82d9649C7A7b220E7c461d2E74c9a3593', '0xC02aaA39b223FE8D0A0e5C4F27eAD9083C756Cc2']",['1256386328495637966879' '374784416715776868649'],16733471.0,1001244382932957413,1671.586301114061,['1673666394578132719365' '50000'],0.5,1673666394578132719365,50000,1673666394578132719253,0.0,1.6736663945781327e+21,1.0012443829329574,1256.386328495638,374.78441671577684,1030.3274067259063,374.78441671577684,1405.111823441683,0.7332707543533586,0.26672924564664136,0.8405858689468915,1306.1674004187755,374.78441671577684,1680.9518171345524,0.77704035719795,0.2229596428020501,1.0056027714598101,-16.409750171369108,0.0,1.378894811231219,34.03820608841902,5.741862269619687,41.158963169269924,0xB08885e6026bab4333A80024Ec25a1a3e1FF2b8A
2023-03-03,16744289.0,"['0x9559Aaa82d9649C7A7b220E7c461d2E74c9a3593', '0xC02aaA39b223FE8D0A0e5C4F27eAD9083C756Cc2']",['1256386328495637966879' '374784416715776868649'],16733471.0,1001244382932957413,1671.586301114061,['1673666394578132719365' '50000'],0.5,1673666394578132719365,50000,1673666394578132719253,0.0,1.6736663945781327e+21,1.0012443829329574,1256.386328495638,374.78441671577684,995.923140560007,374.78441671577684,1370.707557275784,0.7265759463231944,0.27342405367680545,0.8200040622265506,1306.285489980937,374.78441671577684,1681.0699066967138,0.7770560193702922,0.2229439806297078,1.0056734166679473,-18.46219173780755,0.0,1.3708750558589105,37.49208626513379,6.3954226868956345,45.25838400788834,0xB08885e6026bab4333A80024Ec25a1a3e1FF2b8A
2023-03-04,16751388.0,"['0x9559Aaa82d9649C7A7b220E7c461d2E74c9a3593', '0xC02aaA39b223FE8D0A0e5C4F27eAD9083C756Cc2']",['1264128873830894283355' '391183720118332063687'],16750358.0,1001381219314388669,1696.4866168641536,['1698797255687538918742' '50000'],0.5,1698797255687538918742,50000,1698829836945968189984,3.258125842927124e+16,1.6988135463167535e+21,1.0013716167457314,1264.1288738308942,391.1837201183321,977.7459354494903,391.1837201183321,1368.9296555678225,0.7142411821328599,0.28575881786714,0.8069203976970952,1314.4947322686835,391.1837201183321,1705.6784523870156,0.7706579926768207,0.2293420073231793,1.005418159761173,-19.74280652651321,3.276755862004834,1.361506529688064,35.05112149772819,6.770645577201197,46.46002946662229,0xB08885e6026bab4333A80024Ec25a1a3e1FF2b8A
2023-03-05,16758496.0,"['0x9559Aaa82d9649C7A7b220E7c461d2E74c9a3593', '0xC02aaA39b223FE8D0A0e5C4F27eAD9083C756Cc2']",['1270164121068948199571' '395151369018989393586'],16756450.0,1001412635487733496,1706.7563971401767,['1709098504747792548359' '50000'],0.5,1709098504747792548359,50000,1709167421795693022546,6.8917047900474184e+16,1.7091329632717428e+21,1.0013924460078476,1270.1641210689481,395.1513690189894,1101.5611843717475,395.1513690189894,1496.712553390737,0.7359871351891909,0.264012864810809,0.8769339056813339,1320.8768086838613,395.1513690189894,1716.0281777028508,0.7697290906097147,0.2302709093902852,1.0054323983072275,-12.780420925587546,0.0,1.3602587194220503,36.54469485886411,4.33911882261567,42.24407240090183,0xB08885e6026bab4333A80024Ec25a1a3e1FF2b8A
2023-03-06,16765616.0,"['0x9559Aaa82d9649C7A7b220E7c461d2E74c9a3593', '0xC02aaA39b223FE8D0A0e5C4F27eAD9083C756Cc2']",['1279365412411822033929' '410716199841776104753'],16764728.0,1001436315013510790,1732.2492608631735,['1734737316483694252420' '50000'],0.5,1734737316483694252420,50000,1734737316483694252075,0.0,1.7347373164836943e+21,1.0014363150135108,1279.365412411822,410.71619984177613,1068.5622851092496,410.71619984177613,1479.2784849510258,0.7223536987659401,0.2776463012340598,0.8539639868074799,1330.5555041746825,410.71619984177613,1741.2717040164587,0.7641285969935603,0.23587140300643972,1.005208513207152,-15.046084908007922,0.2500510707515744,1.3489411256555557,41.207968872791234,5.05725774644072,47.864218815639084,0xB08885e6026bab4333A80024Ec25a1a3e1FF2b8A
2023-03-07,16772728.0,"['0x9559Aaa82d9649C7A7b220E7c461d2E74c9a3593', '0xC02aaA39b223FE8D0A0e5C4F27eAD9083C756Cc2']",['1279365412411822033929' '410716199841776104753'],16764728.0,1001436315013510790,1732.2492608631735,['1734737316483694252420' '50000'],0.5,1734737316483694252420,50000,1734737316483694252075,0.0,1.7347373164836943e+21,1.0014363150135108,1279.365412411822,410.71619984177613,1287.3255850117348,410.71619984177613,1698.041784853511,0.7581236200985428,0.2418763799014571,0.9802525671203826,1330.6968743958387,410.71619984177613,1741.4130742376149,0.7641477453466424,0.23585225465335752,1.005290123991668,-2.490580209011684,0.0,1.3441687367302808,35.84160573602289,0.8287571863939215,38.014531659147096,0xB08885e6026bab4333A80024Ec25a1a3e1FF2b8A
2023-03-08,16779844.0,"['0x9559Aaa82d9649C7A7b220E7c461d2E74c9a3593', '0xC02aaA39b223FE8D0A0e5C4F27eAD9083C756Cc2']",['1519103681636199216535' '541885894104176718569'],16779680.0,1001561969028634535,2112.2963243184877,['2115522944005657170008' '50000'],0.5,2115522944005657170008,50000,2115595665756371550462,7.272175071438045e+16,2.1155593048810143e+21,1.0015447551202739,1519.1036816361993,541.8858941041767,1532.1288408383002,541.8858941041767,2074.014734942477,0.7387261117413392,0.2612738882586608,0.9818767902328468,1580.1989302589361,541.8858941041767,2122.0848243631126,0.7446445646833136,0.2553554353166864,1.0046340562789091,-2.2652294040631635,2.644449440944565,1.3079375830842224,29.474676244035486,0.746232500061191,34.17329576812546,0xB08885e6026bab4333A80024Ec25a1a3e1FF2b8A
2023-03-09,16786949.0,"['0x9559Aaa82d9649C7A7b220E7c461d2E74c9a3593', '0xC02aaA39b223FE8D0A0e5C4F27eAD9083C756Cc2']",['1593825598049768503305' '616231420754767088622'],16786918.0,1001598119145095898,2264.7915525086332,['2268398566036834230580' '50000'],0.5,2268398566036834230580,50000,2268410959248348619311,1.2393211514388732e+16,2.2684047626425915e+21,1.0015953830850155,1593.8255980497686,616.2314207547671,1597.822307534124,616.2314207547671,2214.0537282888913,0.7216727792640265,0.2783272207359734,0.9775971328736451,1658.0556960565434,616.2314207547671,2274.2871168113106,0.7290441403815534,0.2709558596184466,1.0041926879726126,-2.6484513796512363,0.567318124891026,1.277752406029119,26.937979391892092,0.8637522035846703,29.64680212639691,0xB08885e6026bab4333A80024Ec25a1a3e1FF2b8A
2023-03-10,16794062.0,"['0x9559Aaa82d9649C7A7b220E7c461d2E74c9a3593', '0xC02aaA39b223FE8D0A0e5C4F27eAD9083C756Cc2']",['1648098970269563543627' '561539990200869535791'],16793870.0,1001666324856295476,2264.7915525086332,['2268398566036834230580' '50000'],0.5,2268398566036834230580,50000,2268565430966906267035,1.6686493007203645e+17,2.2684819985018703e+21,1.0016294859406154,1648.0989702695636,561.5399902008695,1635.650331681251,561.5399902008695,2197.1903218821203,0.7444281523505654,0.25557184764943464,0.9701512350875588,1714.653344694468,561.5399902008695,2276.1933348953376,0.7532986405011638,0.2467013594988362,1.0050343628198697,-3.4708393088608127,0.0,1.3115052261566686,27.147949497586907,1.1206419242230858,29.580096647966663,0xB08885e6026bab4333A80024Ec25a1a3e1FF2b8A
2023-03-11,16801144.0,"['0x9559Aaa82d9649C7A7b220E7c461d2E74c9a3593', '0xC02aaA39b223FE8D0A0e5C4F27eAD9083C756Cc2']",['1661664151918063135241' '547940707226010547420'],16798520.0,1001715227038308580,2264.7915525086332,['2268398566036834230580' '50000'],0.5,2268398566036834230580,50000,2268676184215628784596,2.7761817879455402e+17,2.2685373751262314e+21,1.0016539370316218,1661.6641519180632,547.9407072260105,1657.037240978449,547.9407072260105,2204.9779482044596,0.7514983278303508,0.24850167216964927,0.9735897971546564,1728.9184498251564,547.9407072260105,2276.859157051167,0.7593436091428395,0.24065639085716045,1.0053283510922526,-3.157033610274035,0.0,1.3127926511442845,25.11161055102179,1.0091291661686017,27.433532368334678,0xB08885e6026bab4333A80024Ec25a1a3e1FF2b8A
2023-03-12,16808258.0,"['0x9559Aaa82d9649C7A7b220E7c461d2E74c9a3593', '0xC02aaA39b223FE8D0A0e5C4F27eAD9083C756Cc2']",['1664267672710310154205' '520621471005272754405'],16807549.0,1001714701854778390,2239.7224004583472,['2243558253851183024271' '50000'],0.5,2243558253851183024271,50000,2243562856612601870332,4602761418846061.0,2.2435605552318925e+21,1.0017136743253359,1664.26767271031,520.6214710052727,1491.4695856354388,520.6214710052727,2012.0910566407115,0.7412535236479423,0.2587464763520577,0.8983662690648394,1731.8191494519767,520.6214710052727,2252.4406204572497,0.7688633980950025,0.23113660190499744,1.0056784805100398,-10.670628190311476,0.8488332296466685,1.3279776827396124,27.17273353459033,3.376702000323974,32.72624644730058,0xB08885e6026bab4333A80024Ec25a1a3e1FF2b8A
2023-03-13,16815367.0,"['0x9559Aaa82d9649C7A7b220E7c461d2E74c9a3593', '0xC02aaA39b223FE8D0A0e5C4F27eAD9083C756Cc2']",['1659304868996396149112' '525585141005272754405'],16812882.0,1001759528783400872,2239.7224004583472,['2243558253851183024271' '50000'],0.5,2243558253851183024271,50000,2243663256488781390710,1.0500263759836643e+17,2.243610755169982e+21,1.001736087789647,1659.3048689963962,525.5851410052727,1667.287295006576,525.5851410052727,2192.8724360118485,0.7603211512106248,0.2396788487893752,0.9790822449974554,1726.822420547821,525.5851410052727,2252.4075615530937,0.7666562881529007,0.23334371184709932,1.0056637202414687,-2.643177307582576,0.0,1.3269368671469768,25.414558981774725,0.8280646390369447,27.569560487958647,0xB08885e6026bab4333A80024Ec25a1a3e1FF2b8A
2023-03-14,16822492.0,"['0x9559Aaa82d9649C7A7b220E7c461d2E74c9a3593', '0xC02aaA39b223FE8D0A0e5C4F27eAD9083C756Cc2']",['1645428024372527098325' '539493989825887751273'],16821036.0,1001839693382096321,2239.7224004583472,['2243558253851183024271' '50000'],0.5,2243558253851183024271,50000,2243842802936203341836,2.8454908502031757e+17,2.2437005283936932e+21,1.0017761700889949,1645.428024372527,539.4939898258878,1654.8638897887502,539.4939898258878,2194.357879614638,0.7541449392381561,0.24585506076184388,0.979745471655583,1712.5319883550176,539.4939898258878,2252.0259781809054,0.7604406010175473,0.23955939898245265,1.0054933494079625,-2.5607208409225133,0.14162709404417262,1.3188413307518458,25.086760639779634,0.7942100399404196,27.341439104516073,0xB08885e6026bab4333A80024Ec25a1a3e1FF2b8A
2023-03-15,16829610.0,"['0x9559Aaa82d9649C7A7b220E7c461d2E74c9a3593', '0xC02aaA39b223FE8D0A0e5C4F27eAD9083C756Cc2']",['1745495615982390097630' '608522494232231536232'],16829436.0,1001877901269941724,2412.9991008245165,['2417447661712959903687' '50000'],0.5,2417447661712959903687,50000,2417530474900323147981,8.281318736324429e+16,2.4174890683066415e+21,1.0018607414650882,1745.49561598239,608.5224942322316,1758.4317158656536,608.5224942322316,2366.954210097885,0.7429090551747234,0.2570909448252766,0.9809179826420582,1816.7830664474616,608.5224942322316,2425.3055606796934,0.7490945041738605,0.2509054958261394,1.0051000681479623,-2.405938102308852,1.7921083135759055,1.28927385498901,12.51756011046756,0.7387419839501506,16.337684262982624,0xB08885e6026bab4333A80024Ec25a1a3e1FF2b8A
2023-03-16,16836711.0,"['0x9559Aaa82d9649C7A7b220E7c461d2E74c9a3593', '0xC02aaA39b223FE8D0A0e5C4F27eAD9083C756Cc2']",['1765185569655122659708' '588741838354684118048'],16832006.0,1001881257038486425,2412.9991008245165,['2417447661712959903687' '50000'],0.5,2417447661712959903687,50000,2417538572366804086690,9.0910653844183e+16,2.417493117039882e+21,1.0018624193493606,1765.1855696551227,588.7418383546841,2044.7547797643706,588.7418383546841,2633.496618119055,0.7764410121873684,0.2235589878126315,1.0913790300291428,1837.277173728059,588.7418383546841,2426.0190120827433,0.7573218365468423,0.24267816345315768,1.0053957381309333,8.552183845343878,0.0,1.2715846357662846,14.856673079252621,-2.599683957955251,13.528573757063654,0xB08885e6026bab4333A80024Ec25a1a3e1FF2b8A
2023-03-17,16843830.0,"['0x9559Aaa82d9649C7A7b220E7c461d2E74c9a3593', '0xC02aaA39b223FE8D0A0e5C4F27eAD9083C756Cc2']",['1740576556387791578927' '574292025826308588550'],16843647.0,1001871529351871814,2372.9991008245165,['2377432169455774505657' '50000'],0.5,2377432169455774505657,50000,2377440238293675055102,8068837900549445.0,2.3774362038747246e+21,1.0018698292168196,1740.5765563877915,574.2920258263086,2139.138591440785,574.2920258263086,2713.430617267094,0.7883520506580254,0.21164794934197456,1.1434604489838585,1811.6631084868209,574.2920258263086,2385.9551343131297,0.7593030910065136,0.24069690899348625,1.005459771764815,13.725131635731206,0.0,1.2241994311433766,14.38642534251776,-4.1304297390805,11.480195034580635,0xB08885e6026bab4333A80024Ec25a1a3e1FF2b8A
2023-03-18,16850946.0,"['0x9559Aaa82d9649C7A7b220E7c461d2E74c9a3593', '0xC02aaA39b223FE8D0A0e5C4F27eAD9083C756Cc2']",['1733261436892496023238' '580655304756711060147'],16848404.0,1001871878664313436,2371.9991008245165,['2376439195333120619078' '50000'],0.5,2376439195333120619078,50000,2376439195333120617488,0.0,2.3764391953331205e+21,1.0018718786643135,1733.261436892496,580.6553047567111,2223.9069641759593,580.6553047567111,2804.56226893267,0.7929604519076375,0.20703954809236258,1.1823622816542354,1804.0492336042919,580.6553047567111,2384.704538361003,0.7565084917581476,0.24349150824185245,1.0053564259497696,17.606278841580657,0.0,1.158709101046762,13.311457263997053,-5.245434772892437,9.224731592151379,0xB08885e6026bab4333A80024Ec25a1a3e1FF2b8A
2023-03-19,16858067.0,"['0x9559Aaa82d9649C7A7b220E7c461d2E74c9a3593', '0xC02aaA39b223FE8D0A0e5C4F27eAD9083C756Cc2']",['1733261436892496023238' '580655344756711060147'],16854131.0,1001871878669538818,2371.999141695493,['2376439236292997445590' '50000'],0.5,2376439236292997445590,50000,2376439236292997444724,0.0,2.3764392362929973e+21,1.0018718786695386,1733.261436892496,580.6553447567111,2275.7750629225907,580.6553447567111,2856.430407679302,0.7967199399657481,0.2032800600342519,1.2042291067768007,1804.0492336042919,580.6553447567111,2384.704578361003,0.7565084790688024,0.2434915209311977,1.005356425490284,19.781311010125794,0.0,1.1007736275305242,12.911536074029582,-5.834507210975888,8.177802490584218,0xB08885e6026bab4333A80024Ec25a1a3e1FF2b8A
2023-03-20,16865181.0,"['0x9559Aaa82d9649C7A7b220E7c461d2E74c9a3593', '0xC02aaA39b223FE8D0A0e5C4F27eAD9083C756Cc2']",['1863247625135079304832' '594734413380867808990'],16861299.0,1001879890920616355,2519.7153807563877,['2524446388561000001554' '50000'],0.5,2524446388561000001554,50000,2524452170823209003270,5782262209001716.0,2.5244492796921045e+21,1.001878743516776,1863.2476251350793,594.7344133808679,2489.393790712504,594.7344133808679,3084.128204093372,0.8071628758520759,0.19283712414792412,1.2239986419289763,1939.3441627400864,594.7344133808679,2534.0785761209545,0.7653054569873445,0.23469454301265538,1.0057003245184999,21.706099927430305,0.0,1.057895163103963,11.643385507914264,-6.338202383001235,6.363078288016991,0xB08885e6026bab4333A80024Ec25a1a3e1FF2b8A
2023-03-21,16872313.0,"['0x9559Aaa82d9649C7A7b220E7c461d2E74c9a3593', '0xC02aaA39b223FE8D0A0e5C4F27eAD9083C756Cc2']",['1863247625135079304832' '594734413380867808990'],16861299.0,1001879890920616355,2519.7153807563877,['2524446388561000001554' '50000'],0.5,2524446388561000001554,50000,2524452170823209003270,5782262209001716.0,2.5244492796921045e+21,1.001878743516776,1863.2476251350793,594.7344133808679,1870.5844750476963,594.7344133808679,2465.318888428564,0.7587596411270099,0.2412403588729901,0.978411652068618,1939.3441627400864,594.7344133808679,2534.0785761209545,0.7653054569873445,0.23469454301265538,1.0057003245184999,-2.7133999845278853,0.0,1.0050004049487646,14.074898247033612,0.7843922916789968,15.864290943661373,0xB08885e6026bab4333A80024Ec25a1a3e1FF2b8A
2023-03-22,16879428.0,"['0x9559Aaa82d9649C7A7b220E7c461d2E74c9a3593', '0xC02aaA39b223FE8D0A0e5C4F27eAD9083C756Cc2']",['1879011629893052114947' '578981531564063664297'],16874144.0,1001882460179379183,2519.7153807563877,['2524446388561000001554' '50000'],0.5,2524446388561000001554,50000,2524458644624030844110,1.2256063030842556e+16,2.5244525165925153e+21,1.0018800281461573,1879.011629893052,578.9815315640636,1876.1726791775986,578.9815315640636,2455.154210741662,0.7641771221412758,0.2358228778587243,0.9743775941886956,1955.7519821819951,578.9815315640636,2534.7335137460586,0.7715809064644463,0.2284190935355537,1.0059602497585114,-3.139553036752439,0.0,0.9625792689040112,14.20075681330194,0.898509177870713,16.061845260076666,0xB08885e6026bab4333A80024Ec25a1a3e1FF2b8A
2023-03-23,16886553.0,"['0x9559Aaa82d9649C7A7b220E7c461d2E74c9a3593', '0xC02aaA39b223FE8D0A0e5C4F27eAD9083C756Cc2']",['1893951689726474202716' '564091718139605726633'],16885788.0,1001886463495171922,2519.7153807563877,['2524446388561000001554' '50000'],0.5,2524446388561000001554,50000,2524468731840407833519,2.2343279407831964e+16,2.524457560200704e+21,1.0018820298040538,1893.9516897264741,564.0917181396057,1987.6279961448558,564.0917181396057,2551.7197142844616,0.7789366461442317,0.22106335385576822,1.0127015669200172,1971.3022061232891,564.0917181396057,2535.393924262895,0.7775131853313083,0.22248681466869175,1.0062223470262743,0.6439153247680465,0.0,0.9214810318238865,11.745404257884555,-0.18243940588989482,12.484445883818546,0xB08885e6026bab4333A80024Ec25a1a3e1FF2b8A
2023-03-24,16893657.0,"['0x9559Aaa82d9649C7A7b220E7c461d2E74c9a3593', '0xC02aaA39b223FE8D0A0e5C4F27eAD9083C756Cc2']",['1873199618041657438843' '584795625562936137567'],16892512.0,1001885767657822675,2519.7155177049844,['2524463673551388983998' '50000'],0.5,2524463673551388983998,50000,2524467115735186534687,3442183797550689.0,2.5244653946432877e+21,1.0018850846077376,1873.1996180416575,584.7956255629362,1829.8312261064304,584.7956255629362,2414.6268516693667,0.7578111809869776,0.24218881901302233,0.9582934401533809,1949.7026030733211,584.7956255629362,2534.4982286362574,0.7692657193618958,0.2307342806381042,1.005866817435302,-4.729590086610156,0.0,0.8661211064815239,12.107692153053852,1.326626245083662,14.300439504619039,0xB08885e6026bab4333A80024Ec25a1a3e1FF2b8A
2023-03-25,16900778.0,"['0x9559Aaa82d9649C7A7b220E7c461d2E74c9a3593', '0xC02aaA39b223FE8D0A0e5C4F27eAD9083C756Cc2']",['1855208256036622451371' '602835620920565700064'],16898382.0,1001900047706773375,2519.716030341677,['2524465908404443792964' '50000'],0.5,2524465908404443792964,50000,2524503611006847890280,3.770260240409731e+16,2.5244847597056463e+21,1.0018925661886282,1855.2082560366225,602.8356209205657,1879.8022641598343,602.8356209205657,2482.6378850804,0.7571793999667241,0.24282060003327588,0.9852847920897462,1930.9764593157631,602.8356209205657,2533.8120802363287,0.7620835319151453,0.23791646808485467,1.0055943009946007,-2.019652347349923,0.0,0.8151329046862356,12.59297580279248,0.5608373079411998,13.968946015419915,0xB08885e6026bab4333A80024Ec25a1a3e1FF2b8A
2023-03-26,16907900.0,"['0x9559Aaa82d9649C7A7b220E7c461d2E74c9a3593', '0xC02aaA39b223FE8D0A0e5C4F27eAD9083C756Cc2']",['1711602283735269138002' '551295689402163033618'],16906113.0,1001892892251791165,2319.697082504684,['2324088019138659736057' '50000'],0.5,2324088019138659736057,50000,2324088019138659734375,0.0,2.3240880191386597e+21,1.0018928922517911,1711.602283735269,551.295689402163,1699.9058468616654,551.295689402163,2251.2015362638285,0.7551104685557773,0.24488953144422257,0.9704722022726787,1781.5055031421016,551.295689402163,2332.8011925442647,0.7636765228155197,0.23632347718448032,1.005649060878859,-3.497925864459966,0.0,0.7759949459647693,14.0256385851394,0.9616257245946253,15.763259255698795,0xB08885e6026bab4333A80024Ec25a1a3e1FF2b8A
2023-03-27,16915022.0,"['0x9559Aaa82d9649C7A7b220E7c461d2E74c9a3593', '0xC02aaA39b223FE8D0A0e5C4F27eAD9083C756Cc2']",['1711602283735269138002' '551295789402163033618'],16910797.0,1001892892265300853,2319.697184870084,['2324088121729164887796' '50000'],0.5,2324088121729164887796,50000,2324088121729164885613,0.0,2.3240881217291648e+21,1.0018928922653008,1711.602283735269,551.295789402163,1726.1605921590012,551.295789402163,2277.456381561164,0.7579335464487547,0.24206645355124543,0.9817903804063608,1781.5055031421016,551.295789402163,2332.8012925442645,0.7636764900790614,0.23632350992093865,1.0056490596098706,-2.372465720075898,0.0,0.7371951670652452,14.641220915319614,0.6456997415012883,16.02411582388615,0xB08885e6026bab4333A80024Ec25a1a3e1FF2b8A
2023-03-28,16922137.0,"['0x9559Aaa82d9649C7A7b220E7c461d2E74c9a3593', '0xC02aaA39b223FE8D0A0e5C4F27eAD9083C756Cc2']",['1711602283735269138002' '551295789402163033618'],16910797.0,1001892892265300853,2319.697184870084,['2324088121729164887796' '50000'],0.5,2324088121729164887796,50000,2324088121729164885613,0.0,2.3240881217291648e+21,1.0018928922653008,1711.602283735269,551.295789402163,1689.3210913973794,551.295789402163,2240.6168807995423,0.753953567820377,0.246046432179623,0.9659092123806794,1781.5055031421016,551.295789402163,2332.8012925442645,0.7636764900790614,0.23632350992093865,1.0056490596098706,-3.9516615512580313,0.0,0.700335408711983,15.638277215714592,1.0647449833945715,17.403357607821146,0xB08885e6026bab4333A80024Ec25a1a3e1FF2b8A
2023-03-29,16929248.0,"['0x9559Aaa82d9649C7A7b220E7c461d2E74c9a3593', '0xC02aaA39b223FE8D0A0e5C4F27eAD9083C756Cc2']",['1575416604886407977241' '463873122256259029172'],16924183.0,1001899369415214763,2090.409864785937,['2094366785450298614945' '50000'],0.5,2094366785450298614945,50000,2094380325348374345737,1.3539898075730792e+16,2.0943735553993364e+21,1.0018961308402579,1575.4166048864079,463.873122256259,1537.8886172724706,463.873122256259,2001.7617395287295,0.7682675649673134,0.2317324350326866,0.9575929454072467,1639.7578911975068,463.873122256259,2103.6310134537657,0.779489311913753,0.22051068808624702,1.006324668138314,-4.842544784400473,0.0,0.6790948448599791,18.368421895684804,1.2917387906786624,20.339255531223444,0xB08885e6026bab4333A80024Ec25a1a3e1FF2b8A
2023-03-30,16936361.0,"['0x9559Aaa82d9649C7A7b220E7c461d2E74c9a3593', '0xC02aaA39b223FE8D0A0e5C4F27eAD9083C756Cc2']",['1575416604886407977241' '463873122256259029172'],16924183.0,1001899369415214763,2090.409864785937,['2094366785450298614945' '50000'],0.5,2094366785450298614945,50000,2094380325348374345737,1.3539898075730792e+16,2.0943735553993364e+21,1.0018961308402579,1575.4166048864079,463.873122256259,1522.2169268278826,463.873122256259,1986.0900490841416,0.7664390280439863,0.2335609719560137,0.9500959991343717,1639.7578911975068,463.873122256259,2103.6310134537657,0.779489311913753,0.22051068808624702,1.006324668138314,-5.5875276423427565,0.0,0.6451401026169801,18.391352110436593,1.4755568106722246,20.512049023725798,0xB08885e6026bab4333A80024Ec25a1a3e1FF2b8A
2023-03-31,16943479.0,"['0x9559Aaa82d9649C7A7b220E7c461d2E74c9a3593', '0xC02aaA39b223FE8D0A0e5C4F27eAD9083C756Cc2']",['1575416604886407977241' '463873122256259029172'],16924183.0,1001899369415214763,2090.409864785937,['2094366785450298614945' '50000'],0.5,2094366785450298614945,50000,2094380325348374345737,1.3539898075730792e+16,2.0943735553993364e+21,1.0018961308402579,1575.4166048864079,463.873122256259,1579.9902926938325,463.873122256259,2043.8634149500915,0.7730410364688748,0.2269589635311253,0.9777333380310029,1642.4454091179125,463.873122256259,2106.3185313741715,0.7797706684213493,0.2202293315786507,1.007610309756103,-2.9651316025470242,0.0,1.001836191998665,17.454971106298068,0.7752029531892998,19.23201025148603,0xB08885e6026bab4333A80024Ec25a1a3e1FF2b8A
2023-04-01,16950603.0,"['0x9559Aaa82d9649C7A7b220E7c461d2E74c9a3593', '0xC02aaA39b223FE8D0A0e5C4F27eAD9083C756Cc2']",['1574121096958842630613' '475873122256259029172'],16946826.0,1002531548807015823,2102.7362006734447,['2108059379993728560798' '50000'],0.5,2108059379993728560798,50000,2108059379993728560274,0.0,2.1080593799937285e+21,1.002531548807016,1574.1210969588426,475.873122256259,1569.1948553186085,475.873122256259,2045.0679775748674,0.7673069416398713,0.2326930583601287,0.9725746752825638,1641.0947815813577,475.873122256259,2116.9679038376166,0.775210043858671,0.224789956141329,1.0067681828845738,-3.396363550548389,21.816226266506707,1.3326362480308303,17.278965415544683,0.8790646397298877,41.306892569812106,0xB08885e6026bab4333A80024Ec25a1a3e1FF2b8A
2023-04-02,16957717.0,"['0x9559Aaa82d9649C7A7b220E7c461d2E74c9a3593', '0xC02aaA39b223FE8D0A0e5C4F27eAD9083C756Cc2']",['1574121096958842630613' '475853293842612141844'],16950661.0,1002531551817932215,2102.715834879196,['2108038968973579374363' '50000'],0.5,2108038968973579374363,50000,2108038968973579373092,0.0,2.1080389689735793e+21,1.002531551817932,1574.1210969588426,475.8532938426121,1570.093234355635,475.8532938426121,2045.9465281982473,0.76741655400854,0.23258344599146,0.9730019122226232,1641.0947815813577,475.8532938426121,2116.94807542397,0.775217304870687,0.224782695129313,1.0067685040026304,-3.3539579005263516,0.0,1.6524782218495009,17.06833676372541,0.8594080969598057,19.580223082534715,0xB08885e6026bab4333A80024Ec25a1a3e1FF2b8A
2023-04-03,16964816.0,"['0x9559Aaa82d9649C7A7b220E7c461d2E74c9a3593', '0xC02aaA39b223FE8D0A0e5C4F27eAD9083C756Cc2']",['1574121096958842630613' '475853293842612141844'],16950661.0,1002531551817932215,2102.715834879196,['2108038968973579374363' '50000'],0.5,2108038968973579374363,50000,2108038968973579373092,0.0,2.1080389689735793e+21,1.002531551817932,1574.1210969588426,475.8532938426121,1548.221466622578,475.8532938426121,2024.0747604651901,0.7649033014307992,0.2350966985692008,0.9626002367464342,1641.0947815813577,475.8532938426121,2116.94807542397,0.775217304870687,0.224782695129313,1.0067685040026304,-4.387132402393943,0.0,1.5698543107570258,17.3351676104824,1.1129041713301708,20.0179260925696,0xB08885e6026bab4333A80024Ec25a1a3e1FF2b8A
2023-04-04,16971894.0,"['0x9559Aaa82d9649C7A7b220E7c461d2E74c9a3593', '0xC02aaA39b223FE8D0A0e5C4F27eAD9083C756Cc2']",['1574121096958842630613' '475853293842612141844'],16950661.0,1002531551817932215,2102.715834879196,['2108038968973579374363' '50000'],0.5,2108038968973579374363,50000,2108038968973579373092,0.0,2.1080389689735793e+21,1.002531551817932,1574.1210969588426,475.8532938426121,1572.5829585171,475.8532938426121,2048.436252359712,0.7676992421441238,0.23230075785587628,0.9741859638762828,1641.7368098303828,475.8532938426121,2117.5901036729947,0.7752854563226204,0.22471454367737967,1.0070738368670977,-3.2656863664660114,0.0,1.5837485152771422,14.180678742870207,0.8201375499261887,16.584564808073537,0xB08885e6026bab4333A80024Ec25a1a3e1FF2b8A
2023-04-05,16978915.0,"['0x9559Aaa82d9649C7A7b220E7c461d2E74c9a3593', '0xC02aaA39b223FE8D0A0e5C4F27eAD9083C756Cc2']",['1575651415088426611975' '476384774088253698565'],16975879.0,1002682092010907458,2105.1467298731754,['2110792927099156080482' '50000'],0.5,2110792927099156080482,50000,2110792927099156079087,0.0,2.1107929270991562e+21,1.0026820920109074,1575.6514150884266,476.3847740882537,1581.044755663752,476.3847740882537,2057.4295297520057,0.7684563348589271,0.23154366514107302,0.9773330763865355,1643.3328621347084,476.3847740882537,2119.717636222962,0.7752602677132487,0.2247397322867513,1.0069215633015112,-2.938509611211463,3.8840769878405332,1.5967650202099055,19.068309855955597,0.7305913625825894,25.279743226588625,0xB08885e6026bab4333A80024Ec25a1a3e1FF2b8A
2023-04-06,16985957.0,"['0x9559Aaa82d9649C7A7b220E7c461d2E74c9a3593', '0xC02aaA39b223FE8D0A0e5C4F27eAD9083C756Cc2']",['1421113122253163603485' '472330981150945037412'],16985626.0,1002699823875066368,1942.338526940554,['1947582498869049243427' '50000'],0.5,1947582498869049243427,50000,1947582498869049243310,0.0,1.9475824988690493e+21,1.0026998238750664,1421.1131222531635,472.33098115094504,1435.5031308943292,472.33098115094504,1907.8341120452742,0.7524255499108424,0.2475744500891576,0.9822356327608716,1482.1564416127032,472.33098115094504,1954.4874227636483,0.7583351135188845,0.24166488648111548,1.0062547777612332,-2.3869844428267597,0.0,1.57404865439606,20.15551919124529,0.5875329138947386,22.317100759536086,0xB08885e6026bab4333A80024Ec25a1a3e1FF2b8A
2023-04-07,16992952.0,"['0x9559Aaa82d9649C7A7b220E7c461d2E74c9a3593', '0xC02aaA39b223FE8D0A0e5C4F27eAD9083C756Cc2']",['1385648606521107696356' '508104204556818015621'],16992221.0,1002707347019857507,1942.338526940554,['1947582498869049243427' '50000'],0.5,1947582498869049243427,50000,1947597111363020824736,1.4612493971581308e+16,1.947589805116035e+21,1.002703585447462,1385.6486065211077,508.104204556818,1400.3851736013073,508.104204556818,1908.4893781581254,0.7337662916168874,0.26623370838311244,0.9825729921365739,1445.1685624510487,508.104204556818,1953.2727670078666,0.7398703278215666,0.26012967217843347,1.0056294203691338,-2.2927360482449557,0.0,1.4589358708507196,20.180204258489482,0.5586912458991206,22.19783137523932,0xB08885e6026bab4333A80024Ec25a1a3e1FF2b8A
2023-04-08,17000010.0,"['0x9559Aaa82d9649C7A7b220E7c461d2E74c9a3593', '0xC02aaA39b223FE8D0A0e5C4F27eAD9083C756Cc2']",['1395839656738238770747' '497831493336000239385'],16996554.0,1002719607821239024,1942.338526940554,['1947582498869049243427' '50000'],0.5,1947582498869049243427,50000,1947620925989915311174,3.842712086606774e+16,1.947601712429482e+21,1.0027097158481526,1395.8396567382388,497.8314933360002,1419.0092755992412,497.8314933360002,1916.8407689352414,0.7402854209885501,0.25971457901144995,0.9868726498230589,1455.7973649647931,497.8314933360002,1953.6288583007934,0.7451760137444945,0.25482398625550545,1.0058127515897155,-1.8830643911325688,0.0,1.3959281469806455,19.733050049968444,0.4542743050075419,21.58325250195663,0xB08885e6026bab4333A80024Ec25a1a3e1FF2b8A
2023-04-09,17007072.0,"['0x9559Aaa82d9649C7A7b220E7c461d2E74c9a3593', '0xC02aaA39b223FE8D0A0e5C4F27eAD9083C756Cc2']",['1673379825470715085093' '713771067179876393715'],17006956.0,1002956979634159475,2447.573646241387,['2454811071666428313812' '50000'],0.5,2454811071666428313812,50000,2454811071666428313097,0.0,2.4548110716664283e+21,1.0029569796341595,1673.379825470715,713.7710671798764,1704.3723889166263,713.7710671798764,2418.1434560965026,0.7048268309391024,0.2951731690608977,0.9879757693133856,1746.1641265385435,713.7710671798764,2459.93519371842,0.7098415157429634,0.29015848425703655,1.0050505313684905,-1.6988958785839068,7.625532955844577,1.3752057889861933,15.494631343120872,0.4057466652104803,24.90111675316212,0xB08885e6026bab4333A80024Ec25a1a3e1FF2b8A
2023-04-10,17014117.0,"['0x9559Aaa82d9649C7A7b220E7c461d2E74c9a3593', '0xC02aaA39b223FE8D0A0e5C4F27eAD9083C756Cc2']",['1695069792801292782214' '681483312008071011199'],17013234.0,1002998506165578307,2437.301772335136,['2444610036726857497026' '50000'],0.5,2444610036726857497026,50000,2444610036726857496570,0.0,2.4446100367268575e+21,1.0029985061655784,1695.0697928012928,681.483312008071,1715.002803371937,681.483312008071,2396.486115380008,0.7156322719190847,0.28436772808091526,0.9832537532207088,1768.977047421135,681.483312008071,2450.460359429206,0.7218958024006512,0.27810419759934873,1.0053988337609352,-2.2026164937338715,0.0464617772199023,1.4647878850951583,15.815808645981027,0.5207895700099647,17.84784787830605,0xB08885e6026bab4333A80024Ec25a1a3e1FF2b8A
2023-04-11,17021181.0,"['0x9559Aaa82d9649C7A7b220E7c461d2E74c9a3593', '0xC02aaA39b223FE8D0A0e5C4F27eAD9083C756Cc2']",['1680550426193369185291' '696183441278081011199'],17020903.0,1003028651284543004,2437.301903294742,['2444683640834974662565' '50000'],0.5,2444683640834974662565,50000,2444683640834974660620,0.0,2.444683640834975e+21,1.003028651284543,1680.5504261933693,696.183441278081,1711.9434489708904,696.183441278081,2408.1268902489714,0.7109025092917325,0.28909749070826746,0.9880297910544723,1753.966572206952,696.183441278081,2450.150013485033,0.7158608911917818,0.28413910880821813,1.005271447978161,-1.715124502776418,0.0,1.5325688458644708,14.834546862055008,0.40147105286236323,16.76858676078184,0xB08885e6026bab4333A80024Ec25a1a3e1FF2b8A
2023-04-12,17028242.0,"['0x9559Aaa82d9649C7A7b220E7c461d2E74c9a3593', '0xC02aaA39b223FE8D0A0e5C4F27eAD9083C756Cc2']",['1680466604066937318601' '696183549210081011199'],17027608.0,1003064210006358118,2437.302012571853,['2444770417787292493917' '50000'],0.5,2444770417787292493917,50000,2444770417787292492326,0.0,2.4447704177872926e+21,1.0030642100063583,1680.4666040669374,696.183549210081,1713.8998481748658,696.183549210081,2410.0833973849467,0.7111371540231874,0.28886284597681255,0.9888324815527538,1754.054062156656,696.183549210081,2450.237611366737,0.7158710053341516,0.2841289946658485,1.005307343418321,-1.6387885728107965,0.0,1.5174158660030603,8.699393498188725,0.379766548115495,10.59657591230728,0xB08885e6026bab4333A80024Ec25a1a3e1FF2b8A
2023-04-13,17035258.0,"['0x9559Aaa82d9649C7A7b220E7c461d2E74c9a3593', '0xC02aaA39b223FE8D0A0e5C4F27eAD9083C756Cc2']",['1631546880120671466207' '746229599406711313894'],17035128.0,1003159641946089513,2437.3021206230733,['2444869747364183113004' '50000'],0.5,2444869747364183113004,50000,2445003122638686682265,1.3337527450356926e+17,2.4449364350014346e+21,1.0031322806942005,1631.5468801206714,746.2295994067113,1669.9136188997252,746.2295994067113,2416.143218306436,0.6911484411384475,0.3088515588615525,0.9913187199331579,1703.0757415209964,746.2295994067113,2449.3053409277077,0.6953301056682191,0.3046698943317809,1.0049247978751055,-1.3539399137843313,1.0282048021591874,1.4487852862666275,11.415934343184986,0.3106192494779464,14.203543681088748,0xB08885e6026bab4333A80024Ec25a1a3e1FF2b8A
2023-04-14,17041766.0,"['0x9559Aaa82d9649C7A7b220E7c461d2E74c9a3593', '0xC02aaA39b223FE8D0A0e5C4F27eAD9083C756Cc2']",['1623980008543555773570' '789934019419660117353'],17038776.0,1003146455374500024,2473.637231698655,['2481402621157847107483' '50000'],0.5,2481402621157847107483,50000,2481420420860896431925,1.7799703049324442e+16,2.4814115210093716e+21,1.0031428574938526,1623.9800085435559,789.9340194196601,1675.4643023105698,789.9340194196601,2465.39832173023,0.679591726636173,0.32040827336382716,0.9966693135667402,1695.544806429842,789.9340194196601,2485.4788258495023,0.6821803464168834,0.31781965358311653,1.0047871183369583,-0.8079129023523014,0.0,1.426215865431915,10.765770942767892,0.18349689218045703,12.375483700380265,0xB08885e6026bab4333A80024Ec25a1a3e1FF2b8A
2023-04-15,17048772.0,"['0x9559Aaa82d9649C7A7b220E7c461d2E74c9a3593', '0xC02aaA39b223FE8D0A0e5C4F27eAD9083C756Cc2']",['1542659842782250438166' '873545319264261188824'],17045520.0,1003366014400089542,2473.637231698655,['2481402621157847107483' '50000'],0.5,2481402621157847107483,50000,2481963530241150141349,5.6090908330303386e+17,2.481683075699499e+21,1.0032526370066475,1542.6598427822505,873.5453192642611,1588.5175996269797,873.5453192642611,2462.0629188912408,0.6451978084875056,0.3548021915124945,0.9953209336198963,1610.8136884848532,873.5453192642611,2484.3590077491144,0.648382010595275,0.35161798940472494,1.0043344173159525,-0.8974584103315375,2.6330204355613027,1.3613779565323105,10.599430154476869,0.20179653077800014,14.795625077348483,0xB08885e6026bab4333A80024Ec25a1a3e1FF2b8A
2023-04-16,17055792.0,"['0x9559Aaa82d9649C7A7b220E7c461d2E74c9a3593', '0xC02aaA39b223FE8D0A0e5C4F27eAD9083C756Cc2']",['1549200179808214263772' '867216658040006183375'],17055392.0,1003630076762606420,2473.637231698655,['2481402621157847107483' '50000'],0.5,2481402621157847107483,50000,2482616724732562198083,1.2141035747150907e+18,2.4820096729452045e+21,1.0033846681879057,1549.2001798082142,867.2166580400062,1599.4677565538166,867.2166580400062,2466.684414593823,0.6484282087691356,0.3515717912308643,0.9971892333217925,1617.838939707525,867.2166580400062,2485.0555977475315,0.6510272611904311,0.3489727388095688,1.004616022876174,-0.7392664844344095,3.4167538253277083,1.3867602031080537,10.466194283022958,0.16456428070684595,15.434272592165566,0xB08885e6026bab4333A80024Ec25a1a3e1FF2b8A
2023-04-17,17062834.0,"['0x9559Aaa82d9649C7A7b220E7c461d2E74c9a3593', '0xC02aaA39b223FE8D0A0e5C4F27eAD9083C756Cc2']",['1551407059664381382810' '964766528410290228649'],17062612.0,1003499881064775557,2574.3668305126425,['2583252208048525966744' '50000'],0.5,2583252208048525966744,50000,2583376808236540215142,1.246001880142484e+17,2.583314508142533e+21,1.003475680902907,1551.4070596643814,964.7665284102902,1589.4766462820019,964.7665284102902,2554.243174692292,0.6222886928036854,0.3777113071963146,0.9921830659167004,1620.3487830438287,964.7665284102902,2585.115311454119,0.6267994220081378,0.3732005779918623,1.004175193998804,-1.194226680142218,1.9746804045927824,1.3360778747301605,10.086366557223128,0.2631822058336638,13.660307042379735,0xB08885e6026bab4333A80024Ec25a1a3e1FF2b8A
2023-04-18,17069899.0,"['0x9559Aaa82d9649C7A7b220E7c461d2E74c9a3593', '0xC02aaA39b223FE8D0A0e5C4F27eAD9083C756Cc2']",['1703807834662594884439' '808333295695436380521'],17069508.0,1003697425267075920,2574.3668305126425,['2583252208048525966744' '50000'],0.5,2583252208048525966744,50000,2583885359478502348949,6.331514299763822e+17,2.5835687837635146e+21,1.0035744530040576,1703.8078346625948,808.3332956954364,1732.236161207908,808.3332956954364,2540.5694569033444,0.6818298773532845,0.31817012264671546,0.9868715782037294,1779.6927005036846,808.3332956954364,2588.025996199121,0.6876641514101531,0.3123358485898469,1.0053058350210946,-1.8336963912060058,2.1282648684405086,1.4644297634308283,10.070876812189574,0.40006667611819063,14.063638120179103,0xB08885e6026bab4333A80024Ec25a1a3e1FF2b8A
2023-04-19,17076967.0,"['0x9559Aaa82d9649C7A7b220E7c461d2E74c9a3593', '0xC02aaA39b223FE8D0A0e5C4F27eAD9083C756Cc2']",['1785627552931547084094' '724890478769638678627'],17074083.0,1003787432078146673,2574.3668305126425,['2583252208048525966744' '50000'],0.5,2583252208048525966744,50000,2584117070027443113595,8.648619789171469e+17,2.5836846390379843e+21,1.0036194564095926,1785.6275529315471,724.8904787696387,1809.222897383542,724.8904787696387,2534.1133761531805,0.7139471005555275,0.2860528994444726,0.9843637457248289,1865.3348669545005,724.8904787696387,2590.225345724139,0.7201438554501582,0.2798561445498418,1.0061601614127147,-2.1662968306439625,0.11014947455861024,1.5266242566896502,9.823652122889381,0.4679054531113451,11.928331307248987,0xB08885e6026bab4333A80024Ec25a1a3e1FF2b8A
2023-04-20,17084048.0,"['0x9559Aaa82d9649C7A7b220E7c461d2E74c9a3593', '0xC02aaA39b223FE8D0A0e5C4F27eAD9083C756Cc2']",['1909578029624658351992' '783795172746298685666'],17083447.0,1003721707533911047,2762.272051600439,['2772540277947575207016' '50000'],0.5,2772540277947575207016,50000,2772552420305592551453,1.2142358017344436e+16,2.772546349126584e+21,1.003719509640693,1909.5780296246583,783.7951727462987,1950.195826364956,783.7951727462987,2733.9909991112545,0.7133146477069278,0.2866853522930723,0.9897616701176124,1995.1047736781568,783.7951727462987,2778.8999464244553,0.7179476815080049,0.28205231849199514,1.006019644160097,-1.6160692424707122,2.1197011076420074,1.5190714488700736,5.916025861848374,0.3455694180300572,9.900367836390513,0xB08885e6026bab4333A80024Ec25a1a3e1FF2b8A
2023-04-21,17091075.0,"['0x9559Aaa82d9649C7A7b220E7c461d2E74c9a3593', '0xC02aaA39b223FE8D0A0e5C4F27eAD9083C756Cc2']",['1590618740293696718706' '766872448532207531533'],17088113.0,1003765646750206992,2416.023562680152,['2425121453957381947038' '50000'],0.5,2425121453957381947038,50000,2425121453957381946637,0.0,2.425121453957382e+21,1.003765646750207,1590.6187402936966,766.8724485322075,1644.7151899383834,766.8724485322075,2411.5876384705907,0.6820051503421408,0.31799484965785935,0.9981639565614832,1662.0305527981918,766.8724485322075,2428.903001330399,0.6842720980985395,0.3157279019014606,1.0053308414906186,-0.7128881989245427,0.23115631329678754,1.4466077244493691,6.586676070333679,0.15091484325866722,8.415354951338502,0xB08885e6026bab4333A80024Ec25a1a3e1FF2b8A
2023-04-22,17098173.0,"['0x9559Aaa82d9649C7A7b220E7c461d2E74c9a3593', '0xC02aaA39b223FE8D0A0e5C4F27eAD9083C756Cc2']",['1733813235170819525374' '1086215864670495311132'],17098148.0,1003986398570510598,2885.0324340017664,['2896459871466070410555' '50000'],0.5,2896459871466070410555,50000,2896533323172547875387,7.345170647746483e+16,2.896496597319309e+21,1.003973668781824,1733.8132351708196,1086.2158646704954,1781.4350435219637,1086.2158646704954,2867.650908192459,0.621217540263588,0.378782459736412,0.9939752754234386,1812.2159333847533,1086.2158646704954,2898.4317980552487,0.6252401504153694,0.3747598495846306,1.0046444413919104,-1.0619842731314995,6.202730558910947,1.3615890395944974,10.035122063186446,0.2225685576797984,17.82201021937169,0xB08885e6026bab4333A80024Ec25a1a3e1FF2b8A
2023-04-23,17105310.0,"['0x9559Aaa82d9649C7A7b220E7c461d2E74c9a3593', '0xC02aaA39b223FE8D0A0e5C4F27eAD9083C756Cc2']",['1987558814240902866412' '937377864035208222259'],17105251.0,1004132321071060715,2997.8556677790316,['3009922085755268445886' '50000'],0.5,3009922085755268445886,50000,3010243769922993524424,3.216841677250785e+17,3.010082927839131e+21,1.0040786686935994,1987.5588142409028,937.3778640352082,2043.907660864614,937.3778640352082,2981.285524899822,0.6855793059047217,0.3144206940952783,0.9944726682283922,2077.7766399748375,937.3778640352082,3015.1545040100455,0.6891111673419954,0.3108888326580047,1.0057704032975776,-1.1232916610136863,2.270711628923347,1.5466163538466646,9.634318609151844,0.23306306605394947,13.684709657975805,0xB08885e6026bab4333A80024Ec25a1a3e1FF2b8A
2023-04-24,17112441.0,"['0x9559Aaa82d9649C7A7b220E7c461d2E74c9a3593', '0xC02aaA39b223FE8D0A0e5C4F27eAD9083C756Cc2']",['1874977554429565801115' '1053139660391208222259'],17105580.0,1004147894556013757,2997.8556677790316,['3009922085755268445886' '50000'],0.5,3009922085755268445886,50000,3010290456983127072847,3.6837122785862694e+17,3.0101062713691975e+21,1.0040864554360758,1874.9775544295658,1053.1396603912083,1916.0146538630497,1053.1396603912083,2969.1543142542578,0.6453065253849165,0.3546934746150835,0.9904260389073243,1960.3085185179414,1053.1396603912083,3013.4481789091496,0.650520069413492,0.3494799305865079,1.0052012214256032,-1.4698731162825647,0.0,1.5034202055904151,9.552204343381778,0.3019228359027604,11.357547384874954,0xB08885e6026bab4333A80024Ec25a1a3e1FF2b8A
2023-04-25,17119572.0,"['0x9559Aaa82d9649C7A7b220E7c461d2E74c9a3593', '0xC02aaA39b223FE8D0A0e5C4F27eAD9083C756Cc2']",['2108348345134548941993' '952190328551645887531'],17116660.0,1004209157637443439,3137.704146991264,['3150777199384652270285' '50000'],0.5,3150777199384652270285,50000,3150911238365610596950,1.3403898095832667e+17,3.1508442188751317e+21,1.0041877982334528,2108.348345134549,952.1903285516458,2157.3888887753533,952.1903285516458,3109.5792173269992,0.6937880459047605,0.3062119540952395,0.9910364622199216,2204.555724523835,952.1903285516458,3156.746053075481,0.6983633423334867,0.30163665766651326,1.0060687385400806,-1.4941599658461262,2.06697102039677,1.6169867545899619,9.10159183039221,0.3038424195200933,13.089392024899034,0xB08885e6026bab4333A80024Ec25a1a3e1FF2b8A
2023-04-26,17126695.0,"['0x9559Aaa82d9649C7A7b220E7c461d2E74c9a3593', '0xC02aaA39b223FE8D0A0e5C4F27eAD9083C756Cc2']",['2111455053517959049342' '979704820833309437085'],17124570.0,1004252263894103846,3168.7793973519047,['3182172726812007827431' '50000'],0.5,3182172726812007827431,50000,3182253883571644532706,8.115675963670528e+16,3.1822133051918265e+21,1.0042394582125687,2111.455053517959,979.7048208333094,2155.1511455425252,979.7048208333094,3134.8559663758347,0.6874801166811076,0.31251988331889236,0.9892944800750664,2208.0434835184183,979.7048208333094,3187.7483043517277,0.692665566005988,0.3073344339940119,1.0059861873047,-1.6592382122417697,0.2828397938705811,1.5948859074820216,10.71734891176148,0.33403751595995845,12.92911212907404,0xB08885e6026bab4333A80024Ec25a1a3e1FF2b8A
2023-04-27,17133820.0,"['0x9559Aaa82d9649C7A7b220E7c461d2E74c9a3593', '0xC02aaA39b223FE8D0A0e5C4F27eAD9083C756Cc2']",['2183967717823768895481' '941940459115149071479'],17133652.0,1004346767935569334,3205.555594312841,['3219451633398301874501' '50000'],0.5,3219451633398301874501,50000,3219489400585885200400,3.7767187583325896e+16,3.2194705169920935e+21,1.0043408770398303,2183.967717823769,941.9404591151491,2199.1735623552736,941.9404591151491,3141.114021470423,0.7001253527644289,0.2998746472355711,0.9798969099282672,2284.129496325141,941.9404591151491,3226.0699554402904,0.7080223082184856,0.29197769178151445,1.0063996273107367,-2.633418839123493,2.0649404027874017,1.6212194715115367,10.699224781223393,0.5248577776251473,14.910242433147477,0xB08885e6026bab4333A80024Ec25a1a3e1FF2b8A
2023-04-28,17140930.0,"['0x9559Aaa82d9649C7A7b220E7c461d2E74c9a3593', '0xC02aaA39b223FE8D0A0e5C4F27eAD9083C756Cc2']",['2103647917219195926476' '688324372843770362020'],17139198.0,1004424990488095714,2865.3331222155834,['2878012194026613212821' '50000'],0.5,2878012194026613212821,50000,2878012194026613211648,0.0,2.878012194026613e+21,1.0044249904880957,2103.6479172191957,688.3243728437703,2123.901160060045,688.3243728437703,2812.2255329038153,0.7552385593579942,0.2447614406420058,0.9814654746772677,2200.335249134645,688.3243728437703,2888.659621978415,0.7617149602512381,0.23828503974876195,1.008140938162469,-2.6460053823250647,1.3267699347802628,1.730101424211661,11.817864657940675,0.5220926952749438,15.396828712207542,0xB08885e6026bab4333A80024Ec25a1a3e1FF2b8A
2023-04-29,17148051.0,"['0x9559Aaa82d9649C7A7b220E7c461d2E74c9a3593', '0xC02aaA39b223FE8D0A0e5C4F27eAD9083C756Cc2']",['2103647917219195926476' '688324372843770362020'],17139198.0,1004424990488095714,2865.3331222155834,['2878012194026613212821' '50000'],0.5,2878012194026613212821,50000,2878012194026613211648,0.0,2.878012194026613e+21,1.0044249904880957,2103.6479172191957,688.3243728437703,2120.0072725241816,688.3243728437703,2808.3316453679518,0.7548991857927148,0.24510081420728536,0.9801065096390761,2200.635174779256,688.3243728437703,2888.959547623026,0.7617396984979908,0.23826030150200922,1.0082456120805856,-2.790897585305877,0.0,1.7232694976210752,11.80566568929364,0.5451750702243898,14.074110257139106,0xB08885e6026bab4333A80024Ec25a1a3e1FF2b8A
2023-04-30,17155164.0,"['0x9559Aaa82d9649C7A7b220E7c461d2E74c9a3593', '0xC02aaA39b223FE8D0A0e5C4F27eAD9083C756Cc2']",['2034141440697764232867' '670267185895402511185'],17154912.0,1004565017915341130,2775.6470672119813,['2788143288148458737998' '50000'],0.5,2788143288148458737998,50000,2788317945800468250436,1.7465765200951245e+17,2.788230616974464e+21,1.004533555404478,2034.1414406977642,670.2671858954025,2051.3674613286157,670.2671858954025,2721.6346472240184,0.7537262444174665,0.24627375558253342,0.9805406023604377,2128.161521578048,670.2671858954025,2798.4287074734502,0.7604844518263428,0.23951554817365722,1.0082076862474998,-2.74418497939027,2.2314163383758294,1.7137458046226914,12.058491768009333,0.530689708664826,16.53434361967268,0xB08885e6026bab4333A80024Ec25a1a3e1FF2b8A
2023-05-01,17162287.0,"['0x9559Aaa82d9649C7A7b220E7c461d2E74c9a3593', '0xC02aaA39b223FE8D0A0e5C4F27eAD9083C756Cc2']",['2034141440697764232867' '670267185895402511185'],17154912.0,1004565017915341130,2775.6470672119813,['2788143288148458737998' '50000'],0.5,2788143288148458737998,50000,2788317945800468250436,1.7465765200951245e+17,2.788230616974464e+21,1.004533555404478,2034.1414406977642,670.2671858954025,2054.85334549004,670.2671858954025,2725.1205313854425,0.7540412696701378,0.24595873032986207,0.981796483989843,2128.535357848413,670.2671858954025,2798.8025437438155,0.760516443936477,0.23948355606352287,1.0083423706152572,-2.6326263181043177,0.0,1.7261112282516347,11.937601263691963,0.5040245563721663,14.167737048315763,0xB08885e6026bab4333A80024Ec25a1a3e1FF2b8A
